iso3,year,crisis_next_12m,banking_crisis_next_12m,debt_crisis_next_12m,crisis_any,banking_crisis,currency_crisis,debt_crisis,inflation,gdp_growth,unemployment,real_interest_rate_10y
AGO,1960.0,0.0,0.0,0.0,0,0,0,0,1.6122246691011606,-4.40000121865036,1.343694642079186,6.9346889958333335
AGO,1961.0,0.0,0.0,0.0,0,0,0,0,1.6122246691011606,-4.40000121865036,1.343694642079186,6.9346889958333335
AGO,1962.0,0.0,0.0,0.0,0,0,0,0,1.6122246691011606,-4.40000121865036,1.343694642079186,6.9346889958333335
AGO,1963.0,0.0,0.0,0.0,0,0,0,0,1.6122246691011606,-4.40000121865036,1.343694642079186,6.9346889958333335
AGO,1964.0,0.0,0.0,0.0,0,0,0,0,1.6122246691011606,-4.40000121865036,1.343694642079186,6.9346889958333335
AGO,1965.0,0.0,0.0,0.0,0,0,0,0,1.6122246691011606,-4.40000121865036,1.343694642079186,6.9346889958333335
AGO,1966.0,0.0,0.0,0.0,0,0,0,0,1.6122246691011606,-4.40000121865036,1.343694642079186,6.9346889958333335
AGO,1967.0,0.0,0.0,0.0,0,0,0,0,1.6122246691011606,-4.40000121865036,1.343694642079186,6.9346889958333335
AGO,1968.0,0.0,0.0,0.0,0,0,0,0,1.6122246691011606,-4.40000121865036,1.343694642079186,6.9346889958333335
AGO,1969.0,0.0,0.0,0.0,0,0,0,0,1.6122246691011606,-4.40000121865036,1.343694642079186,6.9346889958333335
AGO,1970.0,0.0,0.0,0.0,0,0,0,0,1.6122246691011606,-4.40000121865036,1.343694642079186,6.9346889958333335
AGO,1971.0,0.0,0.0,0.0,0,0,0,0,1.6122246691011606,-4.40000121865036,1.343694642079186,6.9346889958333335
AGO,1972.0,0.0,0.0,0.0,0,0,0,0,1.6122246691011606,-4.40000121865036,1.343694642079186,6.9346889958333335
AGO,1973.0,0.0,0.0,0.0,0,0,0,0,1.6122246691011606,-4.40000121865036,1.343694642079186,6.9346889958333335
AGO,1974.0,0.0,0.0,0.0,0,0,0,0,1.6122246691011606,-4.40000121865036,1.343694642079186,6.9346889958333335
AGO,1975.0,1.0,0.0,1.0,0,0,0,0,1.6122246691011606,-4.40000121865036,1.343694642079186,6.9346889958333335
AGO,1976.0,0.0,0.0,0.0,1,0,0,1,1.6122246691011606,-4.40000121865036,1.343694642079186,6.9346889958333335
AGO,1977.0,0.0,0.0,0.0,0,0,0,0,1.6122246691011606,-4.40000121865036,1.343694642079186,6.9346889958333335
AGO,1978.0,0.0,0.0,0.0,0,0,0,0,1.6122246691011606,-4.40000121865036,1.343694642079186,6.9346889958333335
AGO,1979.0,0.0,0.0,0.0,0,0,0,0,1.6122246691011606,-4.40000121865036,1.343694642079186,6.9346889958333335
AGO,1980.0,0.0,0.0,0.0,0,0,0,0,1.6122246691011606,-4.40000121865036,1.343694642079186,6.9346889958333335
AGO,1981.0,0.0,0.0,0.0,0,0,0,0,1.6122246691011606,-4.40000121865036,1.343694642079186,6.9346889958333335
AGO,1982.0,0.0,0.0,0.0,0,0,0,0,1.6122246691011606,0.0,1.343694642079186,6.9346889958333335
AGO,1983.0,0.0,0.0,0.0,0,0,0,0,1.6122246691011606,4.20000142853753,1.343694642079186,5.888257380833333
AGO,1984.0,1.0,0.0,1.0,0,0,0,0,1.6122246691011606,6.00000216509056,1.343694642079186,6.6373992375
AGO,1985.0,1.0,0.0,1.0,1,0,0,1,1.6122246691011606,3.49999949008608,1.4296866939963488,5.660392525833333
AGO,1986.0,1.0,0.0,1.0,1,0,0,1,1.6122246691011606,2.90000174246853,1.8655226248103882,4.048303089166667
AGO,1987.0,1.0,0.0,1.0,1,0,0,1,1.6122246691011606,4.08274863510731,1.8914501692285504,4.218014031666667
AGO,1988.0,1.0,0.0,1.0,1,0,0,1,1.6122246691011606,6.12889047765088,1.9170826606870897,4.452901190833333
AGO,1989.0,1.0,0.0,1.0,1,0,0,1,1.6122246691011606,0.0416214618373516,1.942427198695996,4.4047298725
AGO,1990.0,1.0,0.0,1.0,1,0,0,1,1.6122246691011606,-3.45009868500237,1.9674906241807821,4.3208969375
AGO,1991.0,1.0,1.0,1.0,1,0,0,1,1.6122246691011606,0.991359302044742,1.9922795320173763,3.9339278958333335
AGO,1992.0,1.0,1.0,1.0,1,1,0,1,2.727496194766731,-5.83828073313154,2.016800282812056,3.38244437
AGO,1993.0,1.0,1.0,1.0,1,1,0,1,4.343517668796928,-23.9834174420578,2.041059013980513,2.7144275875
AGO,1994.0,1.0,1.0,1.0,1,1,0,1,3.9183045111668284,1.33936343648007,2.065061650175747,3.5351682466666667
AGO,1995.0,1.0,1.0,1.0,1,1,0,1,5.150142804680441,15.0000000288633,2.0888139131103096,3.3100514933333334
AGO,1996.0,1.0,1.0,1.0,1,1,0,1,5.730279561750082,13.5443697551025,2.112321330814826,3.1400511850000004
AGO,1997.0,1.0,1.0,1.0,1,1,0,1,2.43581457476081,7.27427735460373,2.1355892463713104,3.199334816666666
AGO,1998.0,1.0,0.0,1.0,1,1,0,1,1.8135686435965654,4.69114645093552,2.1586228261567957,2.626002385
AGO,1999.0,1.0,0.0,1.0,1,0,0,1,2.55047940986837,2.18148971840462,2.1814270676299294,2.8869701641666663
AGO,2000.0,1.0,0.0,1.0,1,0,0,1,2.8058355170002254,3.05462423430785,2.204006806690813,3.1165892308333336
AGO,2001.0,1.0,0.0,1.0,1,0,0,1,2.112577565502376,4.20599855619506,2.2263667246418786,2.237447555
AGO,2002.0,1.0,0.0,1.0,1,0,0,1,1.8259438330302407,13.6656887608562,2.248511354775625,2.0336032691666666
AGO,2003.0,0.0,0.0,0.0,1,0,0,1,1.740907445420899,3.48731240097521,2.270445088613052,1.4457960183333334
AGO,2004.0,0.0,0.0,0.0,0,0,0,0,1.1125928459752297,11.4198633904585,2.2921721818148453,1.7008579225
AGO,2005.0,0.0,0.0,0.0,0,0,0,0,0.6696871437781471,14.1547775343954,1.9405421758701629,1.8895054916666665
AGO,2006.0,0.0,0.0,0.0,0,0,0,0,0.3282772830216245,11.8418178757044,1.5238325634515146,2.2836022075
AGO,2007.0,0.0,0.0,0.0,0,0,0,0,0.27955630220762223,13.0026889457975,1.0091118313749887,2.0393217333333333
AGO,2008.0,0.0,0.0,0.0,0,0,0,0,0.29020357643451045,10.7866360496581,0.3280210751090268,1.3017102483333334
AGO,2009.0,0.0,0.0,0.0,0,0,0,0,0.3470536103528721,1.99558909788963,-0.707942753850052,1.0468915
AGO,2010.0,0.0,0.0,0.0,0,0,0,0,0.3786207630082866,5.29366572819954,0.6429286980899638,0.8691600608333333
AGO,2011.0,0.0,0.0,0.0,0,0,0,0,0.3361651826103217,3.59386960240222,1.644128774067807,0.5260605291666667
AGO,2012.0,0.0,0.0,0.0,0,0,0,0,0.17846805955849798,8.50312283866612,1.365264643398707,-0.0132494616666666
AGO,2013.0,0.0,0.0,0.0,0,0,0,0,0.09077881780707739,4.88306129688392,1.0453409492591301,0.2878436908333333
AGO,2014.0,0.0,0.0,0.0,0,0,0,0,-0.009282419969697248,4.65572356315585,0.6687325011354506,0.61196865
AGO,2015.0,0.0,0.0,0.0,0,0,0,0,0.12587416105837498,0.763177710914789,0.6687325011354506,0.5890241975
ARG,1960.0,1.0,0.0,1.0,1,0,0,1,-0.11482597086615899,5.42784287621933,-0.38570189128515603,6.9346889958333335
ARG,1961.0,1.0,0.0,1.0,1,0,0,1,-0.11482597086615899,5.42784287621933,-0.38570189128515603,6.9346889958333335
ARG,1962.0,1.0,0.0,1.0,1,0,0,1,-0.11482597086615899,-0.852021521903339,-0.38570189128515603,6.9346889958333335
ARG,1963.0,1.0,0.0,1.0,1,0,0,1,-0.11482597086615899,-5.30819682539126,-0.38570189128515603,6.9346889958333335
ARG,1964.0,1.0,0.0,1.0,1,0,0,1,-0.11482597086615899,10.1302976615431,-0.38570189128515603,6.9346889958333335
ARG,1965.0,0.0,0.0,0.0,1,0,0,1,-0.11482597086615899,10.5694333376394,-0.38570189128515603,6.9346889958333335
ARG,1966.0,0.0,0.0,0.0,0,0,0,0,-0.11482597086615899,-0.659726170629824,-0.38570189128515603,6.9346889958333335
ARG,1967.0,0.0,0.0,0.0,0,0,0,0,-0.11482597086615899,3.19199662339177,-0.38570189128515603,6.9346889958333335
ARG,1968.0,0.0,0.0,0.0,0,0,0,0,-0.11482597086615899,4.82250077932424,-0.38570189128515603,6.9346889958333335
ARG,1969.0,0.0,0.0,0.0,0,0,0,0,-0.11482597086615899,9.67952601078326,-0.38570189128515603,6.9346889958333335
ARG,1970.0,0.0,0.0,0.0,0,0,0,0,-0.11482597086615899,3.04564331917115,-0.38570189128515603,6.9346889958333335
ARG,1971.0,0.0,0.0,0.0,0,0,0,0,-0.11482597086615899,5.65813108184925,-0.06420046955231609,6.9346889958333335
ARG,1972.0,0.0,0.0,0.0,0,0,0,0,-0.11482597086615899,1.62841651825939,0.07877482732654643,6.9346889958333335
ARG,1973.0,0.0,0.0,0.0,0,0,0,0,-0.11482597086615899,2.81175403849035,-0.1656050452645353,6.9346889958333335
ARG,1974.0,0.0,0.0,0.0,0,0,0,0,-0.11482597086615899,5.5338043957736,-0.8445807248221713,6.9346889958333335
ARG,1975.0,0.0,0.0,0.0,0,0,0,0,-0.11482597086615899,-0.0284121037110907,-1.3059959666306669,6.9346889958333335
ARG,1976.0,0.0,0.0,0.0,0,0,0,0,-0.11482597086615899,-2.01825151683394,-0.47514861648236345,6.9346889958333335
ARG,1977.0,0.0,0.0,0.0,0,0,0,0,-0.11482597086615899,6.93414775653342,-1.0817793229562096,6.9346889958333335
ARG,1978.0,0.0,0.0,0.0,0,0,0,0,-0.11482597086615899,-4.50612480201359,-1.0817793229562096,6.9346889958333335
ARG,1979.0,1.0,1.0,0.0,0,0,0,0,-0.11482597086615899,10.2227634638681,-1.4552637211980184,6.9346889958333335
ARG,1980.0,1.0,1.0,0.0,1,1,0,0,-0.11482597086615899,1.51878394990179,-1.3059959666306669,6.9346889958333335
ARG,1981.0,1.0,1.0,1.0,1,1,0,0,-0.11482597086615899,-5.18978914135593,-0.47514861648236345,6.9346889958333335
ARG,1982.0,1.0,0.0,1.0,1,1,0,1,-0.11482597086615899,-0.735659159103619,-0.40620397743822995,6.9346889958333335
ARG,1983.0,1.0,0.0,1.0,1,0,0,1,-0.11482597086615899,4.34909327926756,-0.5786165992307736,5.888257380833333
ARG,1984.0,1.0,0.0,1.0,1,0,0,1,-0.11482597086615899,1.57073870182023,-0.7933396781841339,6.6373992375
ARG,1985.0,1.0,0.0,1.0,1,0,0,1,-0.11482597086615899,-5.18902435343904,-0.24525369406715075,5.660392525833333
ARG,1986.0,1.0,0.0,1.0,1,0,0,1,-0.11482597086615899,6.15337706275693,-0.5059150274585937,4.048303089166667
ARG,1987.0,1.0,0.0,1.0,1,0,0,1,-0.11482597086615899,2.70486882770558,-0.24525369406715075,4.218014031666667
ARG,1988.0,1.0,1.0,1.0,1,0,0,1,-0.11482597086615899,-1.08993334133791,-0.06420046955231609,4.452901190833333
ARG,1989.0,1.0,1.0,1.0,1,1,0,1,-0.11482597086615899,-7.15694965597953,0.23358350767421485,4.4047298725
ARG,1990.0,1.0,0.0,1.0,1,1,0,1,-0.11482597086615899,-2.46721377810472,0.18183997983854328,4.3208969375
ARG,1991.0,1.0,0.0,1.0,1,0,0,1,-0.11482597086615899,9.13311056738961,-0.20768015184108565,3.9339278958333335
ARG,1992.0,1.0,0.0,1.0,1,0,0,1,-0.11482597086615899,7.93729155643076,0.02281374224678719,3.38244437
ARG,1993.0,0.0,0.0,0.0,1,0,0,1,-0.11482597086615899,8.20697907221228,0.7565250752858184,2.7144275875
ARG,1994.0,1.0,1.0,0.0,0,0,0,0,-0.11482597086615899,5.83620070368526,1.014024882673158,3.5351682466666667
ARG,1995.0,1.0,1.0,0.0,1,1,0,0,-0.11482597086615899,-2.84520961057079,1.8556041932558003,3.3100514933333334
ARG,1996.0,0.0,0.0,0.0,1,1,0,0,-0.11482597086615899,5.52668982715234,1.6809765597341928,3.1400511850000004
ARG,1997.0,0.0,0.0,0.0,0,0,0,0,-0.11482597086615899,8.1110467707457,1.4200287876491668,3.199334816666666
ARG,1998.0,0.0,0.0,0.0,0,0,0,0,-0.11482597086615899,3.85017885156228,1.1402069476730785,2.626002385
ARG,1999.0,0.0,0.0,0.0,0,0,0,0,-0.11482597086615899,-3.38545704063269,1.3248175941401072,2.8869701641666663
ARG,2000.0,1.0,1.0,1.0,0,0,0,0,-0.11482597086615899,-0.78899893905691,1.44169941004096,3.1165892308333336
ARG,2001.0,1.0,1.0,1.0,1,1,0,1,-0.11482597086615899,-4.40883968258557,1.703433939215484,2.237447555
ARG,2002.0,1.0,1.0,1.0,1,1,0,1,-0.11482597086615899,-10.8944848285903,1.9327942143076657,2.0336032691666666
ARG,2003.0,1.0,0.0,1.0,1,1,0,1,-0.11482597086615899,8.83704079576924,1.484407670689712,1.4457960183333334
ARG,2004.0,1.0,0.0,1.0,1,0,0,1,-0.11482597086615899,9.02957330068152,1.2570326276640118,1.7008579225
ARG,2005.0,0.0,0.0,0.0,1,0,0,1,-0.11482597086615899,8.85165992013437,0.9765999568658452,1.8895054916666665
ARG,2006.0,0.0,0.0,0.0,0,0,0,0,-0.11482597086615899,8.04715150043027,0.7528916282440075,2.2836022075
ARG,2007.0,0.0,0.0,0.0,0,0,0,0,-0.11482597086615899,9.00765087504757,0.4684806784218469,2.0393217333333333
ARG,2008.0,0.0,0.0,0.0,0,0,0,0,-0.11482597086615899,4.05723310346406,0.34477261858123637,1.3017102483333334
ARG,2009.0,0.0,0.0,0.0,0,0,0,0,-0.11482597086615899,-5.91852507634947,0.5014016911044313,1.0468915
ARG,2010.0,0.0,0.0,0.0,0,0,0,0,-0.11482597086615899,10.1253981561002,0.3198379860603564,0.8691600608333333
ARG,2011.0,0.0,0.0,0.0,0,0,0,0,-0.11482597086615899,6.00395169280579,0.20787794315111474,0.5260605291666667
ARG,2012.0,0.0,0.0,0.0,0,0,0,0,-0.11482597086615899,-1.0264204544321,0.21583884588914212,-0.0132494616666666
ARG,2013.0,1.0,0.0,1.0,0,0,0,0,-0.11482597086615899,2.40532378079436,0.19055680276884043,0.2878436908333333
ARG,2014.0,1.0,0.0,1.0,1,0,0,1,-0.11482597086615899,-2.51261532081394,0.22676067890023527,0.61196865
ARG,2015.0,1.0,0.0,1.0,1,0,0,1,-0.11482597086615899,2.73115982828944,0.22676067890023527,0.5890241975
AUS,1960.0,0.0,0.0,0.0,0,0,0,0,-0.3307665874462476,2.48085739405019,0.00022007603480332492,6.9346889958333335
AUS,1961.0,0.0,0.0,0.0,0,0,0,0,-0.5269951901027664,2.48085739405019,0.00022007603480332492,6.9346889958333335
AUS,1962.0,0.0,0.0,0.0,0,0,0,0,-1.2708053176976388,1.29693177230521,0.00022007603480332492,6.9346889958333335
AUS,1963.0,0.0,0.0,0.0,0,0,0,0,-0.8768128730970907,6.21437634985244,0.00022007603480332492,6.9346889958333335
AUS,1964.0,0.0,0.0,0.0,0,0,0,0,-0.44064117902385935,6.97757189326991,0.00022007603480332492,6.9346889958333335
AUS,1965.0,0.0,0.0,0.0,0,0,0,0,-0.3697295402681552,5.97750537090864,0.00022007603480332492,6.9346889958333335
AUS,1966.0,0.0,0.0,0.0,0,0,0,0,-0.38383026622379735,2.3810335009272,0.00022007603480332492,6.9346889958333335
AUS,1967.0,0.0,0.0,0.0,0,0,0,0,-0.3607566535670054,6.30689948609215,0.00022007603480332492,6.9346889958333335
AUS,1968.0,0.0,0.0,0.0,0,0,0,0,-0.4906857949881528,5.09512980987455,0.00022007603480332492,6.9346889958333335
AUS,1969.0,0.0,0.0,0.0,0,0,0,0,-0.3857051254006216,7.04760243224727,0.00022007603480332492,6.9346889958333335
AUS,1970.0,0.0,0.0,0.0,0,0,0,0,-0.3655683756396309,7.17469983682571,0.00022007603480332492,6.9346889958333335
AUS,1971.0,0.0,0.0,0.0,0,0,0,0,-0.09679875012604497,4.0009865700372,0.00022007603480332492,6.9346889958333335
AUS,1972.0,0.0,0.0,0.0,0,0,0,0,-0.10618857441631015,3.90697856876663,0.00022007603480332492,6.9346889958333335
AUS,1973.0,0.0,0.0,0.0,0,0,0,0,0.11000114405210332,2.6185458738897,0.00022007603480332492,6.9346889958333335
AUS,1974.0,0.0,0.0,0.0,0,0,0,0,0.4171935497670243,4.10661101328289,0.00022007603480332492,6.9346889958333335
AUS,1975.0,0.0,0.0,0.0,0,0,0,0,0.40703282378260275,1.33870055771159,0.00022007603480332492,6.9346889958333335
AUS,1976.0,0.0,0.0,0.0,0,0,0,0,0.32906755685952055,2.58782205117312,0.00022007603480332492,6.9346889958333335
AUS,1977.0,0.0,0.0,0.0,0,0,0,0,0.2823393861510969,3.59237581967973,0.00022007603480332492,6.9346889958333335
AUS,1978.0,0.0,0.0,0.0,0,0,0,0,0.04093623479566837,0.895363440295682,0.00022007603480332492,6.9346889958333335
AUS,1979.0,0.0,0.0,0.0,0,0,0,0,0.11188200724853513,4.05155094854514,0.00022007603480332492,6.9346889958333335
AUS,1980.0,0.0,0.0,0.0,0,0,0,0,0.17061273963325957,3.03453508064058,-0.03842399704558841,6.9346889958333335
AUS,1981.0,0.0,0.0,0.0,0,0,0,0,0.13362980186892467,3.34242019351289,-0.11830907282056734,6.9346889958333335
AUS,1982.0,0.0,0.0,0.0,0,0,0,0,0.23521952108912433,3.32864998005238,0.2042096530186765,6.9346889958333335
AUS,1983.0,0.0,0.0,0.0,0,0,0,0,0.16520296011981364,-2.22582353017135,0.733461461440115,5.888257380833333
AUS,1984.0,0.0,0.0,0.0,0,0,0,0,-0.3042493852995266,4.5644786594345,0.5642562819169166,6.6373992375
AUS,1985.0,0.0,0.0,0.0,0,0,0,0,-0.04968865686251944,5.28169814609451,0.42787791155741983,5.660392525833333
AUS,1986.0,0.0,0.0,0.0,0,0,0,0,0.10754049712901285,3.96976309787884,0.3933498533111125,4.048303089166667
AUS,1987.0,0.0,0.0,0.0,0,0,0,0,0.0753741597134874,2.5567680273608,0.39826225172245494,4.218014031666667
AUS,1988.0,1.0,1.0,0.0,0,0,0,0,-0.013931999160629097,5.76137011855324,0.2177705340658708,4.452901190833333
AUS,1989.0,1.0,1.0,0.0,1,1,0,0,0.00870796793067845,3.87901779350344,-0.02142439896918575,4.4047298725
AUS,1990.0,1.0,1.0,0.0,1,1,0,0,-0.0055083284816507564,3.57297569098456,0.15235993619363083,4.3208969375
AUS,1991.0,1.0,1.0,0.0,1,1,0,0,-0.3988502416169363,-0.384631357046658,0.6687325011354506,3.9339278958333335
AUS,1992.0,0.0,0.0,0.0,1,1,0,0,-0.7774561260957022,0.433065864126704,0.8578306592479571,3.38244437
AUS,1993.0,0.0,0.0,0.0,0,0,0,0,-0.6192947225121918,4.04583374101011,0.8805075514137654,2.7144275875
AUS,1994.0,0.0,0.0,0.0,0,0,0,0,-0.5802325078239361,3.97884434177331,0.6926892745240038,3.5351682466666667
AUS,1995.0,0.0,0.0,0.0,0,0,0,0,-0.23343031683551815,3.89017188961647,0.4682910325659274,3.3100514933333334
AUS,1996.0,0.0,0.0,0.0,0,0,0,0,-0.4765964266791313,3.86567479160071,0.4752962763211772,3.1400511850000004
AUS,1997.0,0.0,0.0,0.0,0,0,0,0,-1.0147184210929694,3.91795814771731,0.4478968602793679,3.199334816666666
AUS,1998.0,0.0,0.0,0.0,0,0,0,0,-0.8160674267815091,4.67681373479508,0.31207227447442903,2.626002385
AUS,1999.0,0.0,0.0,0.0,0,0,0,0,-0.672160395060573,5.02822035850596,0.14035639050202056,2.8869701641666663
AUS,2000.0,0.0,0.0,0.0,0,0,0,0,-0.2507823134840846,3.9160574881715,0.0045207700352636335,3.1165892308333336
AUS,2001.0,0.0,0.0,0.0,0,0,0,0,-0.25599633043844944,2.03145880248898,0.11116049197005573,2.237447555
AUS,2002.0,0.0,0.0,0.0,0,0,0,0,-0.4247860085141588,3.94980535772942,0.024704687060281682,2.0336032691666666
AUS,2003.0,0.0,0.0,0.0,0,0,0,0,-0.4595357545608733,3.0912800997751,-0.08182285635306447,1.4457960183333334
AUS,2004.0,0.0,0.0,0.0,0,0,0,0,-0.5181367422826821,4.21894147547516,-0.21967868353640627,1.7008579225
AUS,2005.0,0.0,0.0,0.0,0,0,0,0,-0.46541577946459484,3.15548121323168,-0.319267116170868,1.8895054916666665
AUS,2006.0,0.0,0.0,0.0,0,0,0,0,-0.3513850662217814,2.7709261737475,-0.3909530718425133,2.2836022075
AUS,2007.0,0.0,0.0,0.0,0,0,0,0,-0.5206129036217597,3.78947119882653,-0.5130618258200179,2.0393217333333333
AUS,2008.0,0.0,0.0,0.0,0,0,0,0,-0.26193886505850733,3.62398503565633,-0.5581066436846214,1.3017102483333334
AUS,2009.0,0.0,0.0,0.0,0,0,0,0,-0.6160392344308908,1.95484826298522,-0.17577783399030183,1.0468915
AUS,2010.0,0.0,0.0,0.0,0,0,0,0,-0.4334289557428566,2.21004795300735,-0.26952172535528984,0.8691600608333333
AUS,2011.0,0.0,0.0,0.0,0,0,0,0,-0.3825047231910163,2.39473494330615,-0.30552250057600716,0.5260605291666667
AUS,2012.0,0.0,0.0,0.0,0,0,0,0,-0.6175911448406095,3.95247138119184,-0.2659580388566979,-0.0132494616666666
AUS,2013.0,0.0,0.0,0.0,0,0,0,0,-0.5015214215739614,2.65445302592404,-0.14954077526727627,0.2878436908333333
AUS,2014.0,0.0,0.0,0.0,0,0,0,0,-0.4957027903292388,2.60118978187332,-0.045264931561518985,0.61196865
AUS,2015.0,0.0,0.0,0.0,0,0,0,0,-0.66702255636179,2.16434780647852,-0.05090202589325927,0.5890241975
AUT,1960.0,0.0,0.0,0.0,0,0,0,0,-0.5844288084006783,5.53797931684521,-1.0817793229562096,6.9346889958333335
AUT,1961.0,0.0,0.0,0.0,0,0,0,0,-0.35296283158123154,5.53797931684521,-1.0817793229562096,6.9346889958333335
AUT,1962.0,0.0,0.0,0.0,0,0,0,0,-0.258638665241268,2.64867511295262,-1.0817793229562096,6.9346889958333335
AUT,1963.0,0.0,0.0,0.0,0,0,0,0,-0.4629661454460031,4.13826758157036,-1.0817793229562096,6.9346889958333335
AUT,1964.0,0.0,0.0,0.0,0,0,0,0,-0.3146333805093983,6.12435373762845,-1.0817793229562096,6.9346889958333335
AUT,1965.0,0.0,0.0,0.0,0,0,0,0,-0.20364506135184524,3.48017491799546,-1.0817793229562096,6.9346889958333335
AUT,1966.0,0.0,0.0,0.0,0,0,0,0,-0.565501378185976,5.64286141093314,-1.0817793229562096,6.9346889958333335
AUT,1967.0,0.0,0.0,0.0,0,0,0,0,-0.30265003048459366,3.00804779775473,-1.0817793229562096,6.9346889958333335
AUT,1968.0,0.0,0.0,0.0,0,0,0,0,-0.45492058531741275,4.47231278246069,-1.0817793229562096,6.9346889958333335
AUT,1969.0,0.0,0.0,0.0,0,0,0,0,-0.41151354171517907,6.27586716606976,-1.0817793229562096,6.9346889958333335
AUT,1970.0,0.0,0.0,0.0,0,0,0,0,-0.25957716496459327,7.12287550213442,-1.2588778035673125,6.9346889958333335
AUT,1971.0,0.0,0.0,0.0,0,0,0,0,-0.22578587135912231,5.11496844003607,-1.735924613761426,6.9346889958333335
AUT,1972.0,0.0,0.0,0.0,0,0,0,0,-0.07927778671796167,6.20786057271572,-1.8621768349957615,6.9346889958333335
AUT,1973.0,0.0,0.0,0.0,0,0,0,0,0.008510099157707512,4.89043598428583,-1.9289509031107792,6.9346889958333335
AUT,1974.0,0.0,0.0,0.0,0,0,0,0,0.13562551416712437,3.94213819626765,-1.8621768349957615,6.9346889958333335
AUT,1975.0,0.0,0.0,0.0,0,0,0,0,0.0697676103705214,-0.363735781670002,-1.4552637211980184,6.9346889958333335
AUT,1976.0,0.0,0.0,0.0,0,0,0,0,-0.006534251952428277,4.57844491490252,-1.4552637211980184,6.9346889958333335
AUT,1977.0,0.0,0.0,0.0,0,0,0,0,-0.15160982593737313,5.0799812066944,-1.5622178062906473,6.9346889958333335
AUT,1978.0,0.0,0.0,0.0,0,0,0,0,-0.3490908497767742,-0.21065365212003,-1.4041100327563103,6.9346889958333335
AUT,1979.0,0.0,0.0,0.0,0,0,0,0,-0.3332749857176299,5.35669993923946,-1.4552637211980184,6.9346889958333335
AUT,1980.0,0.0,0.0,0.0,0,0,0,0,-0.08141846663052259,1.731485495966,-1.5079331211714273,6.9346889958333335
AUT,1981.0,0.0,0.0,0.0,0,0,0,0,-0.04449473885180017,-0.144294731083647,-1.4243956029058973,6.9346889958333335
AUT,1982.0,0.0,0.0,0.0,0,0,0,0,-0.15683112369405183,2.01125455462991,-0.8632275597983312,6.9346889958333335
AUT,1983.0,0.0,0.0,0.0,0,0,0,0,-0.3780402326751905,2.97308783817583,-0.5980476313874177,5.888257380833333
AUT,1984.0,0.0,0.0,0.0,0,0,0,0,-0.13681100709074503,0.0512751573205321,-0.7017432522947374,6.6373992375
AUT,1985.0,0.0,0.0,0.0,0,0,0,0,-0.397180300128935,2.49867884980837,-0.7718018356598221,5.660392525833333
AUT,1986.0,0.0,0.0,0.0,0,0,0,0,-0.6283754607530222,2.30139279474186,-0.9514982840980221,4.048303089166667
AUT,1987.0,0.0,0.0,0.0,0,0,0,0,-0.6889995266601208,1.35716799468845,-0.705184901197239,4.218014031666667
AUT,1988.0,0.0,0.0,0.0,0,0,0,0,-0.5897471593602833,3.2958798164712,-0.7897327929866887,4.452901190833333
AUT,1989.0,0.0,0.0,0.0,0,0,0,0,-0.48357802772716924,3.88707478685015,-0.9436535061108242,4.4047298725
AUT,1990.0,0.0,0.0,0.0,0,0,0,0,-0.3878531592472228,4.34564183768971,-0.9010913413993202,4.3208969375
AUT,1991.0,0.0,0.0,0.0,0,0,0,0,-0.3782591508059145,3.44162748808654,-0.8371739144776611,3.9339278958333335
AUT,1992.0,0.0,0.0,0.0,0,0,0,0,-0.29750446742359776,2.0935244262602,-0.7753743254223927,3.38244437
AUT,1993.0,0.0,0.0,0.0,0,0,0,0,-0.34221301390072073,0.526809769496765,-0.5530134860792435,2.7144275875
AUT,1994.0,0.0,0.0,0.0,0,0,0,0,-0.4286208258583329,2.40211843259056,-0.7782372283035258,3.5351682466666667
AUT,1995.0,0.0,0.0,0.0,0,0,0,0,-0.534123722492261,2.66798388882503,-0.5230498644952909,3.3100514933333334
AUT,1996.0,0.0,0.0,0.0,0,0,0,0,-0.5995654018943776,2.21576713087359,-0.25013750602329876,3.1400511850000004
AUT,1997.0,0.0,0.0,0.0,0,0,0,0,-0.7095574949344609,2.1458350552646,-0.2863313838732803,3.199334816666666
AUT,1998.0,0.0,0.0,0.0,0,0,0,0,-0.7999238311363401,3.49288002962309,-0.19628329524748406,2.626002385
AUT,1999.0,0.0,0.0,0.0,0,0,0,0,-0.8983256902443522,3.76192435190464,-0.4153536294004306,2.8869701641666663
AUT,2000.0,0.0,0.0,0.0,0,0,0,0,-0.5178828528478082,3.18952292988787,-0.4189071354792245,3.1165892308333336
AUT,2001.0,0.0,0.0,0.0,0,0,0,0,-0.47150852737562426,1.31698749571339,-0.6318750722663592,2.237447555
AUT,2002.0,0.0,0.0,0.0,0,0,0,0,-0.6087886618826805,1.48436877605324,-0.3706115848006313,2.0336032691666666
AUT,2003.0,0.0,0.0,0.0,0,0,0,0,-0.6988475514892193,1.14156504542775,-0.39182966013603493,1.4457960183333334
AUT,2004.0,0.0,0.0,0.0,0,0,0,0,-0.5644115428605756,2.56525534067859,-0.07187540811786945,1.7008579225
AUT,2005.0,0.0,0.0,0.0,0,0,0,0,-0.5251457921786207,2.32036514266782,-0.1443866789503741,1.8895054916666665
AUT,2006.0,0.0,0.0,0.0,0,0,0,0,-0.6807251636086441,3.26933601506059,-0.23984154800110727,2.2836022075
AUT,2007.0,1.0,1.0,0.0,0,0,0,0,-0.5463793350003153,3.77522468729185,-0.35420460702747025,2.0393217333333333
AUT,2008.0,1.0,1.0,0.0,1,1,0,0,-0.39375674046931597,1.45330562142114,-0.5696162888682686,1.3017102483333334
AUT,2009.0,1.0,1.0,0.0,1,1,0,0,-0.9177561861452808,-3.58626472551299,-0.2261081656301221,1.0468915
AUT,2010.0,1.0,1.0,0.0,1,1,0,0,-0.6082055836262367,1.80898243043663,-0.3616712205288564,0.8691600608333333
AUT,2011.0,0.0,0.0,0.0,1,1,0,0,-0.3846997334605714,2.92746800169145,-0.4337844564216013,0.5260605291666667
AUT,2012.0,0.0,0.0,0.0,0,0,0,0,-0.49604502557697167,0.628246239479637,-0.35420460702747025,-0.0132494616666666
AUT,2013.0,0.0,0.0,0.0,0,0,0,0,-0.5749127985283148,-0.250726423318454,-0.22718180755148062,0.2878436908333333
AUT,2014.0,0.0,0.0,0.0,0,0,0,0,-0.6475964522441582,0.755798850316665,-0.14644669411451178,0.61196865
AUT,2015.0,0.0,0.0,0.0,0,0,0,0,-0.8065767318217897,1.30352331826198,-0.1137428288958003,0.5890241975
BEL,1960.0,0.0,0.0,0.0,0,0,0,0,-0.9872774911423596,4.97842306319178,-1.4041100327563103,6.9346889958333335
BEL,1961.0,0.0,0.0,0.0,0,0,0,0,-0.7822754678886903,4.97842306319178,-1.4041100327563103,6.9346889958333335
BEL,1962.0,0.0,0.0,0.0,0,0,0,0,-0.6884411643029669,5.21200350925544,-1.4041100327563103,6.9346889958333335
BEL,1963.0,0.0,0.0,0.0,0,0,0,0,-0.5497901136546047,4.3515842816704,-1.4041100327563103,6.9346889958333335
BEL,1964.0,0.0,0.0,0.0,0,0,0,0,-0.2812935670587411,6.95668473344091,-1.4041100327563103,6.9346889958333335
BEL,1965.0,0.0,0.0,0.0,0,0,0,0,-0.2926003873424586,3.56065983986007,-1.4041100327563103,6.9346889958333335
BEL,1966.0,0.0,0.0,0.0,0,0,0,0,-0.2806891694055061,3.15589498173456,-1.4041100327563103,6.9346889958333335
BEL,1967.0,0.0,0.0,0.0,0,0,0,0,-0.4598650647046708,3.86814694690048,-1.4041100327563103,6.9346889958333335
BEL,1968.0,0.0,0.0,0.0,0,0,0,0,-0.46402335455704735,4.19412962494732,-1.4041100327563103,6.9346889958333335
BEL,1969.0,0.0,0.0,0.0,0,0,0,0,-0.32782958068253304,6.62979979529493,-1.4041100327563103,6.9346889958333335
BEL,1970.0,0.0,0.0,0.0,0,0,0,0,-0.31009996901576775,6.35267211404256,-1.4041100327563103,6.9346889958333335
BEL,1971.0,0.0,0.0,0.0,0,0,0,0,-0.2626398301743115,3.98582719666759,-1.4041100327563103,6.9346889958333335
BEL,1972.0,0.0,0.0,0.0,0,0,0,0,-0.15572251803009804,5.29560467072521,-1.1244650055210321,6.9346889958333335
BEL,1973.0,0.0,0.0,0.0,0,0,0,0,-0.03306622859877242,6.38170179993882,-1.0817793229562096,6.9346889958333335
BEL,1974.0,0.0,0.0,0.0,0,0,0,0,0.29966286134068165,4.56525850850306,-0.999279687177209,6.9346889958333335
BEL,1975.0,0.0,0.0,0.0,0,0,0,0,0.3038515615584333,-1.96594188277651,-0.300219040878156,6.9346889958333335
BEL,1976.0,0.0,0.0,0.0,0,0,0,0,0.10864933331561182,5.65274606308233,0.05564849814795221,6.9346889958333335
BEL,1977.0,0.0,0.0,0.0,0,0,0,0,-0.02266992689055286,0.626154572057786,-0.14747751276925253,6.9346889958333335
BEL,1978.0,0.0,0.0,0.0,0,0,0,0,-0.2494252365459459,2.84189681697329,0.3574265227801075,6.9346889958333335
BEL,1979.0,0.0,0.0,0.0,0,0,0,0,-0.24958076225017656,2.34107304540791,0.15988103193924638,6.9346889958333335
BEL,1980.0,0.0,0.0,0.0,0,0,0,0,-0.056281317067047386,4.44405389248001,0.5846099484997334,6.9346889958333335
BEL,1981.0,0.0,0.0,0.0,0,0,0,0,0.015231968756808498,-0.279283585394069,0.9532832588867852,6.9346889958333335
BEL,1982.0,0.0,0.0,0.0,0,0,0,0,0.08758065716387589,0.594986767578831,1.1878619426759316,6.9346889958333335
BEL,1983.0,0.0,0.0,0.0,0,0,0,0,0.017595523958788706,0.311843009473307,0.9993692066849655,5.888257380833333
BEL,1984.0,0.0,0.0,0.0,0,0,0,0,-0.08034415239732062,2.46638245146747,1.031769201463445,6.6373992375
BEL,1985.0,0.0,0.0,0.0,0,0,0,0,-0.20964515046403281,1.65179297063331,0.9489203379297276,5.660392525833333
BEL,1986.0,0.0,0.0,0.0,0,0,0,0,-0.7120945904613067,1.82276203316596,0.9427366998837383,4.048303089166667
BEL,1987.0,0.0,0.0,0.0,0,0,0,0,-0.6579685275206256,2.30665968936027,0.9392599090127254,4.218014031666667
BEL,1988.0,0.0,0.0,0.0,0,0,0,0,-0.7420815936108446,4.72320872854138,0.7609756959380374,4.452901190833333
BEL,1989.0,0.0,0.0,0.0,0,0,0,0,-0.4079827931674846,3.46916697570174,0.43290104149418757,4.4047298725
BEL,1990.0,0.0,0.0,0.0,0,0,0,0,-0.36443820829704576,3.13740221731629,0.22291266837894666,4.3208969375
BEL,1991.0,0.0,0.0,0.0,0,0,0,0,-0.39383936376790374,1.83307441343001,0.16517312003198142,3.9339278958333335
BEL,1992.0,0.0,0.0,0.0,0,0,0,0,-0.5049021865488086,1.53065475142162,0.10209075327871789,3.38244437
BEL,1993.0,0.0,0.0,0.0,0,0,0,0,-0.45640970609411513,-0.961873076923027,0.39275956984796023,2.7144275875
BEL,1994.0,0.0,0.0,0.0,0,0,0,0,-0.5127449028493943,3.22697145426247,0.6800607826998285,3.5351682466666667
BEL,1995.0,0.0,0.0,0.0,0,0,0,0,-0.6752690066677947,2.38475724870135,0.6266588562231071,3.3100514933333334
BEL,1996.0,0.0,0.0,0.0,0,0,0,0,-0.5617208672372328,1.32143214432601,0.652144010074094,3.1400511850000004
BEL,1997.0,0.0,0.0,0.0,0,0,0,0,-0.6432301830180077,3.79367165541437,0.5575479669589617,3.199334816666666
BEL,1998.0,0.0,0.0,0.0,0,0,0,0,-0.7931264201762588,1.96183240455609,0.6240226919605978,2.626002385
BEL,1999.0,0.0,0.0,0.0,0,0,0,0,-0.7514043913307452,3.54271798823922,0.5021480368877129,2.8869701641666663
BEL,2000.0,0.0,0.0,0.0,0,0,0,0,-0.4871457250318248,3.71670510672588,0.07555324237040792,3.1165892308333336
BEL,2001.0,0.0,0.0,0.0,0,0,0,0,-0.4985512523434161,1.09960362419645,-0.020699095678509093,2.237447555
BEL,2002.0,0.0,0.0,0.0,0,0,0,0,-0.6399199831747123,1.70689430349601,0.14881081570803245,2.0336032691666666
BEL,2003.0,0.0,0.0,0.0,0,0,0,0,-0.6509095560143232,1.03795518162204,0.3128911189832213,1.4457960183333334
BEL,2004.0,0.0,0.0,0.0,0,0,0,0,-0.5582910570729598,3.57120671942319,0.24694889881398419,1.7008579225
BEL,2005.0,0.0,0.0,0.0,0,0,0,0,-0.45256426386893794,2.32173792911834,0.46278365837600505,1.8895054916666665
BEL,2006.0,0.0,0.0,0.0,0,0,0,0,-0.6123160206138131,2.55234087322462,0.4255553758574132,2.2836022075
BEL,2007.0,1.0,1.0,0.0,0,0,0,0,-0.6064611652118961,3.67692462515802,0.26714662508477705,2.0393217333333333
BEL,2008.0,1.0,1.0,0.0,1,1,0,0,-0.2474859644490862,0.446905130727231,0.16341064048853032,1.3017102483333334
BEL,2009.0,1.0,1.0,0.0,1,1,0,0,-1.1317594735948753,-1.90644105515335,0.3590277503638339,1.0468915
BEL,2010.0,1.0,1.0,0.0,1,1,0,0,-0.5429560984867701,2.71031150254662,0.4346369471188329,0.8691600608333333
BEL,2011.0,1.0,1.0,0.0,1,1,0,0,-0.3541938462372441,1.93115502411325,0.19923600854131576,0.5260605291666667
BEL,2012.0,1.0,1.0,0.0,1,1,0,0,-0.44435315334001924,0.215803612089744,0.2844480765669394,-0.0132494616666666
BEL,2013.0,1.0,1.0,0.0,1,1,0,0,-0.7532249337851821,0.305494549070232,0.4599292000832692,0.2878436908333333
BEL,2014.0,0.0,0.0,0.0,1,1,0,0,-0.9729314029694816,1.76554038149924,0.47850689874916436,0.61196865
BEL,2015.0,0.0,0.0,0.0,0,0,0,0,-0.9006343718345569,1.47416433731927,0.47075506177734305,0.5890241975
BOL,1960.0,0.0,0.0,0.0,0,0,0,0,0.2443762474742501,2.08929594236771,0.5666080909289782,6.9346889958333335
BOL,1961.0,0.0,0.0,0.0,0,0,0,0,0.010637806644169686,2.08929594236771,0.5666080909289782,6.9346889958333335
BOL,1962.0,0.0,0.0,0.0,0,0,0,0,-0.11830374190969549,5.57891786210311,0.5666080909289782,6.9346889958333335
BOL,1963.0,0.0,0.0,0.0,0,0,0,0,-1.520209162253744,6.79762576905422,0.5666080909289782,6.9346889958333335
BOL,1964.0,0.0,0.0,0.0,0,0,0,0,0.1731644788279568,3.95659653084577,0.5666080909289782,6.9346889958333335
BOL,1965.0,0.0,0.0,0.0,0,0,0,0,-0.4414710672226781,4.91344195525969,0.5666080909289782,6.9346889958333335
BOL,1966.0,0.0,0.0,0.0,0,0,0,0,-0.03332001376291635,7.17058966306622,0.5666080909289782,6.9346889958333335
BOL,1967.0,0.0,0.0,0.0,0,0,0,0,0.22746294454367338,6.31721951733543,0.5666080909289782,6.9346889958333335
BOL,1968.0,0.0,0.0,0.0,0,0,0,0,-0.1537431354809769,8.52944308831106,0.5666080909289782,6.9346889958333335
BOL,1969.0,0.0,0.0,0.0,0,0,0,0,-0.5396003463317345,4.47409732886858,0.5666080909289782,6.9346889958333335
BOL,1970.0,0.0,0.0,0.0,0,0,0,0,-0.30479774533457105,5.23102930423347,0.5666080909289782,6.9346889958333335
BOL,1971.0,0.0,0.0,0.0,0,0,0,0,-0.33713506411303884,5.06333643861974,0.5666080909289782,6.9346889958333335
BOL,1972.0,0.0,0.0,0.0,0,0,0,0,-0.06692825706818056,7.967485209709,0.3970843542867446,6.9346889958333335
BOL,1973.0,0.0,0.0,0.0,0,0,0,0,0.8827014447496694,5.73916152572539,0.19055680276884043,6.9346889958333335
BOL,1974.0,0.0,0.0,0.0,0,0,0,0,1.3866954762346837,2.93956780827851,-0.039643858840117646,6.9346889958333335
BOL,1975.0,0.0,0.0,0.0,0,0,0,0,0.03904974568894502,7.31101773140004,-0.2725422582485592,6.9346889958333335
BOL,1976.0,0.0,0.0,0.0,0,0,0,0,-0.24701696191402736,4.6145674859863,-0.24525369406715075,6.9346889958333335
BOL,1977.0,0.0,0.0,0.0,0,0,0,0,0.04774377867036392,4.97121565700287,-0.24525369406715075,6.9346889958333335
BOL,1978.0,0.0,0.0,0.0,0,0,0,0,0.18273185303364836,2.05269456633248,-0.19179581403552085,6.9346889958333335
BOL,1979.0,1.0,0.0,1.0,0,0,0,0,0.571270826721833,0.133344047803448,-0.1656050452645353,6.9346889958333335
BOL,1980.0,1.0,0.0,1.0,1,0,0,1,1.1722426089303861,-1.37177291052787,-0.039643858840117646,6.9346889958333335
BOL,1981.0,1.0,0.0,1.0,1,0,0,1,0.8967984032196658,0.275616372775957,0.7664025172597377,6.9346889958333335
BOL,1982.0,1.0,0.0,1.0,1,0,0,1,1.9315982976672041,-3.93873792499589,0.9905270650591688,6.9346889958333335
BOL,1983.0,1.0,0.0,1.0,1,0,0,1,2.6485277020936593,-4.04212140271022,1.3424412593301938,5.888257380833333
BOL,1984.0,1.0,0.0,1.0,1,0,0,1,4.258408540800722,-0.200665696939325,1.4005839652102041,6.6373992375
BOL,1985.0,1.0,1.0,1.0,1,0,0,1,7.242618377149349,-1.67638978272157,1.9028189010684284,5.660392525833333
BOL,1986.0,1.0,1.0,1.0,1,1,0,1,2.651090721401691,-2.57388420056624,1.9490648760244937,4.048303089166667
BOL,1987.0,1.0,0.0,1.0,1,1,0,1,0.38316493629497017,2.46348461969905,2.0018494894424395,4.218014031666667
BOL,1988.0,1.0,0.0,1.0,1,0,0,1,0.44008317127997965,2.90949796034215,1.7746378784400192,4.452901190833333
BOL,1989.0,1.0,0.0,1.0,1,0,0,1,0.40747588213127584,3.79013096203738,0.7565250752858184,4.4047298725
BOL,1990.0,1.0,0.0,1.0,1,0,0,1,0.481910260851933,4.63578742813344,0.09936178759277252,4.3208969375
BOL,1991.0,1.0,0.0,1.0,1,0,0,1,0.6253756063117832,5.26652666784713,0.07647422616614336,3.9339278958333335
BOL,1992.0,1.0,0.0,1.0,1,0,0,1,0.27035860027565206,1.64649818317035,-0.18652956480150037,3.38244437
BOL,1993.0,1.0,1.0,1.0,1,0,0,1,0.0750467421532028,4.26929611661518,-0.06667299824825092,2.7144275875
BOL,1994.0,1.0,1.0,1.0,1,1,0,1,0.03213068770291613,4.6672651026673,-0.9672884116101277,3.5351682466666667
BOL,1995.0,1.0,1.0,1.0,1,1,0,1,0.1737951416003237,4.67827659710034,-0.7399519237730328,3.3100514933333334
BOL,1996.0,1.0,0.0,1.0,1,1,0,1,0.28782766975734575,4.36134195244541,-0.26431545863033135,3.1400511850000004
BOL,1997.0,0.0,0.0,0.0,1,0,0,1,-0.22537007966669712,4.95420874299724,-1.4142239775990721,3.199334816666666
BOL,1998.0,1.0,1.0,0.0,0,0,0,0,0.018398480612977986,5.02935475543048,-0.9972638899416818,2.626002385
BOL,1999.0,0.0,0.0,0.0,1,1,0,0,-0.5478770739289571,0.426885422588768,-0.6575639628161267,2.8869701641666663
BOL,2000.0,0.0,0.0,0.0,0,0,0,0,-0.23539722542991826,2.50781080899505,-0.484326746895276,3.1165892308333336
BOL,2001.0,0.0,0.0,0.0,0,0,0,0,-0.6507735450337515,1.68379912721821,-0.2615809010808822,2.237447555
BOL,2002.0,0.0,0.0,0.0,0,0,0,0,-0.7984470059827585,2.48556573783827,-0.19707627324513172,2.0336032691666666
BOL,2003.0,0.0,0.0,0.0,0,0,0,0,-0.3782783106249158,2.7113398370071,-0.3784322119270787,1.4457960183333334
BOL,2004.0,0.0,0.0,0.0,0,0,0,0,-0.2528561044178356,4.17329558916195,-0.5786165992307736,1.7008579225
BOL,2005.0,0.0,0.0,0.0,0,0,0,0,-0.16067173144097954,4.42143312687995,-0.20502378616816136,1.8895054916666665
BOL,2006.0,0.0,0.0,0.0,0,0,0,0,-0.26911061361156724,4.79700882356046,-0.3058020318342284,2.2836022075
BOL,2007.0,0.0,0.0,0.0,0,0,0,0,0.08627012503828237,4.56438426887904,-0.27804618056506203,2.0393217333333333
BOL,2008.0,0.0,0.0,0.0,0,0,0,0,0.35901743545875925,6.14849787462195,-1.1668466346948911,1.3017102483333334
BOL,2009.0,0.0,0.0,0.0,0,0,0,0,-0.377122591359723,3.35699957430558,-1.0102032769904044,1.0468915
BOL,2010.0,0.0,0.0,0.0,0,0,0,0,-0.4933695509360855,4.12672259105658,-1.1619905822621488,0.8691600608333333
BOL,2011.0,0.0,0.0,0.0,0,0,0,0,0.156497407905945,5.20409244308591,-1.3276082980104729,0.5260605291666667
BOL,2012.0,0.0,0.0,0.0,0,0,0,0,-0.24480445738907905,5.12227558091767,-1.421338016925165,-0.0132494616666666
BOL,2013.0,0.0,0.0,0.0,0,0,0,0,-0.1304844815561501,6.79601142810857,-1.2417513127467952,0.2878436908333333
BOL,2014.0,0.0,0.0,0.0,0,0,0,0,-0.12789220120175815,5.46056950635116,-1.4443988735578448,0.61196865
BOL,2015.0,0.0,0.0,0.0,0,0,0,0,-0.2932165107080399,4.8571871797142,-0.9550393197873644,0.5890241975
BRA,1960.0,1.0,0.0,1.0,0,0,0,0,1.7696398621238776,8.60000000000014,-0.9752343784005428,6.9346889958333335
BRA,1961.0,1.0,0.0,1.0,1,0,0,1,1.7696398621238776,8.60000000000014,-0.9752343784005428,6.9346889958333335
BRA,1962.0,1.0,1.0,1.0,1,0,0,1,1.7696398621238776,6.59999999999992,-0.9752343784005428,6.9346889958333335
BRA,1963.0,1.0,0.0,1.0,1,1,0,1,1.7696398621238776,0.600000000000065,-0.9752343784005428,6.9346889958333335
BRA,1964.0,0.0,0.0,0.0,1,0,0,1,1.7696398621238776,3.39999999999985,-0.9752343784005428,6.9346889958333335
BRA,1965.0,0.0,0.0,0.0,0,0,0,0,1.7696398621238776,2.40000000000001,-0.9752343784005428,6.9346889958333335
BRA,1966.0,0.0,0.0,0.0,0,0,0,0,1.7696398621238776,6.7000000000001,-0.9752343784005428,6.9346889958333335
BRA,1967.0,0.0,0.0,0.0,0,0,0,0,1.7696398621238776,4.2,-0.9752343784005428,6.9346889958333335
BRA,1968.0,0.0,0.0,0.0,0,0,0,0,1.7696398621238776,9.79999999999998,-0.9752343784005428,6.9346889958333335
BRA,1969.0,0.0,0.0,0.0,0,0,0,0,1.7696398621238776,9.49999999999993,-0.9752343784005428,6.9346889958333335
BRA,1970.0,0.0,0.0,0.0,0,0,0,0,1.7696398621238776,10.4,-0.9752343784005428,6.9346889958333335
BRA,1971.0,0.0,0.0,0.0,0,0,0,0,1.7696398621238776,11.3429219931908,-0.9752343784005428,6.9346889958333335
BRA,1972.0,0.0,0.0,0.0,0,0,0,0,1.7696398621238776,11.9403481162508,-0.9752343784005428,6.9346889958333335
BRA,1973.0,0.0,0.0,0.0,0,0,0,0,1.7696398621238776,13.9687217796782,-1.090237103761419,6.9346889958333335
BRA,1974.0,0.0,0.0,0.0,0,0,0,0,1.7696398621238776,8.15393868457201,-1.2159833853295612,6.9346889958333335
BRA,1975.0,0.0,0.0,0.0,0,0,0,0,1.7696398621238776,5.16664908406321,-1.3511149788413137,6.9346889958333335
BRA,1976.0,0.0,0.0,0.0,0,0,0,0,1.7696398621238776,10.2571295347867,-1.4972733456392875,6.9346889958333335
BRA,1977.0,0.0,0.0,0.0,0,0,0,0,1.7696398621238776,4.93432806978961,-1.2964732325104182,6.9346889958333335
BRA,1978.0,0.0,0.0,0.0,0,0,0,0,1.7696398621238776,4.96989768924738,-1.2775775249134513,6.9346889958333335
BRA,1979.0,0.0,0.0,0.0,0,0,0,0,1.7696398621238776,6.7595601220408,-1.0987341665266723,6.9346889958333335
BRA,1980.0,0.0,0.0,0.0,0,0,0,0,1.7696398621238776,9.19999999999976,-0.8538808131769273,6.9346889958333335
BRA,1981.0,0.0,0.0,0.0,0,0,0,0,1.7696398621238776,-4.24999999999956,-0.63751673524936,6.9346889958333335
BRA,1982.0,1.0,0.0,1.0,0,0,0,0,1.7600377619918315,0.829999999999529,-0.37698155584794196,6.9346889958333335
BRA,1983.0,1.0,0.0,1.0,1,0,0,1,2.0072353481093845,-2.92999999999996,-0.4388690778844618,5.888257380833333
BRA,1984.0,1.0,1.0,1.0,1,0,0,1,2.3164166226915572,5.39999999999988,-0.620971330405272,6.6373992375
BRA,1985.0,1.0,1.0,1.0,1,1,0,1,2.46386401277133,7.85000000000042,-0.8520170788352349,5.660392525833333
BRA,1986.0,1.0,0.0,1.0,1,1,0,1,2.0811903155184077,7.48999999999982,-1.2728843914599846,4.048303089166667
BRA,1987.0,1.0,0.0,1.0,1,0,0,1,2.4733557002292965,3.52999999999983,-0.7861328435253444,4.218014031666667
BRA,1988.0,1.0,0.0,1.0,1,0,0,1,3.4720271334509962,-0.059999999999917,-0.705184901197239,4.452901190833333
BRA,1989.0,1.0,1.0,1.0,1,0,0,1,4.387104441206396,3.16000000000032,-0.5866887365285577,4.4047298725
BRA,1990.0,1.0,1.0,1.0,1,1,0,1,5.279056737267051,-4.35000000000022,-0.4141705834938777,4.3208969375
BRA,1991.0,1.0,0.0,1.0,1,1,0,1,3.0875008716622583,1.0321895854696,-0.09044300676694819,3.9339278958333335
BRA,1992.0,1.0,0.0,1.0,1,0,0,1,3.920845195464319,-0.544072051030298,0.18751021155344552,3.38244437
BRA,1993.0,1.0,1.0,1.0,1,0,0,1,4.744463819772948,4.92469000463774,-0.05680139907322928,2.7144275875
BRA,1994.0,1.0,1.0,0.0,1,1,0,1,4.8357018582378775,5.8528703643893,0.06978743915693326,3.5351682466666667
BRA,1995.0,1.0,1.0,0.0,1,1,0,0,1.4246258937579777,4.2237936336472,0.18881645871374828,3.3100514933333334
BRA,1996.0,1.0,1.0,0.0,1,1,0,0,0.4306108112955005,2.20886405051482,0.3842800125519107,3.1400511850000004
BRA,1997.0,0.0,0.0,0.0,1,1,0,0,-0.03519624120014507,3.39484598531597,0.5671504358232426,3.199334816666666
BRA,1998.0,0.0,0.0,0.0,0,0,0,0,-0.3964587063784575,0.338097901952338,0.7647595116758582,2.626002385
BRA,1999.0,0.0,0.0,0.0,0,0,0,0,-0.21064302618971925,0.467937566679467,0.9191949500042433,2.8869701641666663
BRA,2000.0,0.0,0.0,0.0,0,0,0,0,-0.026482880930027486,4.38794944364869,0.8825287867796406,3.1165892308333336
BRA,2001.0,0.0,0.0,0.0,0,0,0,0,-0.041675553758848204,1.3898964044581,0.8452139675874608,2.237447555
BRA,2002.0,0.0,0.0,0.0,0,0,0,0,0.07008219329455605,3.05346185683619,0.8439481285018932,2.0336032691666666
BRA,2003.0,0.0,0.0,0.0,0,0,0,0,0.38880314955386375,1.14082899877101,0.925752182204546,1.4457960183333334
BRA,2004.0,0.0,0.0,0.0,0,0,0,0,-0.06026009736281265,5.75996463685998,0.7518995914395076,1.7008579225
BRA,2005.0,0.0,0.0,0.0,0,0,0,0,-0.039479346423907935,3.20213206216255,0.8296546944545764,1.8895054916666665
BRA,2006.0,0.0,0.0,0.0,0,0,0,0,-0.2796929445141639,3.96198870899485,0.688090453829089,2.2836022075
BRA,2007.0,0.0,0.0,0.0,0,0,0,0,-0.3410846139875576,6.06987060733128,0.6166235429071815,2.0393217333333333
BRA,2008.0,0.0,0.0,0.0,0,0,0,0,-0.13547458043615573,5.09419544811998,0.42981134490814615,1.3017102483333334
BRA,2009.0,0.0,0.0,0.0,0,0,0,0,-0.20777690064276916,-0.12581200299141,0.6410109486280666,1.0468915
BRA,2010.0,0.0,0.0,0.0,0,0,0,0,-0.19337041529239898,7.52822581812151,0.47387822643676514,0.8691600608333333
BRA,2011.0,0.0,0.0,0.0,0,0,0,0,-0.057224681506450485,3.97442307944702,0.29190657978978507,0.5260605291666667
BRA,2012.0,0.0,0.0,0.0,0,0,0,0,-0.15974830308302196,1.92117598509462,0.22312663954142833,-0.0132494616666666
BRA,2013.0,0.0,0.0,0.0,0,0,0,0,-0.09140588968147054,3.0048226702888,0.18424087612964396,0.2878436908333333
BRA,2014.0,0.0,0.0,0.0,0,0,0,0,-0.08136132783456206,0.503955740273241,0.11409932166318282,0.61196865
BRA,2015.0,0.0,0.0,0.0,0,0,0,0,0.10629657577170097,-3.54576339347278,0.48133563522354017,0.5890241975
CAF,1960.0,0.0,0.0,0.0,0,0,0,0,-1.1225057197822585,4.95355379797229,0.00022007603480332492,6.9346889958333335
CAF,1961.0,0.0,0.0,0.0,0,0,0,0,-1.1225057197822585,4.95355379797229,0.00022007603480332492,6.9346889958333335
CAF,1962.0,0.0,0.0,0.0,0,0,0,0,-1.1225057197822585,-3.71380018409685,0.00022007603480332492,6.9346889958333335
CAF,1963.0,0.0,0.0,0.0,0,0,0,0,-1.1225057197822585,-0.707010752236329,0.00022007603480332492,6.9346889958333335
CAF,1964.0,0.0,0.0,0.0,0,0,0,0,-1.1225057197822585,2.08032459940857,0.00022007603480332492,6.9346889958333335
CAF,1965.0,0.0,0.0,0.0,0,0,0,0,-1.1225057197822585,0.947578712256856,0.00022007603480332492,6.9346889958333335
CAF,1966.0,0.0,0.0,0.0,0,0,0,0,-1.1225057197822585,0.644783720237797,0.00022007603480332492,6.9346889958333335
CAF,1967.0,0.0,0.0,0.0,0,0,0,0,-1.1225057197822585,4.6766131089008,0.00022007603480332492,6.9346889958333335
CAF,1968.0,0.0,0.0,0.0,0,0,0,0,-1.1225057197822585,1.40411317693092,0.00022007603480332492,6.9346889958333335
CAF,1969.0,0.0,0.0,0.0,0,0,0,0,-1.1225057197822585,7.09154252763096,0.00022007603480332492,6.9346889958333335
CAF,1970.0,0.0,0.0,0.0,0,0,0,0,-1.1225057197822585,2.33288087679347,0.00022007603480332492,6.9346889958333335
CAF,1971.0,0.0,0.0,0.0,0,0,0,0,-1.1225057197822585,1.13020238405835,0.00022007603480332492,6.9346889958333335
CAF,1972.0,0.0,0.0,0.0,0,0,0,0,-1.1225057197822585,-0.0008671748311144,0.00022007603480332492,6.9346889958333335
CAF,1973.0,0.0,0.0,0.0,0,0,0,0,-1.1225057197822585,1.888939956294,0.00022007603480332492,6.9346889958333335
CAF,1974.0,0.0,0.0,0.0,0,0,0,0,-1.1225057197822585,6.33903361228316,0.00022007603480332492,6.9346889958333335
CAF,1975.0,1.0,1.0,0.0,0,0,0,0,-1.1225057197822585,0.404987104042064,0.00022007603480332492,6.9346889958333335
CAF,1976.0,1.0,1.0,0.0,1,1,0,0,-1.1225057197822585,5.43251898691292,0.00022007603480332492,6.9346889958333335
CAF,1977.0,1.0,1.0,0.0,1,1,0,0,-1.1225057197822585,3.80623491408234,0.00022007603480332492,6.9346889958333335
CAF,1978.0,1.0,1.0,0.0,1,1,0,0,-1.1225057197822585,1.2092354194359,0.00022007603480332492,6.9346889958333335
CAF,1979.0,1.0,1.0,0.0,1,1,0,0,-1.1225057197822585,-2.46513778468636,0.00022007603480332492,6.9346889958333335
CAF,1980.0,1.0,1.0,1.0,1,1,0,0,-1.1225057197822585,-4.47863884794948,0.00022007603480332492,6.9346889958333335
CAF,1981.0,1.0,1.0,0.0,1,1,0,1,-1.1225057197822585,-1.54446566470149,0.00022007603480332492,6.9346889958333335
CAF,1982.0,1.0,0.0,1.0,1,1,0,0,0.32786953822350234,7.71578363090393,0.00022007603480332492,6.9346889958333335
CAF,1983.0,1.0,0.0,1.0,1,0,0,1,0.3845725801316592,-8.12651359274568,0.00022007603480332492,5.888257380833333
CAF,1984.0,1.0,0.0,1.0,1,0,0,1,-0.4874923772809393,9.48172665292533,0.00022007603480332492,6.6373992375
CAF,1985.0,1.0,0.0,1.0,1,0,0,1,0.1864485445244023,3.92721953798056,0.00022007603480332492,5.660392525833333
CAF,1986.0,1.0,0.0,1.0,1,0,0,1,-0.5338341168031745,3.57797925430461,0.00022007603480332492,4.048303089166667
CAF,1987.0,1.0,1.0,1.0,1,0,0,1,-12.549325291156325,-4.93898788502545,0.00022007603480332492,4.218014031666667
CAF,1988.0,1.0,1.0,1.0,1,1,0,1,-5.67302080894994,1.71016528472386,0.00022007603480332492,4.452901190833333
CAF,1989.0,1.0,1.0,1.0,1,1,0,1,-0.8629193356704404,1.97727043451945,0.00022007603480332492,4.4047298725
CAF,1990.0,1.0,1.0,1.0,1,1,0,1,-1.1128626521528044,-2.14752806574087,0.00022007603480332492,4.3208969375
CAF,1991.0,1.0,1.0,1.0,1,1,0,1,-3.7300697973859833,-0.552543005101867,0.00022007603480332492,3.9339278958333335
CAF,1992.0,1.0,1.0,1.0,1,1,0,1,-1.7738094040906947,-6.42407819946331,0.00022007603480332492,3.38244437
CAF,1993.0,1.0,1.0,1.0,1,1,0,1,-3.951420868159582,0.335275684646064,0.00022007603480332492,2.7144275875
CAF,1994.0,1.0,1.0,1.0,1,1,0,1,0.7146499312863727,4.89994941000114,0.00022007603480332492,3.5351682466666667
CAF,1995.0,1.0,1.0,1.0,1,1,0,1,0.5538742418337794,7.20004555751903,0.00022007603480332492,3.3100514933333334
CAF,1996.0,1.0,1.0,1.0,1,1,0,1,-0.33121949877168033,-4.00009296364789,0.00022007603480332492,3.1400511850000004
CAF,1997.0,1.0,1.0,1.0,1,1,0,1,-0.6465185862298207,5.29993601826074,0.00022007603480332492,3.199334816666666
CAF,1998.0,1.0,1.0,1.0,1,1,0,1,-2.6105240672067405,4.70014237879329,0.00022007603480332492,2.626002385
CAF,1999.0,1.0,0.0,1.0,1,1,0,1,-2.116625515439138,3.59997490432274,0.00022007603480332492,2.8869701641666663
CAF,2000.0,1.0,0.0,1.0,1,0,0,1,-0.395379759505863,-2.48943244028874,0.00022007603480332492,3.1165892308333336
CAF,2001.0,1.0,0.0,1.0,1,0,0,1,-0.318487025891623,4.46473902640867,0.00022007603480332492,2.237447555
CAF,2002.0,1.0,0.0,1.0,1,0,0,1,-0.5199462163584881,3.61654219150596,0.00022007603480332492,2.0336032691666666
CAF,2003.0,1.0,0.0,1.0,1,0,0,1,-0.284989521491029,-5.39748521855877,0.00022007603480332492,1.4457960183333334
CAF,2004.0,1.0,0.0,1.0,1,0,0,1,-2.8207034889448783,5.99488422798696,0.00022007603480332492,1.7008579225
CAF,2005.0,1.0,0.0,1.0,1,0,0,1,-0.4382398923158529,0.908210514871953,0.00022007603480332492,1.8895054916666665
CAF,2006.0,1.0,0.0,1.0,1,0,0,1,-0.052703119929811915,4.77108543044105,0.00022007603480332492,2.2836022075
CAF,2007.0,1.0,0.0,1.0,1,0,0,1,-0.7904416579357341,4.60753485452025,0.00022007603480332492,2.0393217333333333
CAF,2008.0,1.0,0.0,1.0,1,0,0,1,0.12010550217774153,2.05413096200485,0.00022007603480332492,1.3017102483333334
CAF,2009.0,1.0,0.0,1.0,1,0,0,1,-0.35550773379581496,8.58726042640994,0.00022007603480332492,1.0468915
CAF,2010.0,1.0,0.0,1.0,1,0,0,1,-0.6705484144661382,4.63081843223307,0.00022007603480332492,0.8691600608333333
CAF,2011.0,1.0,0.0,1.0,1,0,0,1,-0.7343957724442635,4.19461533741989,0.00022007603480332492,0.5260605291666667
CAF,2012.0,1.0,0.0,1.0,1,0,0,1,-0.1530601804457697,5.05376125356918,0.00022007603480332492,-0.0132494616666666
CAF,2013.0,1.0,0.0,1.0,1,0,0,1,-0.030575902135346417,-36.3919770983887,0.00022007603480332492,0.2878436908333333
CAF,2014.0,1.0,0.0,1.0,1,0,0,1,0.3963423559837224,0.0810705153264877,0.00022007603480332492,0.61196865
CAF,2015.0,1.0,0.0,1.0,1,0,0,1,-0.6887854318365324,4.33712103020231,0.00022007603480332492,0.5890241975
CAN,1960.0,0.0,0.0,0.0,0,0,0,0,-0.698175395440006,3.16329168371298,-0.41505779976553253,6.9346889958333335
CAN,1961.0,0.0,0.0,0.0,0,0,0,0,-0.7758544652546924,3.16329168371298,-0.41505779976553253,6.9346889958333335
CAN,1962.0,0.0,0.0,0.0,0,0,0,0,-0.7654744334058241,7.42783736424002,-0.41505779976553253,6.9346889958333335
CAN,1963.0,0.0,0.0,0.0,0,0,0,0,-0.6432319805261669,5.29743988916486,-0.41505779976553253,6.9346889958333335
CAN,1964.0,0.0,0.0,0.0,0,0,0,0,-0.5903828975381049,6.65599998308328,-0.41505779976553253,6.9346889958333335
CAN,1965.0,0.0,0.0,0.0,0,0,0,0,-0.519813122349487,6.31720005153649,-0.41505779976553253,6.9346889958333335
CAN,1966.0,0.0,0.0,0.0,0,0,0,0,-0.3206929943554401,6.75969011988171,-0.41505779976553253,6.9346889958333335
CAN,1967.0,0.0,0.0,0.0,0,0,0,0,-0.34841328273992966,3.06542080784173,-0.41505779976553253,6.9346889958333335
CAN,1968.0,0.0,0.0,0.0,0,0,0,0,-0.29369197173944134,5.00827404258794,-0.41505779976553253,6.9346889958333335
CAN,1969.0,0.0,0.0,0.0,0,0,0,0,-0.2401201598166213,5.06703236278922,-0.41505779976553253,6.9346889958333335
CAN,1970.0,0.0,0.0,0.0,0,0,0,0,-0.37717471969981436,2.91871307258708,-0.08906625239691707,6.9346889958333335
CAN,1971.0,0.0,0.0,0.0,0,0,0,0,-0.4635220307855428,4.01884508716894,0.03225053057630141,6.9346889958333335
CAN,1972.0,0.0,0.0,0.0,0,0,0,0,-0.19818209329370887,5.51967005803644,0.008573997735913663,6.9346889958333335
CAN,1973.0,0.0,0.0,0.0,0,0,0,0,0.005460426661951592,6.72864134770903,-0.1656050452645353,6.9346889958333335
CAN,1974.0,0.0,0.0,0.0,0,0,0,0,0.21696850982032062,3.35777600467976,-0.21834186848695697,6.9346889958333335
CAN,1975.0,0.0,0.0,0.0,0,0,0,0,0.19982833714745205,1.5454033263216,-0.004569431322384617,6.9346889958333335
CAN,1976.0,0.0,0.0,0.0,0,0,0,0,0.009256617409344725,5.88927586333716,0.18838113726825512,6.9346889958333335
CAN,1977.0,0.0,0.0,0.0,0,0,0,0,0.03902959265214337,3.53482660580218,0.38704467171322615,6.9346889958333335
CAN,1978.0,0.0,0.0,0.0,0,0,0,0,0.1028679872521186,3.73597638764802,0.4505768282299619,6.9346889958333335
CAN,1979.0,0.0,0.0,0.0,0,0,0,0,0.11324999133395963,3.72519949149593,0.2809164320791586,6.9346889958333335
CAN,1980.0,0.0,0.0,0.0,0,0,0,0,0.17024453797368488,2.17719921287991,0.2834099970400407,6.9346889958333335
CAN,1981.0,0.0,0.0,0.0,0,0,0,0,0.2900048649638884,3.41506518150013,0.297894909082402,6.9346889958333335
CAN,1982.0,1.0,1.0,0.0,0,0,0,0,0.20497572274694384,-3.16615022065891,0.9061728372823158,6.9346889958333335
CAN,1983.0,1.0,1.0,0.0,1,1,0,0,-0.11963458845276932,2.56225358775578,1.051377110001025,5.888257380833333
CAN,1984.0,1.0,1.0,0.0,1,1,0,0,-0.26673784251874455,5.8985694010334,0.9523813222566259,6.6373992375
CAN,1985.0,0.0,0.0,0.0,1,1,0,0,-0.30406607955133796,4.73768081475092,0.8218316587551311,5.660392525833333
CAN,1986.0,0.0,0.0,0.0,0,0,0,0,-0.2784829560798291,2.12148083355379,0.6711406317446269,4.048303089166667
CAN,1987.0,0.0,0.0,0.0,0,0,0,0,-0.26132888027872303,4.07201574110678,0.5338036813693025,4.218014031666667
CAN,1988.0,0.0,0.0,0.0,0,0,0,0,-0.29668517224525665,4.41083900341744,0.32960502534638203,4.452901190833333
CAN,1989.0,0.0,0.0,0.0,0,0,0,0,-0.19860200639418246,2.33732975738413,0.28527815711409604,4.4047298725
CAN,1990.0,0.0,0.0,0.0,0,0,0,0,-0.21825665971560823,0.202947874139198,0.4031628530746643,4.3208969375
CAN,1991.0,0.0,0.0,0.0,0,0,0,0,-0.14005924906569317,-2.0910550979319,0.7918678789179132,3.9339278958333335
CAN,1992.0,0.0,0.0,0.0,0,0,0,0,-0.6707300891338316,0.890466180427183,0.930163052698443,3.38244437
CAN,1993.0,0.0,0.0,0.0,0,0,0,0,-0.5988229915792475,2.65770691557481,0.9573372308556725,2.7144275875
CAN,1994.0,0.0,0.0,0.0,0,0,0,0,-1.0376020444293987,4.49404929532982,0.8046467357160144,3.5351682466666667
CAN,1995.0,0.0,0.0,0.0,0,0,0,0,-0.5496641537845124,2.68232822733793,0.6531846803673662,3.3100514933333334
CAN,1996.0,0.0,0.0,0.0,0,0,0,0,-0.6545558592144517,1.68896122499937,0.6757770230321272,3.1400511850000004
CAN,1997.0,0.0,0.0,0.0,0,0,0,0,-0.6445833962204428,4.28016683621337,0.5846099484997334,3.199334816666666
CAN,1998.0,0.0,0.0,0.0,0,0,0,0,-0.7814676594375258,3.89288654344983,0.43174295214795394,2.626002385
CAN,1999.0,0.0,0.0,0.0,0,0,0,0,-0.6228213728288239,5.14100353715349,0.29294031401383946,2.8869701641666663
CAN,2000.0,0.0,0.0,0.0,0,0,0,0,-0.46142732048125445,5.1385391803606,0.13074632719399018,3.1165892308333336
CAN,2001.0,0.0,0.0,0.0,0,0,0,0,-0.49006516723298743,1.87509810696022,0.21626826999958715,2.237447555
CAN,2002.0,0.0,0.0,0.0,0,0,0,0,-0.5316914401394388,2.99925535017809,0.30981874610357524,2.0336032691666666
CAN,2003.0,0.0,0.0,0.0,0,0,0,0,-0.4558191119937342,1.80638512302554,0.29107921240179063,1.4457960183333334
CAN,2004.0,0.0,0.0,0.0,0,0,0,0,-0.6002370875134544,3.09236384292251,0.20895558139134948,1.7008579225
CAN,2005.0,0.0,0.0,0.0,0,0,0,0,-0.5389782241101304,3.21045439063563,0.114776900384114,1.8895054916666665
CAN,2006.0,0.0,0.0,0.0,0,0,0,0,-0.5745885311018802,2.63794375007348,0.05192325423965745,2.2836022075
CAN,2007.0,0.0,0.0,0.0,0,0,0,0,-0.5513931913168199,2.04990463726786,-0.02602416376128231,2.0393217333333333
CAN,2008.0,0.0,0.0,0.0,0,0,0,0,-0.5138842463816123,0.995406301140747,0.004759424435887917,1.3017102483333334
CAN,2009.0,0.0,0.0,0.0,0,0,0,0,-0.9872776531780081,-2.91508621550267,0.46658343011129144,1.0468915
CAN,2010.0,0.0,0.0,0.0,0,0,0,0,-0.6149704359031115,3.09080634469335,0.412344258130662,0.8691600608333333
CAN,2011.0,0.0,0.0,0.0,0,0,0,0,-0.4342835601334244,3.13719442170364,0.3040711665339832,0.5260605291666667
CAN,2012.0,0.0,0.0,0.0,0,0,0,0,-0.6655424534182314,1.75566129145483,0.25307160766932657,-0.0132494616666666
CAN,2013.0,0.0,0.0,0.0,0,0,0,0,-0.7958977462297423,2.32581354806429,0.1998854422114315,0.2878436908333333
CAN,2014.0,0.0,0.0,0.0,0,0,0,0,-0.5913646314511307,2.87346677785811,0.1737431230454569,0.61196865
CAN,2015.0,0.0,0.0,0.0,0,0,0,0,-0.7503752749986877,0.649971001734855,0.15656637645285298,0.5890241975
CHE,1960.0,0.0,0.0,0.0,0,0,0,0,-0.6812968468393391,8.10867221090632,-2.691849476157789,6.9346889958333335
CHE,1961.0,0.0,0.0,0.0,0,0,0,0,-0.6023881379874076,8.10867221090632,-2.691849476157789,6.9346889958333335
CHE,1962.0,0.0,0.0,0.0,0,0,0,0,-0.2655522368595645,4.78994131635299,-2.691849476157789,6.9346889958333335
CHE,1963.0,0.0,0.0,0.0,0,0,0,0,-0.3654375396011022,4.87919908861309,-2.691849476157789,6.9346889958333335
CHE,1964.0,0.0,0.0,0.0,0,0,0,0,-0.41149325473825,5.25635078619852,-2.691849476157789,6.9346889958333335
CHE,1965.0,0.0,0.0,0.0,0,0,0,0,-0.36862329299788876,2.10455491544954,-2.691849476157789,6.9346889958333335
CHE,1966.0,0.0,0.0,0.0,0,0,0,0,-0.21869852661870293,2.46145745672325,-2.691849476157789,6.9346889958333335
CHE,1967.0,0.0,0.0,0.0,0,0,0,0,-0.29924400642616916,3.05592216743931,-2.691849476157789,6.9346889958333335
CHE,1968.0,0.0,0.0,0.0,0,0,0,0,-0.5098893090624523,3.58802600373956,-2.691849476157789,6.9346889958333335
CHE,1969.0,0.0,0.0,0.0,0,0,0,0,-0.49553330581658034,5.63291212254617,-2.691849476157789,6.9346889958333335
CHE,1970.0,0.0,0.0,0.0,0,0,0,0,-0.3440964217172354,6.3774065194208,-2.691849476157789,6.9346889958333335
CHE,1971.0,0.0,0.0,0.0,0,0,0,0,-0.06211937353107082,4.07544263654522,-2.691849476157789,6.9346889958333335
CHE,1972.0,0.0,0.0,0.0,0,0,0,0,-0.055410026566940565,3.20050876339681,-2.691849476157789,6.9346889958333335
CHE,1973.0,0.0,0.0,0.0,0,0,0,0,0.08933679720201237,3.04990737667008,-2.691849476157789,6.9346889958333335
CHE,1974.0,0.0,0.0,0.0,0,0,0,0,0.1498280533445536,1.45490788032913,-2.691849476157789,6.9346889958333335
CHE,1975.0,0.0,0.0,0.0,0,0,0,0,-0.05260117641339612,-7.2831743804977,-2.691849476157789,6.9346889958333335
CHE,1976.0,0.0,0.0,0.0,0,0,0,0,-0.6264743506850878,-1.40367604081918,-2.309065269713316,6.9346889958333335
CHE,1977.0,0.0,0.0,0.0,0,0,0,0,-0.7117375195253149,2.4336521429565,-2.587377376932692,6.9346889958333335
CHE,1978.0,0.0,0.0,0.0,0,0,0,0,-0.7734061241042183,0.409083760053534,-2.587377376932692,6.9346889958333335
CHE,1979.0,0.0,0.0,0.0,0,0,0,0,-0.3403284796624946,2.49151208080576,-2.587377376932692,6.9346889958333335
CHE,1980.0,0.0,0.0,0.0,0,0,0,0,-0.2973210202159876,4.60197730568336,-2.8036127072282344,6.9346889958333335
CHE,1981.0,0.0,0.0,0.0,0,0,0,0,-0.06859180438743939,1.60133597507155,-2.8036127072282344,6.9346889958333335
CHE,1982.0,0.0,0.0,0.0,0,0,0,0,-0.13751323822197517,-1.30941759603877,-2.587377376932692,6.9346889958333335
CHE,1983.0,0.0,0.0,0.0,0,0,0,0,-0.42911473089532387,0.639079378496405,-2.1465787829930654,5.888257380833333
CHE,1984.0,0.0,0.0,0.0,0,0,0,0,-0.4316262596270271,3.00845657385564,-1.9984380755778712,6.6373992375
CHE,1985.0,0.0,0.0,0.0,0,0,0,0,-0.3660322059431825,3.67359579947677,-2.070886005013412,5.660392525833333
CHE,1986.0,0.0,0.0,0.0,0,0,0,0,-0.8456896835818039,1.85863294100406,-2.22584455768606,4.048303089166667
CHE,1987.0,0.0,0.0,0.0,0,0,0,0,-0.6809797397543826,1.58547798189052,-2.22584455768606,4.218014031666667
CHE,1988.0,0.0,0.0,0.0,0,0,0,0,-0.5974899764336801,3.27759628671245,-2.309065269713316,4.452901190833333
CHE,1989.0,0.0,0.0,0.0,0,0,0,0,-0.40164381798936666,4.33079421991349,-2.396689259230662,4.4047298725
CHE,1990.0,0.0,0.0,0.0,0,0,0,0,-0.15970696876613646,3.67462550079662,-1.4193025361811467,4.3208969375
CHE,1991.0,0.0,0.0,0.0,0,0,0,0,-0.11997241659700932,-0.915816616547943,-1.5523225793310926,3.9339278958333335
CHE,1992.0,0.0,0.0,0.0,0,0,0,0,-0.295710873027115,-0.0437330086271288,-1.2851120436730676,3.38244437
CHE,1993.0,0.0,0.0,0.0,0,0,0,0,-0.38393088780112944,-0.125983460416222,-0.7893724864041407,2.7144275875
CHE,1994.0,0.0,0.0,0.0,0,0,0,0,-0.8181778796295122,1.26975779924055,-0.7789536379781684,3.5351682466666667
CHE,1995.0,0.0,0.0,0.0,0,0,0,0,-0.6107256600756743,0.480866374676907,-0.9617465066122206,3.3100514933333334
CHE,1996.0,0.0,0.0,0.0,0,0,0,0,-0.8289567082079958,0.471280025458157,-0.7420585247532786,3.1400511850000004
CHE,1997.0,0.0,0.0,0.0,0,0,0,0,-0.9133826576253834,2.26132529914345,-0.5925219724328661,3.199334816666666
CHE,1998.0,0.0,0.0,0.0,0,0,0,0,-1.0992673403446216,3.02996930632413,-0.783257858526218,2.626002385
CHE,1999.0,0.0,0.0,0.0,0,0,0,0,-0.8303535725639068,1.66270104939127,-0.9780235666795579,2.8869701641666663
CHE,2000.0,0.0,0.0,0.0,0,0,0,0,-0.6569422393890881,3.95871990780931,-1.142694911315862,3.1165892308333336
CHE,2001.0,0.0,0.0,0.0,0,0,0,0,-0.7831810311778373,1.57566198688916,-1.217497948339394,2.237447555
CHE,2002.0,0.0,0.0,0.0,0,0,0,0,-0.8763192685011786,-0.0732172569941127,-1.0301947033296768,2.0336032691666666
CHE,2003.0,0.0,0.0,0.0,0,0,0,0,-0.8776197858426124,-0.0323984255438887,-0.5957704132174291,1.4457960183333334
CHE,2004.0,0.0,0.0,0.0,0,0,0,0,-0.8313072301739871,2.70170912949028,-0.5321468622073096,1.7008579225
CHE,2005.0,0.0,0.0,0.0,0,0,0,0,-0.739545195163311,2.74969910618739,-0.494473747344762,1.8895054916666665
CHE,2006.0,0.0,0.0,0.0,0,0,0,0,-0.7659701215375954,4.0736284178369,-0.6358556775117343,2.2836022075
CHE,2007.0,0.0,0.0,0.0,0,0,0,0,-0.8506863570278791,3.91637577227581,-0.7572253718945529,2.0393217333333333
CHE,2008.0,0.0,0.0,0.0,0,0,0,0,-0.505198179251366,2.8079835919566,-0.8632275597983312,1.3017102483333334
CHE,2009.0,0.0,0.0,0.0,0,0,0,0,-1.3678599689296544,-2.29737452570922,-0.5983731712542552,1.0468915
CHE,2010.0,0.0,0.0,0.0,0,0,0,0,-0.8631528124765789,3.24339715656356,-0.3833726131727255,0.8691600608333333
CHE,2011.0,0.0,0.0,0.0,0,0,0,0,-1.0122843692382775,1.81310830459596,-0.5031257091663717,0.5260605291666667
CHE,2012.0,0.0,0.0,0.0,0,0,0,0,-1.5103614244210752,1.17925385250513,-0.47789744263408435,-0.0132494616666666
CHE,2013.0,0.0,0.0,0.0,0,0,0,0,-1.2142687911106522,1.79214400716117,-0.401204816017704,0.2878436908333333
CHE,2014.0,0.0,0.0,0.0,0,0,0,0,-1.1132596312963188,2.34988141500179,-0.37814199349425587,0.61196865
CHE,2015.0,0.0,0.0,0.0,0,0,0,0,-1.8679123411061331,1.64462750849488,-0.3854105777051243,0.5890241975
CHL,1960.0,1.0,0.0,1.0,0,0,0,0,0.581982658856187,5.51961070344885,1.4042430814183728,6.9346889958333335
CHL,1961.0,0.0,0.0,0.0,1,0,0,1,0.581982658856187,5.51961070344885,1.4042430814183728,6.9346889958333335
CHL,1962.0,1.0,0.0,1.0,0,0,0,0,0.581982658856187,3.93078479110629,1.4042430814183728,6.9346889958333335
CHL,1963.0,0.0,0.0,0.0,1,0,0,1,0.581982658856187,5.68667190016438,1.4042430814183728,6.9346889958333335
CHL,1964.0,1.0,0.0,1.0,0,0,0,0,0.581982658856187,2.46113427734542,1.4042430814183728,6.9346889958333335
CHL,1965.0,0.0,0.0,0.0,1,0,0,1,0.581982658856187,0.670838636062939,1.4042430814183728,6.9346889958333335
CHL,1966.0,0.0,0.0,0.0,0,0,0,0,0.581982658856187,11.4634218589357,1.4042430814183728,6.9346889958333335
CHL,1967.0,0.0,0.0,0.0,0,0,0,0,0.581982658856187,3.58811073177469,1.4042430814183728,6.9346889958333335
CHL,1968.0,0.0,0.0,0.0,0,0,0,0,0.581982658856187,3.57371701447551,1.4042430814183728,6.9346889958333335
CHL,1969.0,0.0,0.0,0.0,0,0,0,0,0.581982658856187,4.10317976748962,1.4042430814183728,6.9346889958333335
CHL,1970.0,0.0,0.0,0.0,0,0,0,0,0.581982658856187,1.69447257971353,1.4042430814183728,6.9346889958333335
CHL,1971.0,1.0,0.0,1.0,0,0,0,0,0.581982658856187,9.57107393842624,1.4042430814183728,6.9346889958333335
CHL,1972.0,1.0,0.0,1.0,1,0,0,1,1.5532029444706383,-0.712365918422577,1.4042430814183728,6.9346889958333335
CHL,1973.0,1.0,0.0,1.0,1,0,0,1,2.885479773333656,-5.03775611682208,1.4042430814183728,6.9346889958333335
CHL,1974.0,1.0,0.0,1.0,1,0,0,1,3.243268783615859,1.2495800122858,1.4042430814183728,6.9346889958333335
CHL,1975.0,1.0,1.0,0.0,1,0,0,1,2.9445150132616447,-12.2737621533613,1.4042430814183728,6.9346889958333335
CHL,1976.0,1.0,1.0,0.0,1,1,0,0,2.4051156585542075,3.60469484521828,1.1539308445013088,6.9346889958333335
CHL,1977.0,0.0,0.0,0.0,1,1,0,0,1.6871748778459095,11.1491944807539,1.0242241229799345,6.9346889958333335
CHL,1978.0,0.0,0.0,0.0,0,0,0,0,1.0528699353460962,8.02682491365691,1.3511998088230142,6.9346889958333335
CHL,1979.0,0.0,0.0,0.0,0,0,0,0,0.923463819416864,8.43582175738598,1.2710713475747082,6.9346889958333335
CHL,1980.0,1.0,1.0,0.0,0,0,0,0,0.959235031781745,8.17228334347537,0.8151029346327441,6.9346889958333335
CHL,1981.0,1.0,1.0,0.0,1,1,0,0,0.5702033884553875,6.71863895635887,0.9532832588867852,6.9346889958333335
CHL,1982.0,1.0,1.0,1.0,1,1,0,0,0.15969800218838973,-11.5020620535762,1.9337545627609063,6.9346889958333335
CHL,1983.0,1.0,1.0,1.0,1,1,0,1,0.7841372928642935,-4.9352297090374,1.3993628955389652,5.888257380833333
CHL,1984.0,1.0,0.0,1.0,1,1,0,1,0.5758146942510869,3.98371018713553,1.307049765200967,6.6373992375
CHL,1985.0,1.0,0.0,1.0,1,0,0,1,0.8653374888871962,3.55239860775048,0.947263084016365,5.660392525833333
CHL,1986.0,1.0,0.0,1.0,1,0,0,1,0.5633518847554297,5.40556438635799,0.5134963658380595,4.048303089166667
CHL,1987.0,1.0,0.0,1.0,1,0,0,1,0.5764800220682951,6.73884253090458,0.2694481121083485,4.218014031666667
CHL,1988.0,1.0,0.0,1.0,1,0,0,1,0.3875416186255178,7.35081069623416,-0.008169166485204542,4.452901190833333
CHL,1989.0,1.0,0.0,1.0,1,0,0,1,0.47859264698227644,10.3583568690228,-0.24796541195039717,4.4047298725
CHL,1990.0,0.0,0.0,0.0,1,0,0,1,0.7533035984863364,3.59872304691744,-0.15781558420937175,4.3208969375
CHL,1991.0,0.0,0.0,0.0,0,0,0,0,0.635517882590096,7.75620189312957,-0.26431545863033135,3.9339278958333335
CHL,1992.0,0.0,0.0,0.0,0,0,0,0,0.4175563139706884,11.5019314370192,-0.5214857872914225,3.38244437
CHL,1993.0,0.0,0.0,0.0,0,0,0,0,0.3019792614791872,6.6855844008042,-0.47820311127861825,2.7144275875
CHL,1994.0,0.0,0.0,0.0,0,0,0,0,0.23984434771491633,5.07680374667352,-0.0965875311986997,3.5351682466666667
CHL,1995.0,0.0,0.0,0.0,0,0,0,0,0.05599452839249094,9.25542757753573,-0.41505779976553253,3.3100514933333334
CHL,1996.0,0.0,0.0,0.0,0,0,0,0,-0.00364482727003205,7.1148626270751,0.014757091098698504,3.1400511850000004
CHL,1997.0,0.0,0.0,0.0,0,0,0,0,-0.0971458407884087,7.3917392684331,-0.035255871273579625,3.199334816666666
CHL,1998.0,0.0,0.0,0.0,0,0,0,0,-0.1866415925891598,4.18088662700669,0.03507285590138329,2.626002385
CHL,1999.0,0.0,0.0,0.0,0,0,0,0,-0.378328194742662,-0.2736313981937,0.7632797029133835,2.8869701641666663
CHL,2000.0,0.0,0.0,0.0,0,0,0,0,-0.317522966701372,4.9716214882971,0.6839940670936573,3.1165892308333336
CHL,2001.0,0.0,0.0,0.0,0,0,0,0,-0.34971907313018064,3.15403492459967,0.7155323219763958,2.237447555
CHL,2002.0,0.0,0.0,0.0,0,0,0,0,-0.49547817873407873,3.20279913520113,0.7065941389259607,2.0336032691666666
CHL,2003.0,0.0,0.0,0.0,0,0,0,0,-0.4484971702816832,4.72324526861041,0.6616640285179451,1.4457960183333334
CHL,2004.0,0.0,0.0,0.0,0,0,0,0,-0.7671186686850606,6.67425416822923,0.741122240540552,1.7008579225
CHL,2005.0,0.0,0.0,0.0,0,0,0,0,-0.41522227090932307,5.83704571917758,0.609197871875728,1.8895054916666665
CHL,2006.0,0.0,0.0,0.0,0,0,0,0,-0.3714170674600948,6.04999082563968,0.3381128213925096,2.2836022075
CHL,2007.0,0.0,0.0,0.0,0,0,0,0,-0.25592722503411713,5.16823098528431,0.1983697708369526,2.0393217333333333
CHL,2008.0,0.0,0.0,0.0,0,0,0,0,0.08693756234348982,3.78939280635238,0.33649503323867874,1.3017102483333334
CHL,2009.0,0.0,0.0,0.0,0,0,0,0,-0.9683955998223475,-1.11803723642878,0.6875788461327014,1.0468915
CHL,2010.0,0.0,0.0,0.0,0,0,0,0,-0.6871591438948789,5.85165102224047,0.4830310075947682,0.8691600608333333
CHL,2011.0,0.0,0.0,0.0,0,0,0,0,-0.3777817352029098,6.22389678509138,0.2740432441134163,0.5260605291666667
CHL,2012.0,0.0,0.0,0.0,0,0,0,0,-0.42128385378944944,6.15534001855494,0.12199016447700517,-0.0132494616666666
CHL,2013.0,0.0,0.0,0.0,0,0,0,0,-0.6126213228863905,3.30850824710085,0.02305020875928875,0.2878436908333333
CHL,2014.0,0.0,0.0,0.0,0,0,0,0,-0.22435501795869564,1.79264947139259,0.11545424967687407,0.61196865
CHL,2015.0,0.0,0.0,0.0,0,0,0,0,-0.2620990655685136,2.15194249981184,0.07992413392927573,0.5890241975
CHN,1960.0,0.0,0.0,0.0,0,0,0,0,-0.012637736699867775,-27.2700000038883,-0.24525369406715075,6.9346889958333335
CHN,1961.0,0.0,0.0,0.0,0,0,0,0,-0.012637736699867775,-27.2700000038883,-0.24525369406715075,6.9346889958333335
CHN,1962.0,0.0,0.0,0.0,0,0,0,0,-0.012637736699867775,-5.57999999019671,-0.24525369406715075,6.9346889958333335
CHN,1963.0,0.0,0.0,0.0,0,0,0,0,-0.012637736699867775,10.2999999963989,-0.24525369406715075,6.9346889958333335
CHN,1964.0,0.0,0.0,0.0,0,0,0,0,-0.012637736699867775,18.1799999938203,-0.24525369406715075,6.9346889958333335
CHN,1965.0,0.0,0.0,0.0,0,0,0,0,-0.012637736699867775,16.9500000038699,-0.24525369406715075,6.9346889958333335
CHN,1966.0,0.0,0.0,0.0,0,0,0,0,-0.012637736699867775,10.6499999984174,-0.24525369406715075,6.9346889958333335
CHN,1967.0,0.0,0.0,0.0,0,0,0,0,-0.012637736699867775,-5.77000000405148,-0.24525369406715075,6.9346889958333335
CHN,1968.0,0.0,0.0,0.0,0,0,0,0,-0.012637736699867775,-4.09999998647768,-0.24525369406715075,6.9346889958333335
CHN,1969.0,0.0,0.0,0.0,0,0,0,0,-0.012637736699867775,16.9399999960609,-0.24525369406715075,6.9346889958333335
CHN,1970.0,0.0,0.0,0.0,0,0,0,0,-0.012637736699867775,19.2999999967022,-0.24525369406715075,6.9346889958333335
CHN,1971.0,0.0,0.0,0.0,0,0,0,0,-0.012637736699867775,7.05999999853672,-0.24525369406715075,6.9346889958333335
CHN,1972.0,0.0,0.0,0.0,0,0,0,0,-0.012637736699867775,3.81000000021984,-0.24525369406715075,6.9346889958333335
CHN,1973.0,0.0,0.0,0.0,0,0,0,0,-0.012637736699867775,7.76000000084325,-0.24525369406715075,6.9346889958333335
CHN,1974.0,0.0,0.0,0.0,0,0,0,0,-0.012637736699867775,2.31000000294736,-0.24525369406715075,6.9346889958333335
CHN,1975.0,0.0,0.0,0.0,0,0,0,0,-0.012637736699867775,8.71999999747992,-0.24525369406715075,6.9346889958333335
CHN,1976.0,0.0,0.0,0.0,0,0,0,0,-0.012637736699867775,-1.57000000165326,-0.24525369406715075,6.9346889958333335
CHN,1977.0,0.0,0.0,0.0,0,0,0,0,-0.012637736699867775,7.57000000138403,-0.24525369406715075,6.9346889958333335
CHN,1978.0,0.0,0.0,0.0,0,0,0,0,-0.012637736699867775,11.3259779878892,-0.24525369406715075,6.9346889958333335
CHN,1979.0,0.0,0.0,0.0,0,0,0,0,-0.012637736699867775,7.59132468000007,-0.21834186848695697,6.9346889958333335
CHN,1980.0,0.0,0.0,0.0,0,0,0,0,-0.012637736699867775,7.83414501593799,-0.35678594219235404,6.9346889958333335
CHN,1981.0,0.0,0.0,0.0,0,0,0,0,-0.012637736699867775,5.11276109058952,-0.7017432522947374,6.9346889958333335
CHN,1982.0,0.0,0.0,0.0,0,0,0,0,-0.012637736699867775,9.05928417062999,-0.9203167008671872,6.9346889958333335
CHN,1983.0,0.0,0.0,0.0,0,0,0,0,-0.012637736699867775,10.7273706842105,-1.3059959666306669,5.888257380833333
CHN,1984.0,0.0,0.0,0.0,0,0,0,0,-0.012637736699867775,15.2325609955089,-1.5079331211714273,6.6373992375
CHN,1985.0,0.0,0.0,0.0,0,0,0,0,-0.012637736699867775,13.435474366529,-1.5622178062906473,5.660392525833333
CHN,1986.0,0.0,0.0,0.0,0,0,0,0,-0.012637736699867775,8.93506493506504,-1.4552637211980184,4.048303089166667
CHN,1987.0,0.0,0.0,0.0,0,0,0,0,-0.012637736699867775,11.6282225655699,-1.4552637211980184,4.218014031666667
CHN,1988.0,0.0,0.0,0.0,0,0,0,0,0.5412444268959568,11.2225949825209,-1.4552637211980184,4.452901190833333
CHN,1989.0,0.0,0.0,0.0,0,0,0,0,0.5219092539136213,4.20633435547828,-1.1681732658984325,4.4047298725
CHN,1990.0,0.0,0.0,0.0,0,0,0,0,-0.41526051413704446,3.9416305983694,-1.2129580524262054,4.3208969375
CHN,1991.0,0.0,0.0,0.0,0,0,0,0,-0.35121626121333555,9.36170212784847,-1.3059959666306669,3.9339278958333335
CHN,1992.0,0.0,0.0,0.0,0,0,0,0,-0.07937061249990078,14.2996108947926,-1.3059959666306669,3.38244437
CHN,1993.0,0.0,0.0,0.0,0,0,0,0,0.3844675473373748,13.9290780143689,-1.1681732658984325,2.7144275875
CHN,1994.0,0.0,0.0,0.0,0,0,0,0,0.7061177546276091,13.0727091631599,-1.0817793229562096,3.5351682466666667
CHN,1995.0,0.0,0.0,0.0,0,0,0,0,0.4698787280877491,11.0328121562746,-1.040066307095482,3.3100514933333334
CHN,1996.0,1.0,1.0,0.0,0,0,0,0,0.06124295904951515,9.97619992053447,-0.999279687177209,3.1400511850000004
CHN,1997.0,1.0,1.0,0.0,1,1,0,0,-0.4518503280710128,9.2876465280865,-0.9593764837751357,3.199334816666666
CHN,1998.0,1.0,1.0,0.0,1,1,0,0,-1.5688601012935963,7.92079207933551,-0.9593764837751357,2.626002385
CHN,1999.0,0.0,0.0,0.0,1,1,0,0,-2.10433922272812,7.7370030581299,-0.9593764837751357,2.8869701641666663
CHN,2000.0,0.0,0.0,0.0,0,0,0,0,-0.9702112606037981,8.58643201808462,-0.7339960123103787,3.1165892308333336
CHN,2001.0,0.0,0.0,0.0,0,0,0,0,-0.8543946758973451,8.31263887091522,-0.7718018356598221,2.237447555
CHN,2002.0,0.0,0.0,0.0,0,0,0,0,-1.5386640518937886,9.24339326638321,-0.6341960752935942,2.0336032691666666
CHN,2003.0,0.0,0.0,0.0,0,0,0,0,-0.7498226956532276,10.1181928640117,-0.5371845155093857,1.4457960183333334
CHN,2004.0,0.0,0.0,0.0,0,0,0,0,-0.31966056672784665,10.1314073631003,-0.568975035510624,1.7008579225
CHN,2005.0,0.0,0.0,0.0,0,0,0,0,-0.6150553334392057,11.458238455067,-0.568975035510624,1.8895054916666665
CHN,2006.0,0.0,0.0,0.0,0,0,0,0,-0.6391043801093853,12.6746751655235,-0.6013055438665196,2.2836022075
CHN,2007.0,0.0,0.0,0.0,0,0,0,0,-0.21470194238709445,14.1499854947127,-0.6341960752935942,2.0393217333333333
CHN,2008.0,0.0,0.0,0.0,0,0,0,0,-0.11443700234721732,9.67024588602851,-0.568975035510624,1.3017102483333334
CHN,2009.0,0.0,0.0,0.0,0,0,0,0,-1.5359069571462107,9.40269972778044,-0.5371845155093857,1.0468915
CHN,2010.0,0.0,0.0,0.0,0,0,0,0,-0.3990261388985947,10.5962719761682,-0.6013055438665196,0.8691600608333333
CHN,2011.0,0.0,0.0,0.0,0,0,0,0,-0.1463677277781081,9.4613358870736,-0.6013055438665196,0.5260605291666667
CHN,2012.0,0.0,0.0,0.0,0,0,0,0,-0.47598575002327087,7.85617427055587,-0.6013055438665196,-0.0132494616666666
CHN,2013.0,0.0,0.0,0.0,0,0,0,0,-0.4757608379150837,7.77872409446717,-0.6176795101541435,0.2878436908333333
CHN,2014.0,0.0,0.0,0.0,0,0,0,0,-0.5886942085569326,7.46190028229434,-0.6013055438665196,0.61196865
CHN,2015.0,0.0,0.0,0.0,0,0,0,0,-0.6816647757298369,6.97878002657477,-0.6013055438665196,0.5890241975
COL,1960.0,0.0,0.0,0.0,0,0,0,0,-0.1238373341717613,5.08921698439107,0.8294953314211556,6.9346889958333335
COL,1961.0,0.0,0.0,0.0,0,0,0,0,0.059294333575441234,5.08921698439107,0.8294953314211556,6.9346889958333335
COL,1962.0,0.0,0.0,0.0,0,0,0,0,-0.22649806083395982,5.41188961342047,0.8294953314211556,6.9346889958333335
COL,1963.0,0.0,0.0,0.0,0,0,0,0,0.7614747703078473,3.28670755407101,0.8294953314211556,6.9346889958333335
COL,1964.0,0.0,0.0,0.0,0,0,0,0,0.4802196449649043,6.16694132350723,0.8294953314211556,6.9346889958333335
COL,1965.0,0.0,0.0,0.0,0,0,0,0,0.012673697901688067,3.60001138983772,0.8294953314211556,6.9346889958333335
COL,1966.0,0.0,0.0,0.0,0,0,0,0,0.4675404873013252,5.23673586229452,0.8294953314211556,6.9346889958333335
COL,1967.0,0.0,0.0,0.0,0,0,0,0,0.06221822479095993,4.13486416579858,0.8294953314211556,6.9346889958333335
COL,1968.0,0.0,0.0,0.0,0,0,0,0,0.0026319885534119535,5.93311799878289,0.8294953314211556,6.9346889958333335
COL,1969.0,0.0,0.0,0.0,0,0,0,0,-0.031104986950090036,6.10251730873333,0.8294953314211556,6.9346889958333335
COL,1970.0,0.0,0.0,0.0,0,0,0,0,-0.03654847008497434,6.20779696127698,0.8294953314211556,6.9346889958333335
COL,1971.0,0.0,0.0,0.0,0,0,0,0,0.2645223078256857,5.9607279462907,0.8294953314211556,6.9346889958333335
COL,1972.0,0.0,0.0,0.0,0,0,0,0,0.28872397413833206,7.66914754440097,0.8294953314211556,6.9346889958333335
COL,1973.0,0.0,0.0,0.0,0,0,0,0,0.6574695684058,6.72295496919133,0.8294953314211556,6.9346889958333335
COL,1974.0,0.0,0.0,0.0,0,0,0,0,0.695502018434089,5.74575718912141,0.8294953314211556,6.9346889958333335
COL,1975.0,0.0,0.0,0.0,0,0,0,0,0.68341039719378,2.32325528115796,0.8294953314211556,6.9346889958333335
COL,1976.0,0.0,0.0,0.0,0,0,0,0,0.5748795414539974,4.7283687345395,0.7357959787794259,6.9346889958333335
COL,1977.0,0.0,0.0,0.0,0,0,0,0,0.9320624785138786,4.15850545346419,0.6376942918961166,6.9346889958333335
COL,1978.0,0.0,0.0,0.0,0,0,0,0,0.5050389022072678,8.4699008376688,0.6201502424919704,6.9346889958333335
COL,1979.0,0.0,0.0,0.0,0,0,0,0,0.702753039059354,5.37911898820207,0.6024563836688832,6.9346889958333335
COL,1980.0,0.0,0.0,0.0,0,0,0,0,0.766485941478971,4.08735367550767,0.5846099484997334,6.9346889958333335
COL,1981.0,1.0,1.0,0.0,0,0,0,0,0.7889938641061375,2.27687274512178,0.4029670547634715,6.9346889958333335
COL,1982.0,1.0,1.0,0.0,1,1,0,0,0.7186927672000022,0.948420786604515,0.9697511247945608,6.9346889958333335
COL,1983.0,1.0,1.0,0.0,1,1,0,0,0.5672901746020735,1.57395603843689,0.9199584642657126,5.888257380833333
COL,1984.0,1.0,1.0,0.0,1,1,0,0,0.4462018411864879,3.35068373940706,1.1878619426759316,6.6373992375
COL,1985.0,1.0,1.0,0.0,1,1,0,0,0.7015477969013683,3.1071061957296,1.3044995876456529,5.660392525833333
COL,1986.0,1.0,1.0,0.0,1,1,0,0,0.5422772274390139,5.82407613745866,1.1797671674902541,4.048303089166667
COL,1987.0,0.0,0.0,0.0,1,1,0,0,0.679593038241472,5.36893214821323,0.8736520365122673,4.218014031666667
COL,1988.0,0.0,0.0,0.0,0,0,0,0,0.8049605703381577,4.06417324490376,0.845767532801204,4.452901190833333
COL,1989.0,0.0,0.0,0.0,0,0,0,0,0.7489418224109995,3.41409610966596,0.8175085258738284,4.4047298725
COL,1990.0,0.0,0.0,0.0,0,0,0,0,0.8297818855231615,4.28199833053058,0.7888640746566258,4.3208969375
COL,1991.0,0.0,0.0,0.0,0,0,0,0,0.8582272857740226,2.00160759559029,0.7598227402627006,3.9339278958333335
COL,1992.0,0.0,0.0,0.0,0,0,0,0,0.7780037467345656,4.04492943933556,0.6446705702404397,3.38244437
COL,1993.0,0.0,0.0,0.0,0,0,0,0,0.6549334311684293,5.38540993901029,0.3373040883163894,2.7144275875
COL,1994.0,0.0,0.0,0.0,0,0,0,0,0.666612953344095,5.81466190724336,0.4263298475898599,3.5351682466666667
COL,1995.0,0.0,0.0,0.0,0,0,0,0,0.6083893514666173,5.20243759278655,0.5153507878145259,3.3100514933333334
COL,1996.0,0.0,0.0,0.0,0,0,0,0,0.6054701540503092,2.05585471287195,1.0213150370915904,3.1400511850000004
COL,1997.0,1.0,1.0,0.0,0,0,0,0,0.5296303054302975,3.43029367788374,1.0688145016525985,3.199334816666666
COL,1998.0,1.0,1.0,0.0,1,1,0,0,0.5366836008315938,0.569784088434517,1.44169941004096,2.626002385
COL,1999.0,1.0,1.0,0.0,1,1,0,0,0.21050375278822017,-4.20401524244947,1.9774952739827585,2.8869701641666663
COL,2000.0,0.0,0.0,0.0,1,1,0,0,0.11809651406473584,2.92486148176778,2.02040713438975,3.1165892308333336
COL,2001.0,0.0,0.0,0.0,0,0,0,0,0.038299543183561366,1.67789830787579,1.4464860929937633,2.237447555
COL,2002.0,0.0,0.0,0.0,0,0,0,0,-0.07956782044054786,2.50398046659659,1.3786227738656212,2.0336032691666666
COL,2003.0,0.0,0.0,0.0,0,0,0,0,-0.020197060796402884,3.91827190322513,1.2174179982225544,1.4457960183333334
COL,2004.0,0.0,0.0,0.0,0,0,0,0,-0.1162220342006024,5.33302206759905,1.282701119842246,1.7008579225
COL,2005.0,0.0,0.0,0.0,0,0,0,0,-0.19220901562868425,4.82876110773741,0.9095509699907391,1.8895054916666665
COL,2006.0,0.0,0.0,0.0,0,0,0,0,-0.2679404770339169,6.71686869844402,0.9262850168488092,2.2836022075
COL,2007.0,0.0,0.0,0.0,0,0,0,0,-0.14720622604459774,6.73819469090975,0.9428877352986229,2.0393217333333333
COL,2008.0,0.0,0.0,0.0,0,0,0,0,-0.029975990936069993,3.28344618616541,0.9588367366924039,1.3017102483333334
COL,2009.0,0.0,0.0,0.0,0,0,0,0,-0.27765048431639644,1.13964864548062,1.077338312999781,1.0468915
COL,2010.0,0.0,0.0,0.0,0,0,0,0,-0.5294974038441751,4.49465897070922,0.9234670837741182,0.8691600608333333
COL,2011.0,0.0,0.0,0.0,0,0,0,0,-0.3685544373227924,6.94789198173555,0.7873199061987876,0.5260605291666667
COL,2012.0,0.0,0.0,0.0,0,0,0,0,-0.39981112662313295,3.91263576716115,0.7331277458188481,-0.0132494616666666
COL,2013.0,0.0,0.0,0.0,0,0,0,0,-0.5719984294504765,5.13399351995672,0.6106143396584497,0.2878436908333333
COL,2014.0,0.0,0.0,0.0,0,0,0,0,-0.4361189499591892,4.49903000110972,0.5299422690456995,0.61196865
COL,2015.0,0.0,0.0,0.0,0,0,0,0,-0.1980104229156787,2.95590137527523,0.4877330419836246,0.5890241975
CRI,1960.0,0.0,0.0,0.0,0,0,0,0,-0.8347469837381716,1.8792765563641,-0.05163848537135583,6.9346889958333335
CRI,1961.0,1.0,0.0,1.0,0,0,0,0,-0.5044636426892242,1.8792765563641,-0.05163848537135583,6.9346889958333335
CRI,1962.0,0.0,0.0,0.0,1,0,0,1,-0.4674441325149508,5.44239137528237,-0.05163848537135583,6.9346889958333335
CRI,1963.0,0.0,0.0,0.0,0,0,0,0,-0.431604058023803,6.89892344200918,-0.05163848537135583,6.9346889958333335
CRI,1964.0,0.0,0.0,0.0,0,0,0,0,-0.37994928590022664,3.65904831414015,-0.05163848537135583,6.9346889958333335
CRI,1965.0,0.0,0.0,0.0,0,0,0,0,-1.4909153079008393,8.1905275942481,-0.05163848537135583,6.9346889958333335
CRI,1966.0,0.0,0.0,0.0,0,0,0,0,-1.0308185855362535,6.96931903096743,-0.05163848537135583,6.9346889958333335
CRI,1967.0,0.0,0.0,0.0,0,0,0,0,-0.7312484722202373,5.65012592038407,-0.05163848537135583,6.9346889958333335
CRI,1968.0,0.0,0.0,0.0,0,0,0,0,-0.2894480011757409,8.47330434699462,-0.05163848537135583,6.9346889958333335
CRI,1969.0,0.0,0.0,0.0,0,0,0,0,-0.474540069705804,5.4917999425584,-0.05163848537135583,6.9346889958333335
CRI,1970.0,0.0,0.0,0.0,0,0,0,0,-0.23096896743812337,7.50313434335064,-0.05163848537135583,6.9346889958333335
CRI,1971.0,0.0,0.0,0.0,0,0,0,0,-0.41116228068327243,6.77850542642193,-0.05163848537135583,6.9346889958333335
CRI,1972.0,0.0,0.0,0.0,0,0,0,0,-0.23611394680157036,8.17804513351518,-0.05163848537135583,6.9346889958333335
CRI,1973.0,0.0,0.0,0.0,0,0,0,0,0.40910558594000007,7.70891581191246,-0.05163848537135583,6.9346889958333335
CRI,1974.0,0.0,0.0,0.0,0,0,0,0,0.8510886916885334,5.54489999097112,-0.05163848537135583,6.9346889958333335
CRI,1975.0,0.0,0.0,0.0,0,0,0,0,0.4909822811632598,2.10007104948492,-0.05163848537135583,6.9346889958333335
CRI,1976.0,0.0,0.0,0.0,0,0,0,0,-0.35982916507495755,5.51756440295588,-0.05163848537135583,6.9346889958333335
CRI,1977.0,0.0,0.0,0.0,0,0,0,0,-0.2789729956550256,8.90447443155173,-0.05163848537135583,6.9346889958333335
CRI,1978.0,0.0,0.0,0.0,0,0,0,0,-0.10759743685259697,6.2676868244256,-0.05163848537135583,6.9346889958333335
CRI,1979.0,0.0,0.0,0.0,0,0,0,0,0.11588152094510254,4.93912395498313,-0.05163848537135583,6.9346889958333335
CRI,1980.0,1.0,0.0,1.0,0,0,0,0,0.5180793181588703,0.751895403326316,-0.05163848537135583,6.9346889958333335
CRI,1981.0,1.0,0.0,1.0,1,0,0,1,0.9967724885854189,-2.26165550729665,-0.05163848537135583,6.9346889958333335
CRI,1982.0,1.0,0.0,1.0,1,0,0,1,1.6708741759565184,-7.28556884666179,-0.05163848537135583,6.9346889958333335
CRI,1983.0,1.0,0.0,1.0,1,0,0,1,0.9073094200578611,2.86299270239464,-0.05163848537135583,5.888257380833333
CRI,1984.0,1.0,0.0,1.0,1,0,0,1,0.2648719345166668,8.02410790730326,-0.05163848537135583,6.6373992375
CRI,1985.0,1.0,0.0,1.0,1,0,0,1,0.40279408067087197,0.721601729268301,-0.05163848537135583,5.660392525833333
CRI,1986.0,1.0,1.0,1.0,1,0,0,1,0.25936971698535444,5.53625084315689,-0.05163848537135583,4.048303089166667
CRI,1987.0,1.0,1.0,1.0,1,1,0,1,0.4717718288913501,4.76453327969497,-0.05163848537135583,4.218014031666667
CRI,1988.0,1.0,1.0,1.0,1,1,0,1,0.6065545453264247,3.43214737968853,-0.05163848537135583,4.452901190833333
CRI,1989.0,1.0,1.0,1.0,1,1,0,1,0.4593872358869678,5.66597554871299,-0.05163848537135583,4.4047298725
CRI,1990.0,1.0,1.0,0.0,1,1,0,1,0.5488933020235405,3.55306336572285,-0.05163848537135583,4.3208969375
CRI,1991.0,0.0,0.0,0.0,1,1,0,0,0.8193445645979173,2.26565496296193,-0.05163848537135583,3.9339278958333335
CRI,1992.0,0.0,0.0,0.0,0,0,0,0,0.635719679417411,9.2011037327736,-0.05163848537135583,3.38244437
CRI,1993.0,1.0,1.0,0.0,0,0,0,0,0.15046815581146056,7.09719123999687,-0.05163848537135583,2.7144275875
CRI,1994.0,1.0,1.0,0.0,1,1,0,0,0.33846330215410203,4.51902837637206,-0.05163848537135583,3.5351682466666667
CRI,1995.0,1.0,1.0,0.0,1,1,0,0,0.676323037665225,4.15395304333353,-0.05163848537135583,3.3100514933333334
CRI,1996.0,0.0,0.0,0.0,1,1,0,0,0.49608777462074316,1.35045949139338,-0.05163848537135583,3.1400511850000004
CRI,1997.0,0.0,0.0,0.0,0,0,0,0,0.32571532299187916,5.4761657765486,-0.05163848537135583,3.199334816666666
CRI,1998.0,0.0,0.0,0.0,0,0,0,0,0.2506787041785619,7.15530857859194,-0.05163848537135583,2.626002385
CRI,1999.0,0.0,0.0,0.0,0,0,0,0,0.1655598064948091,4.21481117123987,-0.05163848537135583,2.8869701641666663
CRI,2000.0,0.0,0.0,0.0,0,0,0,0,0.21510956802506795,3.86871808953644,-0.05163848537135583,3.1165892308333336
CRI,2001.0,0.0,0.0,0.0,0,0,0,0,0.2303140618395686,3.49116989434005,-0.05163848537135583,2.237447555
CRI,2002.0,0.0,0.0,0.0,0,0,0,0,0.11462575620303747,3.41687639041064,0.03130886473393915,2.0336032691666666
CRI,2003.0,0.0,0.0,0.0,0,0,0,0,0.1312781219405764,4.31717986636224,0.09115245482552199,1.4457960183333334
CRI,2004.0,0.0,0.0,0.0,0,0,0,0,0.2825772402389517,4.42459959654504,0.04281366792112558,1.7008579225
CRI,2005.0,0.0,0.0,0.0,0,0,0,0,0.35001403699791794,3.97666636818026,0.11274347527058177,1.8895054916666665
CRI,2006.0,0.0,0.0,0.0,0,0,0,0,0.24123044803754792,7.3266954325067,-0.08257094068753816,2.2836022075
CRI,2007.0,0.0,0.0,0.0,0,0,0,0,0.1259495035052332,8.21513198348715,-0.4578303022767195,2.0393217333333333
CRI,2008.0,0.0,0.0,0.0,0,0,0,0,0.3335932778891158,4.73817487754022,-0.34705225522240074,1.3017102483333334
CRI,2009.0,0.0,0.0,0.0,0,0,0,0,0.030005289654800767,-0.873455942787785,0.34215166633955835,1.0468915
CRI,2010.0,0.0,0.0,0.0,0,0,0,0,-0.13684822478853323,5.36034352634111,0.20593673976948546,0.8691600608333333
CRI,2011.0,0.0,0.0,0.0,0,0,0,0,-0.2087477330616996,4.40315923970431,0.6582072492616513,0.5260605291666667
CRI,2012.0,0.0,0.0,0.0,0,0,0,0,-0.24686901374916162,4.88259241025739,0.5864015384308686,-0.0132494616666666
CRI,2013.0,0.0,0.0,0.0,0,0,0,0,-0.17540407001825795,2.49476611209954,0.4201258428394269,0.2878436908333333
CRI,2014.0,0.0,0.0,0.0,0,0,0,0,-0.24443648600449278,3.54210987765977,0.47397279359740685,0.61196865
CRI,2015.0,0.0,0.0,0.0,0,0,0,0,-0.8315574608975222,3.65208096802883,0.4580240167855353,0.5890241975
DEU,1960.0,0.0,0.0,0.0,0,0,0,0,-0.6613252143170556,4.29843956416359,0.04374990528034732,6.9346889958333335
DEU,1961.0,0.0,0.0,0.0,0,0,0,0,-0.5260161409713349,4.29843956416359,0.04374990528034732,6.9346889958333335
DEU,1962.0,0.0,0.0,0.0,0,0,0,0,-0.4438481266871677,4.62347095715678,0.04374990528034732,6.9346889958333335
DEU,1963.0,0.0,0.0,0.0,0,0,0,0,-0.4267729264901007,2.73529640413561,0.04374990528034732,6.9346889958333335
DEU,1964.0,0.0,0.0,0.0,0,0,0,0,-0.51932567594182,6.63946990966824,0.04374990528034732,6.9346889958333335
DEU,1965.0,0.0,0.0,0.0,0,0,0,0,-0.39036005836524584,5.24416405342727,0.04374990528034732,6.9346889958333335
DEU,1966.0,0.0,0.0,0.0,0,0,0,0,-0.3540751886962353,2.81218127523877,0.04374990528034732,6.9346889958333335
DEU,1967.0,0.0,0.0,0.0,0,0,0,0,-0.6114221305671367,-0.330256485487652,0.04374990528034732,6.9346889958333335
DEU,1968.0,0.0,0.0,0.0,0,0,0,0,-0.6747918090399455,5.66877305970866,0.04374990528034732,6.9346889958333335
DEU,1969.0,0.0,0.0,0.0,0,0,0,0,-0.5902878562481279,7.41810275269879,0.04374990528034732,6.9346889958333335
DEU,1970.0,0.0,0.0,0.0,0,0,0,0,-0.3641994230400158,5.1031445446857,0.04374990528034732,6.9346889958333335
DEU,1971.0,0.0,0.0,0.0,0,0,0,0,-0.17451774194185557,3.13269976979846,0.04374990528034732,6.9346889958333335
DEU,1972.0,0.0,0.0,0.0,0,0,0,0,-0.15246994437540193,4.30034129247663,0.04374990528034732,6.9346889958333335
DEU,1973.0,0.0,0.0,0.0,0,0,0,0,-0.027376857621847772,4.77748690945469,0.04374990528034732,6.9346889958333335
DEU,1974.0,0.0,0.0,0.0,0,0,0,0,-0.030751145843165472,0.890068699312494,0.04374990528034732,6.9346889958333335
DEU,1975.0,0.0,0.0,0.0,0,0,0,0,-0.11569049912313448,-0.866738936529003,0.04374990528034732,6.9346889958333335
DEU,1976.0,1.0,1.0,0.0,0,0,0,0,-0.2729202804436149,4.94925843456397,0.04374990528034732,6.9346889958333335
DEU,1977.0,1.0,1.0,0.0,1,1,0,0,-0.3301415307124322,3.34721808033223,0.04374990528034732,6.9346889958333335
DEU,1978.0,1.0,1.0,0.0,1,1,0,0,-0.4615343212343175,3.00849288842491,0.04374990528034732,6.9346889958333335
DEU,1979.0,0.0,0.0,0.0,1,1,0,0,-0.29498191169477467,4.15036333786591,0.04374990528034732,6.9346889958333335
DEU,1980.0,0.0,0.0,0.0,0,0,0,0,-0.15638150989254346,1.40882864441943,0.04374990528034732,6.9346889958333335
DEU,1981.0,0.0,0.0,0.0,0,0,0,0,-0.08014721116147629,0.529240541969116,0.04374990528034732,6.9346889958333335
DEU,1982.0,0.0,0.0,0.0,0,0,0,0,-0.1745112550103013,-0.394840735634787,0.04374990528034732,6.9346889958333335
DEU,1983.0,0.0,0.0,0.0,0,0,0,0,-0.38383006669599706,1.57241014192158,0.04374990528034732,5.888257380833333
DEU,1984.0,0.0,0.0,0.0,0,0,0,0,-0.5083374174465434,2.82294783585535,0.09548936184944934,6.6373992375
DEU,1985.0,0.0,0.0,0.0,0,0,0,0,-0.5635549948619492,2.32793520067574,0.1410251431043372,5.660392525833333
DEU,1986.0,0.0,0.0,0.0,0,0,0,0,-1.168800306067422,2.28733925852798,0.08061340028881842,4.048303089166667
DEU,1987.0,0.0,0.0,0.0,0,0,0,0,-1.005355249392119,1.4021515883601,0.12715868670309857,4.218014031666667
DEU,1988.0,0.0,0.0,0.0,0,0,0,0,-0.716546230618286,3.70723567991882,0.013094305005107975,4.452901190833333
DEU,1989.0,0.0,0.0,0.0,0,0,0,0,-0.4526867896892126,3.89655170553733,-0.13847614379121176,4.4047298725
DEU,1990.0,0.0,0.0,0.0,0,0,0,0,-0.4647441493653297,5.25500610110028,-0.35965813998826823,4.3208969375
DEU,1991.0,0.0,0.0,0.0,0,0,0,0,-0.29460474656944274,5.10826150190911,-0.24092277608091278,3.9339278958333335
DEU,1992.0,0.0,0.0,0.0,0,0,0,0,-0.19164681646964382,2.01361340926105,0.01404463893861461,3.38244437
DEU,1993.0,0.0,0.0,0.0,0,0,0,0,-0.24901498579905282,-0.973033082340891,0.3118675116883808,2.7144275875
DEU,1994.0,0.0,0.0,0.0,0,0,0,0,-0.46523830188352655,2.59685569693275,0.5166478893121611,3.5351682466666667
DEU,1995.0,0.0,0.0,0.0,0,0,0,0,-0.6282395988566767,1.50499384201356,0.40844232184897616,3.3100514933333334
DEU,1996.0,0.0,0.0,0.0,0,0,0,0,-0.6790306194497687,1.0378755674358,0.5341710576549341,3.1400511850000004
DEU,1997.0,0.0,0.0,0.0,0,0,0,0,-0.585554205196464,1.85432238398302,0.7167099777142658,3.199334816666666
DEU,1998.0,0.0,0.0,0.0,0,0,0,0,-0.8028121966505359,2.09561231172233,0.7042266969795362,2.626002385
DEU,1999.0,0.0,0.0,0.0,0,0,0,0,-0.8933416196228319,2.12957016297766,0.5400401861698575,2.8869701641666663
DEU,2000.0,0.0,0.0,0.0,0,0,0,0,-0.6809908443161178,2.8765231247659,0.36082762675700786,3.1165892308333336
DEU,2001.0,0.0,0.0,0.0,0,0,0,0,-0.5777477258856019,1.63614170690956,0.33183670390431785,2.237447555
DEU,2002.0,0.0,0.0,0.0,0,0,0,0,-0.6850450637542624,-0.228255715793637,0.47075506177734305,2.0336032691666666
DEU,2003.0,0.0,0.0,0.0,0,0,0,0,-0.7720846931343941,-0.529801394291297,0.7028726645893637,1.4457960183333334
DEU,2004.0,0.0,0.0,0.0,0,0,0,0,-0.6359609575507138,1.16208684507278,0.8575161617302899,1.7008579225
DEU,2005.0,0.0,0.0,0.0,0,0,0,0,-0.6592615632563771,0.885485292551564,0.9295552031737551,1.8895054916666665
DEU,2006.0,0.0,0.0,0.0,0,0,0,0,-0.6531892148149345,3.86668241523209,0.7855304991568289,2.2836022075
DEU,2007.0,1.0,1.0,0.0,0,0,0,0,-0.5252726564640503,2.8891174138025,0.5175738899715289,2.0393217333333333
DEU,2008.0,1.0,1.0,0.0,1,1,0,0,-0.4746814494922459,0.887902330743628,0.27737861453513596,1.3017102483333334
DEU,2009.0,1.0,1.0,0.0,1,1,0,0,-0.9825381938935468,-5.54455451920674,0.35341793231251484,1.0468915
DEU,2010.0,0.0,0.0,0.0,1,1,0,0,-0.7554131924470769,4.13463778522758,0.17812385342224166,0.8691600608333333
DEU,2011.0,0.0,0.0,0.0,0,0,0,0,-0.5620346977736359,3.75796884489337,-0.07237159147996701,0.5260605291666667
DEU,2012.0,0.0,0.0,0.0,0,0,0,0,-0.5734686207444161,0.463512036709204,-0.22583984739192417,-0.0132494616666666
DEU,2013.0,0.0,0.0,0.0,0,0,0,0,-0.6677615088448582,0.396995583779145,-0.24092277608091278,0.2878436908333333
DEU,2014.0,0.0,0.0,0.0,0,0,0,0,-0.8039398190509668,2.18018602168017,-0.33424426201333884,0.61196865
DEU,2015.0,0.0,0.0,0.0,0,0,0,0,-0.9152009425921446,1.66300602334775,-0.4412665032580795,0.5890241975
DNK,1960.0,0.0,0.0,0.0,0,0,0,0,-0.7207299081028201,6.37883247557379,-2.1465787829930654,6.9346889958333335
DNK,1961.0,0.0,0.0,0.0,0,0,0,0,-0.36402946944080833,6.37883247557379,-2.1465787829930654,6.9346889958333335
DNK,1962.0,0.0,0.0,0.0,0,0,0,0,-0.0023124429567431617,5.66682217271797,-2.1465787829930654,6.9346889958333335
DNK,1963.0,0.0,0.0,0.0,0,0,0,0,-0.09950925621669712,0.637021234202479,-2.1465787829930654,6.9346889958333335
DNK,1964.0,0.0,0.0,0.0,0,0,0,0,-0.409870759043693,9.26993821451785,-2.1465787829930654,6.9346889958333335
DNK,1965.0,0.0,0.0,0.0,0,0,0,0,-0.15558240618993702,4.55525481407106,-2.1465787829930654,6.9346889958333335
DNK,1966.0,0.0,0.0,0.0,0,0,0,0,-0.024949642183683847,2.74091010903241,-2.1465787829930654,6.9346889958333335
DNK,1967.0,0.0,0.0,0.0,0,0,0,0,0.05437174301199654,5.88623124121932,-2.1465787829930654,6.9346889958333335
DNK,1968.0,0.0,0.0,0.0,0,0,0,0,0.04095501994848303,5.85299737649714,-2.1465787829930654,6.9346889958333335
DNK,1969.0,0.0,0.0,0.0,0,0,0,0,-0.3595739177513077,6.79912047392293,-2.1465787829930654,6.9346889958333335
DNK,1970.0,0.0,0.0,0.0,0,0,0,0,-0.06667029728045651,1.85600172758038,-2.1465787829930654,6.9346889958333335
DNK,1971.0,0.0,0.0,0.0,0,0,0,0,-0.11910326782525793,3.17782168196071,-2.1465787829930654,6.9346889958333335
DNK,1972.0,0.0,0.0,0.0,0,0,0,0,-0.06296365906710151,3.79759816845579,-2.1465787829930654,6.9346889958333335
DNK,1973.0,0.0,0.0,0.0,0,0,0,0,0.12275317752978364,4.71949291132046,-2.1465787829930654,6.9346889958333335
DNK,1974.0,0.0,0.0,0.0,0,0,0,0,0.4115564330321083,-0.964267384329801,-1.4041100327563103,6.9346889958333335
DNK,1975.0,0.0,0.0,0.0,0,0,0,0,0.14050440123484453,-1.40989953291778,-0.300219040878156,6.9346889958333335
DNK,1976.0,0.0,0.0,0.0,0,0,0,0,0.10510164086945006,5.99340195153275,-0.24525369406715075,6.9346889958333335
DNK,1977.0,0.0,0.0,0.0,0,0,0,0,0.21305245628791328,1.98543025474245,0.03225053057630141,6.9346889958333335
DNK,1978.0,0.0,0.0,0.0,0,0,0,0,0.17492607889177575,2.41699354282181,0.23358350767421485,6.9346889958333335
DNK,1979.0,0.0,0.0,0.0,0,0,0,0,0.14081977507566076,4.05329979126334,-0.039643858840117646,6.9346889958333335
DNK,1980.0,0.0,0.0,0.0,0,0,0,0,0.2821252142732302,-0.751430002361559,0.16869344420565524,6.9346889958333335
DNK,1981.0,0.0,0.0,0.0,0,0,0,0,0.2560356781393036,-0.740986389012875,0.6024563836688832,6.9346889958333335
DNK,1982.0,0.0,0.0,0.0,0,0,0,0,0.16977739423012947,3.89211245643591,0.7399582806528803,6.9346889958333335
DNK,1983.0,0.0,0.0,0.0,0,0,0,0,-0.03657794789107397,2.65480394401855,0.6971081903308134,5.888257380833333
DNK,1984.0,0.0,0.0,0.0,0,0,0,0,-0.08442662304207968,4.33934505132922,0.5424197527686959,6.6373992375
DNK,1985.0,0.0,0.0,0.0,0,0,0,0,-0.2283250309922051,4.15308383294486,0.33669732721077217,5.660392525833333
DNK,1986.0,1.0,1.0,0.0,0,0,0,0,-0.3367136408398211,4.73340611933794,-0.05606301371735294,4.048303089166667
DNK,1987.0,1.0,1.0,0.0,1,1,0,0,-0.29759929885112396,0.462955829960563,-0.041841507208293605,4.218014031666667
DNK,1988.0,1.0,1.0,0.0,1,1,0,0,-0.24280963019965526,0.272951118976223,0.052389290944659245,4.452901190833333
DNK,1989.0,1.0,1.0,0.0,1,1,0,0,-0.2190186343405409,0.697173210370437,0.40668401530092363,4.4047298725
DNK,1990.0,1.0,1.0,0.0,1,1,0,0,-0.4727389671262577,1.66026774169177,0.4432944531106483,4.3208969375
DNK,1991.0,1.0,1.0,0.0,1,1,0,0,-0.5099935652829781,1.45818005306188,0.5844307040756581,3.9339278958333335
DNK,1992.0,0.0,0.0,0.0,1,1,0,0,-0.558500172686599,2.0228112415746,0.571484074250877,3.38244437
DNK,1993.0,0.0,0.0,0.0,0,0,0,0,-0.7201463374551745,-0.078900412805325,0.8562577017430899,2.7144275875
DNK,1994.0,0.0,0.0,0.0,0,0,0,0,-0.5763272134477474,5.29469615156448,0.3844776125808984,3.5351682466666667
DNK,1995.0,0.0,0.0,0.0,0,0,0,0,-0.5606036639354971,3.03802150461165,0.16693405363720448,3.3100514933333334
DNK,1996.0,0.0,0.0,0.0,0,0,0,0,-0.5534133750156636,2.89575069230459,0.13410391320673015,3.1400511850000004
DNK,1997.0,0.0,0.0,0.0,0,0,0,0,-0.5441309318429143,3.16848143784479,-0.21834186848695697,3.199334816666666
DNK,1998.0,0.0,0.0,0.0,0,0,0,0,-0.60234211065938,2.32630274538961,-0.31729762644504894,2.626002385
DNK,1999.0,0.0,0.0,0.0,0,0,0,0,-0.49420141615314883,2.96730536257029,-0.2888238468540555,2.8869701641666663
DNK,2000.0,0.0,0.0,0.0,0,0,0,0,-0.4355049278122795,3.72400899471576,-0.4824876001510406,3.1165892308333336
DNK,2001.0,0.0,0.0,0.0,0,0,0,0,-0.5189879917078695,0.95003224600012,-0.5805507894728393,2.237447555
DNK,2002.0,0.0,0.0,0.0,0,0,0,0,-0.5054463636502476,0.456530018779986,-0.5453991797083366,2.0336032691666666
DNK,2003.0,0.0,0.0,0.0,0,0,0,0,-0.562050770505865,0.441091006625101,-0.21887648471236146,1.4457960183333334
DNK,2004.0,0.0,0.0,0.0,0,0,0,0,-0.7436010632640022,2.77635180744053,-0.2714433400296655,1.7008579225
DNK,2005.0,0.0,0.0,0.0,0,0,0,0,-0.6074208174027405,2.35960882992528,-0.37698155584794196,1.8895054916666665
DNK,2006.0,0.0,0.0,0.0,0,0,0,0,-0.5882363137304121,3.81648769908172,-0.6686811909699518,2.2836022075
DNK,2007.0,1.0,1.0,0.0,0,0,0,0,-0.6306916762767744,0.987173815945127,-0.7013994328584173,2.0393217333333333
DNK,2008.0,1.0,1.0,0.0,1,1,0,0,-0.3684012631901636,-0.417178439991005,-0.742409854650508,1.3017102483333334
DNK,2009.0,1.0,1.0,0.0,1,1,0,0,-0.7098341822470108,-4.97447905669058,0.03436764993615877,1.0468915
DNK,2010.0,1.0,1.0,0.0,1,1,0,0,-0.5232653109033053,1.58289703108802,0.32635456342373853,0.8691600608333333
DNK,2011.0,1.0,1.0,0.0,1,1,0,0,-0.45580212441571943,1.3108037609606,0.3310254681120352,0.5260605291666667
DNK,2012.0,1.0,1.0,0.0,1,1,0,0,-0.5095632944028881,-0.0054323016167074,0.33689960104489347,-0.0132494616666666
DNK,2013.0,1.0,1.0,0.0,1,1,0,0,-0.8350550926681871,1.39267343161971,0.2513844375951561,0.2878436908333333
DNK,2014.0,0.0,0.0,0.0,1,1,0,0,-0.8998424025733458,1.27799983192831,0.15213830006917745,0.61196865
DNK,2015.0,0.0,0.0,0.0,0,0,0,0,-0.9351550940107337,2.10441456445301,0.003327067391775928,0.5890241975
DOM,1960.0,0.0,0.0,0.0,0,0,0,0,-4.971182280896292,-2.31324874995215,0.0397678511107288,6.9346889958333335
DOM,1961.0,0.0,0.0,0.0,0,0,0,0,-5.557087366136438,-2.31324874995215,0.0397678511107288,6.9346889958333335
DOM,1962.0,0.0,0.0,0.0,0,0,0,0,0.11400019452143356,17.0472409332998,0.0397678511107288,6.9346889958333335
DOM,1963.0,0.0,0.0,0.0,0,0,0,0,0.07833152370494088,6.5029026339739,0.0397678511107288,6.9346889958333335
DOM,1964.0,0.0,0.0,0.0,0,0,0,0,-0.5566343870331601,6.76486511640719,0.0397678511107288,6.9346889958333335
DOM,1965.0,0.0,0.0,0.0,0,0,0,0,-2.6178241940049913,-12.4818339161578,0.0397678511107288,6.9346889958333335
DOM,1966.0,0.0,0.0,0.0,0,0,0,0,-1.0005462771554645,13.4633448325871,0.0397678511107288,6.9346889958333335
DOM,1967.0,0.0,0.0,0.0,0,0,0,0,-0.7244956126920166,3.32754228723313,0.0397678511107288,6.9346889958333335
DOM,1968.0,0.0,0.0,0.0,0,0,0,0,-1.0913313662153474,0.238860484696033,0.0397678511107288,6.9346889958333335
DOM,1969.0,0.0,0.0,0.0,0,0,0,0,-0.7912682201805782,10.8914458307792,0.0397678511107288,6.9346889958333335
DOM,1970.0,0.0,0.0,0.0,0,0,0,0,-0.32057704684542493,18.2266828796502,0.0397678511107288,6.9346889958333335
DOM,1971.0,0.0,0.0,0.0,0,0,0,0,-0.34840407145987196,10.8714660681825,0.0397678511107288,6.9346889958333335
DOM,1972.0,0.0,0.0,0.0,0,0,0,0,0.08219407856470844,10.3941640767605,0.0397678511107288,6.9346889958333335
DOM,1973.0,0.0,0.0,0.0,0,0,0,0,0.4036885478292314,12.8957637251018,0.0397678511107288,6.9346889958333335
DOM,1974.0,0.0,0.0,0.0,0,0,0,0,0.3208834306223789,6.00190290333001,0.0397678511107288,6.9346889958333335
DOM,1975.0,0.0,0.0,0.0,0,0,0,0,0.3799600826746089,5.19325335716054,0.0397678511107288,6.9346889958333335
DOM,1976.0,0.0,0.0,0.0,0,0,0,0,0.024745515480482785,6.72812264197154,0.0397678511107288,6.9346889958333335
DOM,1977.0,0.0,0.0,0.0,0,0,0,0,0.307787345841085,4.98178395087527,0.0397678511107288,6.9346889958333335
DOM,1978.0,0.0,0.0,0.0,0,0,0,0,-0.36080697456504207,2.14068467652768,0.0397678511107288,6.9346889958333335
DOM,1979.0,0.0,0.0,0.0,0,0,0,0,0.11500378269017374,4.53139921679188,0.0397678511107288,6.9346889958333335
DOM,1980.0,1.0,0.0,1.0,0,0,0,0,0.46846717696923,7.96873850744203,0.0397678511107288,6.9346889958333335
DOM,1981.0,1.0,0.0,1.0,1,0,0,1,0.007357344833733795,4.27986747952673,0.0397678511107288,6.9346889958333335
DOM,1982.0,1.0,0.0,1.0,1,0,0,1,0.01653214336486455,1.69870863097844,0.0397678511107288,6.9346889958333335
DOM,1983.0,1.0,0.0,1.0,1,0,0,1,-0.13981856208568105,4.62794634845423,0.0397678511107288,5.888257380833333
DOM,1984.0,1.0,0.0,1.0,1,0,0,1,0.5851577807704744,1.25289597452468,0.0397678511107288,6.6373992375
DOM,1985.0,1.0,0.0,1.0,1,0,0,1,1.1420356619083938,-2.12253497623708,0.0397678511107288,5.660392525833333
DOM,1986.0,1.0,0.0,1.0,1,0,0,1,0.016028460002584028,3.52199319901496,0.0397678511107288,4.048303089166667
DOM,1987.0,1.0,0.0,1.0,1,0,0,1,0.3391802130204184,10.1173673617477,0.0397678511107288,4.218014031666667
DOM,1988.0,1.0,0.0,1.0,1,0,0,1,1.1179475771864584,2.15596333107848,0.0397678511107288,4.452901190833333
DOM,1989.0,1.0,0.0,1.0,1,0,0,1,1.0630286004954785,4.40053881491089,0.0397678511107288,4.4047298725
DOM,1990.0,1.0,0.0,1.0,1,0,0,1,1.2210238338755155,-5.45431239511254,0.0397678511107288,4.3208969375
DOM,1991.0,1.0,0.0,1.0,1,0,0,1,1.1697074347853142,0.944138889056532,0.0397678511107288,3.9339278958333335
DOM,1992.0,1.0,0.0,1.0,1,0,0,1,-0.2715973894206476,11.2374641300752,0.0397678511107288,3.38244437
DOM,1993.0,1.0,0.0,1.0,1,0,0,1,-0.17365774902352202,7.36669526975602,0.0397678511107288,2.7144275875
DOM,1994.0,1.0,0.0,1.0,1,0,0,1,0.05783286087763747,2.59378305986246,0.0397678511107288,3.5351682466666667
DOM,1995.0,1.0,1.0,1.0,1,0,0,1,0.2930313435288554,5.69998859173715,0.0397678511107288,3.3100514933333334
DOM,1996.0,1.0,0.0,1.0,1,1,0,1,-0.16012633780720026,5.96119319380874,0.0397678511107288,3.1400511850000004
DOM,1997.0,1.0,0.0,1.0,1,0,0,1,0.060164779790442054,8.89955230035797,0.0397678511107288,3.199334816666666
DOM,1998.0,1.0,0.0,1.0,1,0,0,1,-0.2132482455857963,6.70585570778992,0.0397678511107288,2.626002385
DOM,1999.0,1.0,0.0,1.0,1,0,0,1,-0.0701441374998164,5.95651024999543,0.0397678511107288,2.8869701641666663
DOM,2000.0,1.0,0.0,1.0,1,0,0,1,0.02190549761884541,4.65172550299128,0.0397678511107288,3.1165892308333336
DOM,2001.0,0.0,0.0,0.0,1,0,0,1,0.09729970933431999,2.46937023763239,0.2254788246120854,2.237447555
DOM,2002.0,1.0,1.0,0.0,0,0,0,0,-0.17613773559771553,4.48650367045651,0.119513536743094,2.0336032691666666
DOM,2003.0,1.0,1.0,0.0,1,1,0,0,0.7888941030216859,-1.34935744782766,0.15501766128665986,1.4457960183333334
DOM,2004.0,1.0,0.0,1.0,1,1,0,0,1.2356069036493438,2.58556667449577,0.009288414955046556,1.7008579225
DOM,2005.0,0.0,0.0,0.0,1,0,0,1,-0.27897707720653936,9.43178931977285,0.07578352818333106,1.8895054916666665
DOM,2006.0,0.0,0.0,0.0,0,0,0,0,0.011427484843480114,9.17120650955299,-0.1516062087532023,2.2836022075
DOM,2007.0,0.0,0.0,0.0,0,0,0,0,-0.09635241519495547,7.41840577774235,-0.28411854147240245,2.0393217333333333
DOM,2008.0,0.0,0.0,0.0,0,0,0,0,0.19835539251061807,3.26808671288212,-0.39621858858369935,1.3017102483333334
DOM,2009.0,0.0,0.0,0.0,0,0,0,0,-0.6806000970974864,1.00345293018719,-0.20051623082229067,1.0468915
DOM,2010.0,0.0,0.0,0.0,0,0,0,0,-0.08129002661859969,8.40114541209596,-0.26924736382058934,0.8691600608333333
DOM,2011.0,0.0,0.0,0.0,0,0,0,0,-0.12531277190100443,3.19196227475523,-0.04281902400501593,0.5260605291666667
DOM,2012.0,0.0,0.0,0.0,0,0,0,0,-0.33479140875199453,2.77567100848816,0.1066307657190663,-0.0132494616666666
DOM,2013.0,0.0,0.0,0.0,0,0,0,0,-0.2133179024428762,4.93473300709881,0.24440992390599017,0.2878436908333333
DOM,2014.0,0.0,0.0,0.0,0,0,0,0,-0.4224735998675412,7.11122629673892,0.10595042081913841,0.61196865
DOM,2015.0,0.0,0.0,0.0,0,0,0,0,-0.8222461056063437,6.98771131236387,0.2974824885912073,0.5890241975
DZA,1960.0,0.0,0.0,0.0,0,0,0,0,-0.06004203395243362,-13.6054413245993,1.7372249524431334,6.9346889958333335
DZA,1961.0,0.0,0.0,0.0,0,0,0,0,-0.06004203395243362,-13.6054413245993,1.7372249524431334,6.9346889958333335
DZA,1962.0,0.0,0.0,0.0,0,0,0,0,-0.06004203395243362,-19.6850418256566,1.7372249524431334,6.9346889958333335
DZA,1963.0,0.0,0.0,0.0,0,0,0,0,-0.06004203395243362,34.3137287803281,1.7372249524431334,6.9346889958333335
DZA,1964.0,0.0,0.0,0.0,0,0,0,0,-0.06004203395243362,5.83941300772857,1.7372249524431334,6.9346889958333335
DZA,1965.0,0.0,0.0,0.0,0,0,0,0,-0.06004203395243362,6.20689821107077,1.7372249524431334,6.9346889958333335
DZA,1966.0,0.0,0.0,0.0,0,0,0,0,-0.06004203395243362,-4.80497094328264,1.7372249524431334,6.9346889958333335
DZA,1967.0,0.0,0.0,0.0,0,0,0,0,-0.06004203395243362,9.45296256280155,1.7372249524431334,6.9346889958333335
DZA,1968.0,0.0,0.0,0.0,0,0,0,0,-0.06004203395243362,10.7962385711022,1.7372249524431334,6.9346889958333335
DZA,1969.0,0.0,0.0,0.0,0,0,0,0,-0.06004203395243362,8.4332802824936,1.7372249524431334,6.9346889958333335
DZA,1970.0,0.0,0.0,0.0,0,0,0,0,-0.06004203395243362,8.86265711007658,1.7372249524431334,6.9346889958333335
DZA,1971.0,0.0,0.0,0.0,0,0,0,0,-0.4749372409729084,-11.3317191682878,1.7372249524431334,6.9346889958333335
DZA,1972.0,0.0,0.0,0.0,0,0,0,0,-0.3393006601676593,27.423969480425,1.7372249524431334,6.9346889958333335
DZA,1973.0,0.0,0.0,0.0,0,0,0,0,-0.09396411690427213,3.81317629611722,1.7372249524431334,6.9346889958333335
DZA,1974.0,0.0,0.0,0.0,0,0,0,0,-0.22624761375361863,7.4949177045299,1.7372249524431334,6.9346889958333335
DZA,1975.0,0.0,0.0,0.0,0,0,0,0,0.055843150646429335,5.04534161267209,1.7372249524431334,6.9346889958333335
DZA,1976.0,0.0,0.0,0.0,0,0,0,0,0.1302875061289837,8.38675648442262,1.7372249524431334,6.9346889958333335
DZA,1977.0,0.0,0.0,0.0,0,0,0,0,0.2669109362164062,5.25858598646316,1.7372249524431334,6.9346889958333335
DZA,1978.0,0.0,0.0,0.0,0,0,0,0,0.49653374349107005,9.21483570068075,1.7372249524431334,6.9346889958333335
DZA,1979.0,0.0,0.0,0.0,0,0,0,0,0.23505590816448213,7.47782655144202,1.7372249524431334,6.9346889958333335
DZA,1980.0,0.0,0.0,0.0,0,0,0,0,0.13539397673383557,0.790606971852654,1.7372249524431334,6.9346889958333335
DZA,1981.0,0.0,0.0,0.0,0,0,0,0,0.386321801401606,2.99999608841746,1.7372249524431334,6.9346889958333335
DZA,1982.0,0.0,0.0,0.0,0,0,0,0,-0.06450964259720723,6.40000411483896,1.7372249524431334,6.9346889958333335
DZA,1983.0,0.0,0.0,0.0,0,0,0,0,-0.11092708304694107,5.40000302451797,1.7372249524431334,5.888257380833333
DZA,1984.0,0.0,0.0,0.0,0,0,0,0,0.048348751235409874,5.59999652938126,1.7372249524431334,6.6373992375
DZA,1985.0,0.0,0.0,0.0,0,0,0,0,0.1896199208172565,3.69999725488672,1.7372249524431334,5.660392525833333
DZA,1986.0,0.0,0.0,0.0,0,0,0,0,0.285276352065295,0.400001002799627,1.7372249524431334,4.048303089166667
DZA,1987.0,0.0,0.0,0.0,0,0,0,0,0.0021882208517218812,-0.69999752622347,1.7372249524431334,4.218014031666667
DZA,1988.0,0.0,0.0,0.0,0,0,0,0,-0.11558883002798614,-1.00000549065851,1.7372249524431334,4.452901190833333
DZA,1989.0,1.0,1.0,0.0,0,0,0,0,0.12281136100483853,4.40000216059909,1.7372249524431334,4.4047298725
DZA,1990.0,1.0,1.0,1.0,1,1,0,0,0.46472633400979485,0.800000580174981,2.087782436038728,4.3208969375
DZA,1991.0,1.0,1.0,1.0,1,1,0,1,0.7494294103034495,-1.2000005864423,2.0277879247319497,3.9339278958333335
DZA,1992.0,1.0,0.0,1.0,1,1,0,1,0.8867235344831359,1.80000230253509,2.3518793730537677,3.38244437
DZA,1993.0,1.0,0.0,1.0,1,0,0,1,0.5974435104517072,-2.10000075697259,2.4953206402887598,2.7144275875
DZA,1994.0,1.0,0.0,1.0,1,0,0,1,0.827333465747511,-0.899996552970833,2.6062054411552613,3.5351682466666667
DZA,1995.0,1.0,0.0,1.0,1,0,0,1,0.8443518311253015,3.79999479063817,2.8834032241155914,3.3100514933333334
DZA,1996.0,0.0,0.0,0.0,1,0,0,1,0.5367547018983162,4.09999847167964,2.669542489627223,3.1400511850000004
DZA,1997.0,0.0,0.0,0.0,0,0,0,0,-0.1307319981788072,1.09999993684249,2.4343731909558377,3.199334816666666
DZA,1998.0,0.0,0.0,0.0,0,0,0,0,-0.20179911399944303,5.10000361107312,2.5434508556960864,2.626002385
DZA,1999.0,0.0,0.0,0.0,0,0,0,0,-0.472166047253086,3.20000155319546,2.6476790403773642,2.8869701641666663
DZA,2000.0,0.0,0.0,0.0,0,0,0,0,-0.9732247210828594,3.80000000158476,2.747497320668786,3.1165892308333336
DZA,2001.0,0.0,0.0,0.0,0,0,0,0,-0.2751293941132304,2.99999999863043,2.5744318901284635,2.237447555
DZA,2002.0,0.0,0.0,0.0,0,0,0,0,-0.6855687778739344,5.40000000000001,2.4703723591975315,2.0336032691666666
DZA,2003.0,0.0,0.0,0.0,0,0,0,0,-0.27053982308561614,6.50000000062043,2.298482858771913,1.4457960183333334
DZA,2004.0,0.0,0.0,0.0,0,0,0,0,-0.3040918970818043,4.49999999976698,1.7382727116804353,1.7008579225
DZA,2005.0,0.0,0.0,0.0,0,0,0,0,-0.6931193479751068,5.39999999969525,1.4738083551966152,1.8895054916666665
DZA,2006.0,0.0,0.0,0.0,0,0,0,0,-0.5231737505342562,2.89999999905852,1.087239979440786,2.2836022075
DZA,2007.0,0.0,0.0,0.0,0,0,0,0,-0.3366178654404801,3.10000000128674,1.2917035241367867,2.0393217333333333
DZA,2008.0,0.0,0.0,0.0,0,0,0,0,-0.21062913104596942,2.49999999929371,0.9502753094395621,1.3017102483333334
DZA,2009.0,0.0,0.0,0.0,0,0,0,0,-0.13042771164296768,1.19999999969519,0.7664025172597377,1.0468915
DZA,2010.0,0.0,0.0,0.0,0,0,0,0,-0.3098069153071409,4.80000000093564,0.7332946102959382,0.8691600608333333
DZA,2011.0,0.0,0.0,0.0,0,0,0,0,-0.24392441145305438,2.99999999941909,0.7332946102959382,0.5260605291666667
DZA,2012.0,0.0,0.0,0.0,0,0,0,0,0.09781643698973344,2.40000000034432,0.89538814992429,-0.0132494616666666
DZA,2013.0,0.0,0.0,0.0,0,0,0,0,-0.38883062232116383,2.60000000061164,0.7098028010621188,0.2878436908333333
DZA,2014.0,0.0,0.0,0.0,0,0,0,0,-0.43362347912315086,4.09999999866501,0.774107415388134,0.61196865
DZA,2015.0,0.0,0.0,0.0,0,0,0,0,-0.21786684477534432,3.20000000089023,0.9315300760795494,0.5890241975
ECU,1960.0,0.0,0.0,0.0,0,0,0,0,-0.6338762261157143,5.12441487887448,-0.5059150274585937,6.9346889958333335
ECU,1961.0,0.0,0.0,0.0,0,0,0,0,-0.3014263346643362,5.12441487887448,-0.5059150274585937,6.9346889958333335
ECU,1962.0,0.0,0.0,0.0,0,0,0,0,-0.43999497144243593,4.91914694399127,-0.5059150274585937,6.9346889958333335
ECU,1963.0,0.0,0.0,0.0,0,0,0,0,-0.11324094466691924,2.10636824719379,-0.5059150274585937,6.9346889958333335
ECU,1964.0,0.0,0.0,0.0,0,0,0,0,-0.29602369849986593,7.40724535940373,-0.5059150274585937,6.9346889958333335
ECU,1965.0,0.0,0.0,0.0,0,0,0,0,-0.4130213427034473,3.27508248987445,-0.5059150274585937,6.9346889958333335
ECU,1966.0,0.0,0.0,0.0,0,0,0,0,-0.15524964920024828,-0.33952563927852,-0.5059150274585937,6.9346889958333335
ECU,1967.0,0.0,0.0,0.0,0,0,0,0,-0.3204077555186531,4.62107394346161,-0.5059150274585937,6.9346889958333335
ECU,1968.0,0.0,0.0,0.0,0,0,0,0,-0.2653765825677188,1.90943839737609,-0.5059150274585937,6.9346889958333335
ECU,1969.0,0.0,0.0,0.0,0,0,0,0,-0.08154989542892256,4.66923798208919,-0.5059150274585937,6.9346889958333335
ECU,1970.0,0.0,0.0,0.0,0,0,0,0,-0.18095406281503804,6.87192932488124,-0.5059150274585937,6.9346889958333335
ECU,1971.0,0.0,0.0,0.0,0,0,0,0,0.13561865638129209,6.29260619739669,-0.5059150274585937,6.9346889958333335
ECU,1972.0,0.0,0.0,0.0,0,0,0,0,0.008092381832349373,5.01764070581541,-0.5059150274585937,6.9346889958333335
ECU,1973.0,0.0,0.0,0.0,0,0,0,0,0.2736349672664486,13.9506821300277,-0.5059150274585937,6.9346889958333335
ECU,1974.0,0.0,0.0,0.0,0,0,0,0,0.662520402183761,11.208509630308,-0.5059150274585937,6.9346889958333335
ECU,1975.0,0.0,0.0,0.0,0,0,0,0,0.37105908518775693,10.9721540022298,-0.24525369406715075,6.9346889958333335
ECU,1976.0,0.0,0.0,0.0,0,0,0,0,0.17276614003900254,7.39718761871015,-0.17865665623474872,6.9346889958333335
ECU,1977.0,0.0,0.0,0.0,0,0,0,0,0.31195639690391863,1.6048421092884,-0.11424966638879878,6.9346889958333335
ECU,1978.0,0.0,0.0,0.0,0,0,0,0,0.31895453475720015,5.70682494541619,-0.07808668409841298,6.9346889958333335
ECU,1979.0,0.0,0.0,0.0,0,0,0,0,0.16957503454209408,3.73404840305636,-0.0425745995163004,6.9346889958333335
ECU,1980.0,1.0,1.0,0.0,0,0,0,0,0.26300909920331533,3.70868296743329,-0.007688824111952508,6.9346889958333335
ECU,1981.0,1.0,0.0,1.0,1,1,0,0,0.360781730080519,5.61286412023385,0.026593834651027933,6.9346889958333335
ECU,1982.0,1.0,0.0,1.0,1,0,0,1,0.450881032606047,0.614845351988635,0.060295278067184245,6.9346889958333335
ECU,1983.0,1.0,0.0,1.0,1,0,0,1,1.1903812915402066,-0.336868770002951,0.09343621124046149,5.888257380833333
ECU,1984.0,1.0,0.0,1.0,1,0,0,1,0.8768302626719684,2.62527326806389,0.126036229497047,6.6373992375
ECU,1985.0,1.0,0.0,1.0,1,0,0,1,0.8021835864971244,3.93500141252335,0.15811389708850962,5.660392525833333
ECU,1986.0,1.0,0.0,1.0,1,0,0,1,0.6718782358742461,3.46478251574867,0.18968681899938916,4.048303089166667
ECU,1987.0,1.0,0.0,1.0,1,0,0,1,0.8379850769951485,-0.259098708877119,0.22077170657438788,4.218014031666667
ECU,1988.0,1.0,0.0,1.0,1,0,0,1,1.3283976412617076,5.89046729088525,0.16649396500879152,4.452901190833333
ECU,1989.0,1.0,0.0,1.0,1,0,0,1,1.5310841276347396,1.00577794490313,0.3190219408999686,4.4047298725
ECU,1990.0,1.0,0.0,1.0,1,0,0,1,1.1919191785474974,3.67991405308877,-0.09407724780601466,4.3208969375
ECU,1991.0,1.0,0.0,1.0,1,0,0,1,1.1949441042556694,4.29134246404705,0.41468184704839856,3.9339278958333335
ECU,1992.0,1.0,0.0,1.0,1,0,0,1,1.280048708719283,2.11431064978969,0.48547740941787404,3.38244437
ECU,1993.0,1.0,0.0,1.0,1,0,0,1,1.1358648018602413,1.97321813678619,0.3674135909507756,2.7144275875
ECU,1994.0,1.0,0.0,1.0,1,0,0,1,0.7854666357881931,4.25825042741626,0.09708479916881446,3.5351682466666667
ECU,1995.0,1.0,1.0,0.0,1,0,0,1,0.6691326557008769,2.25254865225104,0.10163618436636314,3.3100514933333334
ECU,1996.0,1.0,1.0,0.0,1,1,0,0,0.7103261958248986,1.73174762607862,0.8022263505465437,3.1400511850000004
ECU,1997.0,1.0,1.0,0.0,1,1,0,0,0.8643067815103498,4.32786475767577,0.5971186015730472,3.199334816666666
ECU,1998.0,1.0,1.0,1.0,1,1,0,0,0.9782356810786649,3.26652934570988,0.9742202604463003,2.626002385
ECU,1999.0,1.0,1.0,1.0,1,1,0,1,1.2468498803801176,-4.73938585363382,1.313412126624362,2.8869701641666663
ECU,2000.0,1.0,1.0,0.0,1,1,0,1,1.7230118871041942,1.09180164720277,-0.38570189128515603,3.1165892308333336
ECU,2001.0,1.0,1.0,0.0,1,1,0,0,1.0085632320000584,4.20627185748789,-0.5523777975025459,2.237447555
ECU,2002.0,0.0,0.0,0.0,1,1,0,0,0.2905695409521071,4.92809549611376,-0.3404953607685015,2.0336032691666666
ECU,2003.0,0.0,0.0,0.0,0,0,0,0,0.03586624294092718,2.88450036512064,-0.14954077526727627,1.4457960183333334
ECU,2004.0,0.0,0.0,0.0,0,0,0,0,-0.4580107361235996,6.83239736646514,-0.32773052352479015,1.7008579225
ECU,2005.0,0.0,0.0,0.0,0,0,0,0,-0.5464253891912896,5.39862243994342,-0.7089779903815326,1.8895054916666665
ECU,2006.0,0.0,0.0,0.0,0,0,0,0,-0.38315231194213234,4.34113198577639,-0.7897327929866887,2.2836022075
ECU,2007.0,1.0,0.0,1.0,0,0,0,0,-0.5288246379848746,1.90242859700484,-0.9428708548332292,2.0393217333333333
ECU,2008.0,1.0,0.0,1.0,1,0,0,1,0.06686484894703472,6.56492068224719,-0.6619356744785212,1.3017102483333334
ECU,2009.0,0.0,0.0,0.0,1,0,0,1,-0.18200423001212265,1.0910129698311,-0.44246633851986994,1.0468915
ECU,2010.0,0.0,0.0,0.0,0,0,0,0,-0.3514950245952502,4.02913787986621,-0.6052224316964185,0.8691600608333333
ECU,2011.0,0.0,0.0,0.0,0,0,0,0,-0.24901950069640355,8.48147656332823,-0.8231814739266899,0.5260605291666667
ECU,2012.0,0.0,0.0,0.0,0,0,0,0,-0.18744027857505352,5.783212336172,-0.9068380583632139,-0.0132494616666666
ECU,2013.0,0.0,0.0,0.0,0,0,0,0,-0.46109105368207876,7.21123653679159,-1.0347126056898615,0.2878436908333333
ECU,2014.0,0.0,0.0,0.0,0,0,0,0,-0.34730019976180937,4.22606520388456,-0.8900312086252649,0.61196865
ECU,2015.0,0.0,0.0,0.0,0,0,0,0,-0.30354872248263104,0.119692109287612,-0.837543557209374,0.5890241975
EGY,1960.0,0.0,0.0,0.0,0,0,0,0,-0.9754426238181678,5.16111414342448,-1.2588778035673125,6.9346889958333335
EGY,1961.0,0.0,0.0,0.0,0,0,0,0,-0.861620745948037,5.16111414342448,-1.2588778035673125,6.9346889958333335
EGY,1962.0,0.0,0.0,0.0,0,0,0,0,-4.081776156725919,3.87561672369634,-1.2588778035673125,6.9346889958333335
EGY,1963.0,0.0,0.0,0.0,0,0,0,0,-0.8467055048958139,10.5180926173666,-1.2588778035673125,6.9346889958333335
EGY,1964.0,0.0,0.0,0.0,0,0,0,0,-0.3387468456264185,11.5075774740325,-1.2588778035673125,6.9346889958333335
EGY,1965.0,0.0,0.0,0.0,0,0,0,0,0.3939022373659234,4.91404229223662,-1.2588778035673125,6.9346889958333335
EGY,1966.0,0.0,0.0,0.0,0,0,0,0,0.10669461360761977,5.04640371248233,-1.2588778035673125,6.9346889958333335
EGY,1967.0,0.0,0.0,0.0,0,0,0,0,-0.859262792187334,0.805264127039209,-1.2588778035673125,6.9346889958333335
EGY,1968.0,0.0,0.0,0.0,0,0,0,0,-2.381494404077592,-1.60679234956356,-1.2588778035673125,6.9346889958333335
EGY,1969.0,0.0,0.0,0.0,0,0,0,0,-0.3692016886582148,5.27951751357089,-1.2588778035673125,6.9346889958333335
EGY,1970.0,0.0,0.0,0.0,0,0,0,0,-0.32679392424533155,5.59851503851672,-1.2588778035673125,6.9346889958333335
EGY,1971.0,0.0,0.0,0.0,0,0,0,0,-0.403588941375399,4.05734632653112,-1.551226529145553,6.9346889958333335
EGY,1972.0,0.0,0.0,0.0,0,0,0,0,-0.557434165846395,3.05568062514286,-1.7177558064268657,6.9346889958333335
EGY,1973.0,0.0,0.0,0.0,0,0,0,0,-0.18646054743518206,3.50683016247268,-1.6125457415157494,6.9346889958333335
EGY,1974.0,0.0,0.0,0.0,0,0,0,0,0.1643849593710318,1.55893857170508,-1.3059959666306669,6.9346889958333335
EGY,1975.0,0.0,0.0,0.0,0,0,0,0,0.14421179352180816,8.93914715890884,-1.1814930988189425,6.9346889958333335
EGY,1976.0,0.0,0.0,0.0,0,0,0,0,0.18063752645533776,13.2796894430741,-1.0608042046252162,6.9346889958333335
EGY,1977.0,0.0,0.0,0.0,0,0,0,0,0.30218305498511083,9.00304426675032,-0.9475717363805318,6.9346889958333335
EGY,1978.0,0.0,0.0,0.0,0,0,0,0,0.2211741421162798,8.62876764493188,-0.7575795512260065,6.9346889958333335
EGY,1979.0,0.0,0.0,0.0,0,0,0,0,0.1576248801932353,4.54768962839718,-0.4599487104931451,6.9346889958333335
EGY,1980.0,1.0,1.0,0.0,0,0,0,0,0.60614189856435,10.0113290379907,-0.27804618056506203,6.9346889958333335
EGY,1981.0,1.0,1.0,0.0,1,1,0,0,0.1806303080183802,7.3485538963286,-0.3367990909822578,6.9346889958333335
EGY,1982.0,1.0,1.0,0.0,1,1,0,0,0.39324687066524816,9.90717113397825,-0.26979612557844174,6.9346889958333335
EGY,1983.0,1.0,0.0,1.0,1,1,0,0,0.44307274978647704,5.09440684048046,0.04865793992060545,5.888257380833333
EGY,1984.0,0.0,0.0,0.0,1,0,0,1,0.4789011275780054,9.74576271171259,-0.09157015776816385,6.6373992375
EGY,1985.0,0.0,0.0,0.0,0,0,0,0,0.27260323500391903,5.79150579142357,-0.03379536815361898,5.660392525833333
EGY,1986.0,0.0,0.0,0.0,0,0,0,0,0.6953174108824165,4.74452554738158,0.0223407247979961,4.048303089166667
EGY,1987.0,0.0,0.0,0.0,0,0,0,0,0.5704229623111624,3.83275261319132,0.07693455867372583,4.218014031666667
EGY,1988.0,0.0,0.0,0.0,0,0,0,0,0.501506893529545,5.46132049551341,0.13007413401642254,4.452901190833333
EGY,1989.0,1.0,1.0,0.0,0,0,0,0,0.6197510730939546,4.92086860390228,0.18183997983854328,4.4047298725
EGY,1990.0,1.0,1.0,0.0,1,1,0,0,0.4685873133554335,5.66702915715818,0.4608811279614983,4.3208969375
EGY,1991.0,1.0,1.0,0.0,1,1,0,0,0.5722053949648258,1.12540459520747,0.6341973365393204,3.9339278958333335
EGY,1992.0,1.0,1.0,0.0,1,1,0,0,0.34299233697943887,4.47285918408184,0.5520927357934774,3.38244437
EGY,1993.0,1.0,1.0,0.0,1,1,0,0,0.2717839746586114,2.90079079959442,0.8876509340505597,2.7144275875
EGY,1994.0,1.0,1.0,0.0,1,1,0,0,0.05084667169156216,3.97317218034541,0.889200648078609,3.5351682466666667
EGY,1995.0,0.0,0.0,0.0,1,1,0,0,0.4300086299889473,4.64245877240639,0.9061728372823158,3.3100514933333334
EGY,1996.0,0.0,0.0,0.0,0,0,0,0,-0.01602263071134409,4.98873056512208,0.5666080909289782,3.1400511850000004
EGY,1997.0,0.0,0.0,0.0,0,0,0,0,-0.23364757148023285,5.49235474302942,0.44942869995426665,3.199334816666666
EGY,1998.0,0.0,0.0,0.0,0,0,0,0,-0.3141761953058999,5.575497460986,0.3832917250111624,2.626002385
EGY,1999.0,0.0,0.0,0.0,0,0,0,0,-0.4116338174956232,6.05343878467555,0.3674135909507756,2.8869701641666663
EGY,2000.0,0.0,0.0,0.0,0,0,0,0,-0.466580167887125,6.37000382991766,0.5629888125221217,3.1165892308333336
EGY,2001.0,0.0,0.0,0.0,0,0,0,0,-0.5298588375599848,3.53525197391507,0.6130908293033073,2.237447555
EGY,2002.0,0.0,0.0,0.0,0,0,0,0,-0.45886962660771424,2.39020402573726,0.7416208820524891,2.0336032691666666
EGY,2003.0,0.0,0.0,0.0,0,0,0,0,-0.24560559136995963,3.19345473739745,0.8861000810218989,1.4457960183333334
EGY,2004.0,0.0,0.0,0.0,0,0,0,0,0.23108129334971395,4.0920716112534,0.7925167845925771,1.7008579225
EGY,2005.0,0.0,0.0,0.0,0,0,0,0,-0.20958088857091287,4.47174447174434,0.9075554535243923,1.8895054916666665
EGY,2006.0,0.0,0.0,0.0,0,0,0,0,0.016413251384802915,6.84383819379117,0.8199113647815397,2.2836022075
EGY,2007.0,0.0,0.0,0.0,0,0,0,0,0.12367959539093834,7.08782742681038,0.5301263100831602,2.0393217333333333
EGY,2008.0,0.0,0.0,0.0,0,0,0,0,0.5243674456274346,7.15628356605819,0.47737431146169734,1.3017102483333334
EGY,2009.0,0.0,0.0,0.0,0,0,0,0,0.2558434697294156,4.67359979952391,0.5822785576938104,1.0468915
EGY,2010.0,0.0,0.0,0.0,0,0,0,0,0.23080366211673325,5.1472348575531,0.5221976529832009,0.8691600608333333
EGY,2011.0,0.0,0.0,0.0,0,0,0,0,0.16665894002802562,1.7645719489982,1.0269840783486346,0.5260605291666667
EGY,2012.0,0.0,0.0,0.0,0,0,0,0,-0.02151765840654343,2.22619979863525,1.1328975442067257,-0.0132494616666666
EGY,2013.0,0.0,0.0,0.0,0,0,0,0,0.13257791403701163,2.18546605362143,1.2085003051355587,0.2878436908333333
EGY,2014.0,0.0,0.0,0.0,0,0,0,0,0.16695460715817803,2.91591187985748,1.2019549750194658,0.61196865
EGY,2015.0,0.0,0.0,0.0,0,0,0,0,0.18354141581017075,4.37201907790141,1.1948528760167998,0.5890241975
ESP,1960.0,0.0,0.0,0.0,0,0,0,0,-0.7382107747173609,11.8386741948328,-1.8621768349957615,6.9346889958333335
ESP,1961.0,0.0,0.0,0.0,0,0,0,0,-0.8295972019707285,11.8386741948328,-1.8621768349957615,6.9346889958333335
ESP,1962.0,0.0,0.0,0.0,0,0,0,0,-0.13306291159896239,9.9534381030183,-1.8621768349957615,6.9346889958333335
ESP,1963.0,0.0,0.0,0.0,0,0,0,0,0.08865209164791066,9.59649887419791,-1.8621768349957615,6.9346889958333335
ESP,1964.0,0.0,0.0,0.0,0,0,0,0,-0.03128437700732632,5.30851024557084,-1.8621768349957615,6.9346889958333335
ESP,1965.0,0.0,0.0,0.0,0,0,0,0,0.3241915609444378,6.25313489898529,-1.8621768349957615,6.9346889958333335
ESP,1966.0,0.0,0.0,0.0,0,0,0,0,-0.08848682943268217,7.24606030950727,-1.8621768349957615,6.9346889958333335
ESP,1967.0,0.0,0.0,0.0,0,0,0,0,-0.07637661525339136,4.34033841707546,-1.8621768349957615,6.9346889958333335
ESP,1968.0,0.0,0.0,0.0,0,0,0,0,-0.20139652276594958,6.5970201375833,-1.8621768349957615,6.9346889958333335
ESP,1969.0,0.0,0.0,0.0,0,0,0,0,-0.5477392465263677,8.90701555527092,-1.8621768349957615,6.9346889958333335
ESP,1970.0,0.0,0.0,0.0,0,0,0,0,-0.1309366115971475,4.24497076715365,-1.9984380755778712,6.9346889958333335
ESP,1971.0,0.0,0.0,0.0,0,0,0,0,0.05627295266157784,4.64947364578497,-1.735924613761426,6.9346889958333335
ESP,1972.0,0.0,0.0,0.0,0,0,0,0,0.05858407682400824,8.14974586367205,-1.735924613761426,6.9346889958333335
ESP,1973.0,0.0,0.0,0.0,0,0,0,0,0.23850947289753893,7.7884653422601,-1.217497948339394,6.9346889958333335
ESP,1974.0,0.0,0.0,0.0,0,0,0,0,0.4275905069135976,5.61878564719633,-0.9832146993563425,6.9346889958333335
ESP,1975.0,0.0,0.0,0.0,0,0,0,0,0.4758553461570981,0.542203343297047,-0.38570189128515603,6.9346889958333335
ESP,1976.0,1.0,1.0,0.0,0,0,0,0,0.5001344489996226,3.30379140860018,-1.040066307095482,6.9346889958333335
ESP,1977.0,1.0,1.0,0.0,1,1,0,0,0.7137589361833919,2.83857436106388,-0.2725422582485592,6.9346889958333335
ESP,1978.0,1.0,1.0,0.0,1,1,0,0,0.5730190187273096,1.46300333315605,0.16208776455885615,6.9346889958333335
ESP,1979.0,1.0,1.0,0.0,1,1,0,0,0.4268015991067412,0.0415465166768456,0.49485957712395,6.9346889958333335
ESP,1980.0,1.0,1.0,0.0,1,1,0,0,0.42293741077521263,2.20872810257116,0.9607845101419316,6.9346889958333335
ESP,1981.0,1.0,1.0,0.0,1,1,0,0,0.3819444234430014,-0.13246859717357,1.339932324428569,6.9346889958333335
ESP,1982.0,1.0,1.0,0.0,1,1,0,0,0.3763326476356534,1.2464617922282,1.5583414528045214,6.9346889958333335
ESP,1983.0,1.0,1.0,0.0,1,1,0,0,0.2758452295614004,1.77011581051299,1.7214491983377438,5.888257380833333
ESP,1984.0,1.0,1.0,0.0,1,1,0,0,0.23157469886703252,1.78468751370853,1.9953182842300035,6.6373992375
ESP,1985.0,0.0,0.0,0.0,1,1,0,0,0.09305573278532683,2.3214357659951,2.121621586846192,5.660392525833333
ESP,1986.0,0.0,0.0,0.0,0,0,0,0,0.09184391389904571,3.25332169179885,2.087692720326917,4.048303089166667
ESP,1987.0,0.0,0.0,0.0,0,0,0,0,-0.17387072277577031,5.54712273579352,2.028432604295198,4.218014031666667
ESP,1988.0,0.0,0.0,0.0,0,0,0,0,-0.21270215183444233,5.09432412898086,1.9580115614445526,4.452901190833333
ESP,1989.0,0.0,0.0,0.0,0,0,0,0,-0.04537391125655028,4.82703031299745,1.7046040532420899,4.4047298725
ESP,1990.0,0.0,0.0,0.0,0,0,0,0,-0.05067146451295918,3.7813935513235,1.5891392778325948,4.3208969375
ESP,1991.0,0.0,0.0,0.0,0,0,0,0,-0.11368493736038925,2.54600049647455,1.5502608172898995,3.9339278958333335
ESP,1992.0,0.0,0.0,0.0,0,0,0,0,-0.11449746788798974,0.929215482921151,1.7431905993609378,3.38244437
ESP,1993.0,0.0,0.0,0.0,0,0,0,0,-0.23935757274546898,-1.03149183695307,2.1667839850378954,2.7144275875
ESP,1994.0,0.0,0.0,0.0,0,0,0,0,-0.22438094693204588,2.38319537908909,2.3381626145774304,3.5351682466666667
ESP,1995.0,0.0,0.0,0.0,0,0,0,0,-0.22881875177798588,2.75749400293542,2.2113284818898564,3.3100514933333334
ESP,1996.0,0.0,0.0,0.0,0,0,0,0,-0.3509555261837164,2.60741117110229,2.1655703342000368,3.1400511850000004
ESP,1997.0,0.0,0.0,0.0,0,0,0,0,-0.5799806067291818,3.58729972356299,2.036796836536215,3.199334816666666
ESP,1998.0,0.0,0.0,0.0,0,0,0,0,-0.6044024076105128,4.30197745333581,1.8429443541552823,2.626002385
ESP,1999.0,0.0,0.0,0.0,0,0,0,0,-0.5233571104268283,4.40886545305924,1.49787717650265,2.8869701641666663
ESP,2000.0,0.0,0.0,0.0,0,0,0,0,-0.36626507427929667,5.20064125553942,1.291061734090638,3.1165892308333336
ESP,2001.0,0.0,0.0,0.0,0,0,0,0,-0.3472265306631712,3.91908880808811,0.7970535099593568,2.237447555
ESP,2002.0,0.0,0.0,0.0,0,0,0,0,-0.41347622552139673,2.75545611564098,0.9223998590993807,2.0336032691666666
ESP,2003.0,0.0,0.0,0.0,0,0,0,0,-0.4170546083053161,2.9392895953076,0.943189773819823,1.4457960183333334
ESP,2004.0,0.0,0.0,0.0,0,0,0,0,-0.4170062916011086,3.1145314799161,0.9138426161832011,1.7008579225
ESP,2005.0,0.0,0.0,0.0,0,0,0,0,-0.3743161797936906,3.5512255846125,0.5928384382357503,1.8895054916666665
ESP,2006.0,0.0,0.0,0.0,0,0,0,0,-0.3561993586272575,4.04343515605099,0.46506436644028964,2.2836022075
ESP,2007.0,1.0,1.0,0.0,0,0,0,0,-0.45180319997947443,3.53350013165972,0.42284241205036893,2.0393217333333333
ESP,2008.0,1.0,1.0,0.0,1,1,0,0,-0.29148424680600177,0.767165748290694,0.9388059934039569,1.3017102483333334
ESP,2009.0,1.0,1.0,0.0,1,1,0,0,-1.2528541508336979,-3.76813306940053,1.7598515752884047,1.0468915
ESP,2010.0,1.0,1.0,0.0,1,1,0,0,-0.6107188781814069,0.0941223116369514,1.958581426572769,0.8691600608333333
ESP,2011.0,1.0,1.0,0.0,1,1,0,0,-0.39632567956348885,-0.639920636520344,2.0994155325905743,0.5260605291666667
ESP,2012.0,1.0,1.0,0.0,1,1,0,0,-0.5020997895053859,-2.86511368637748,2.384361850494021,-0.0132494616666666
ESP,2013.0,1.0,1.0,0.0,1,1,0,0,-0.6876061807148122,-1.42732224757626,2.4850711744903515,0.2878436908333333
ESP,2014.0,0.0,0.0,0.0,1,1,0,0,-1.1797496348809804,1.52048593647231,2.356752904587065,0.61196865
ESP,2015.0,0.0,0.0,0.0,0,0,0,0,-1.3805168725236274,4.06086672473866,2.1581879064703853,0.5890241975
FIN,1960.0,0.0,0.0,0.0,0,0,0,0,-0.36817063299159475,7.60467047924413,-1.0691654606266354,6.9346889958333335
FIN,1961.0,0.0,0.0,0.0,0,0,0,0,-0.6311232481192673,7.60467047924413,-1.0691654606266354,6.9346889958333335
FIN,1962.0,0.0,0.0,0.0,0,0,0,0,-0.258410459003844,2.98194553610338,-1.0691654606266354,6.9346889958333335
FIN,1963.0,0.0,0.0,0.0,0,0,0,0,-0.1973868827620985,3.28509963570336,-1.0691654606266354,6.9346889958333335
FIN,1964.0,0.0,0.0,0.0,0,0,0,0,0.1783556384258656,5.23868659789332,-1.0691654606266354,6.9346889958333335
FIN,1965.0,0.0,0.0,0.0,0,0,0,0,-0.20271673327662276,5.30285780228283,-1.0691654606266354,6.9346889958333335
FIN,1966.0,0.0,0.0,0.0,0,0,0,0,-0.3140533423626279,2.37282301528172,-1.0691654606266354,6.9346889958333335
FIN,1967.0,0.0,0.0,0.0,0,0,0,0,-0.1620635402633865,2.16882888287391,-1.0691654606266354,6.9346889958333335
FIN,1968.0,0.0,0.0,0.0,0,0,0,0,0.1160771422203202,2.30328998355675,-1.0691654606266354,6.9346889958333335
FIN,1969.0,0.0,0.0,0.0,0,0,0,0,-0.5402778215085705,9.59328778480038,-1.0691654606266354,6.9346889958333335
FIN,1970.0,0.0,0.0,0.0,0,0,0,0,-0.45841349814349036,7.47043264445793,-1.513287173435987,6.9346889958333335
FIN,1971.0,0.0,0.0,0.0,0,0,0,0,-0.0697335928938499,2.35692123166586,-1.3251940515274923,6.9346889958333335
FIN,1972.0,0.0,0.0,0.0,0,0,0,0,-0.055218441105822975,7.7354848193458,-1.2496000873850546,6.9346889958333335
FIN,1973.0,0.0,0.0,0.0,0,0,0,0,0.204206889470679,6.98382835563822,-1.2357722159358313,6.9346889958333335
FIN,1974.0,0.0,0.0,0.0,0,0,0,0,0.4752348019538911,3.23653343563224,-1.6702122382807405,6.9346889958333335
FIN,1975.0,0.0,0.0,0.0,0,0,0,0,0.5067424251847407,1.80489795187316,-1.4142239775990721,6.9346889958333335
FIN,1976.0,0.0,0.0,0.0,0,0,0,0,0.37329457982736464,0.344383187103318,-0.7190147271045096,6.9346889958333335
FIN,1977.0,0.0,0.0,0.0,0,0,0,0,0.25731640285752877,0.239510630103453,-0.042085841125926296,6.9346889958333335
FIN,1978.0,0.0,0.0,0.0,0,0,0,0,0.02705477894532237,2.91970756437469,0.21862846809138,6.9346889958333335
FIN,1979.0,0.0,0.0,0.0,0,0,0,0,0.004003124984571787,7.12192593764533,-0.015388301792074307,6.9346889958333335
FIN,1980.0,0.0,0.0,0.0,0,0,0,0,0.24745403483708228,5.38904748575388,-0.36830043064655477,6.9346889958333335
FIN,1981.0,0.0,0.0,0.0,0,0,0,0,0.23287490904747069,1.28938426892493,-0.31701643399583146,6.9346889958333335
FIN,1982.0,0.0,0.0,0.0,0,0,0,0,0.13930360265742883,3.08671541654802,-0.2506809080386729,6.9346889958333335
FIN,1983.0,0.0,0.0,0.0,0,0,0,0,0.06468426287314145,3.10384880639285,-0.21034013233335644,5.888257380833333
FIN,1984.0,0.0,0.0,0.0,0,0,0,0,-0.024751289522432114,3.22653291609758,-0.2946520578038105,6.6373992375
FIN,1985.0,0.0,0.0,0.0,0,0,0,0,-0.17869870148209663,3.54005438717211,-0.3282960669716018,5.660392525833333
FIN,1986.0,0.0,0.0,0.0,0,0,0,0,-0.4313350416331708,2.75509931172768,-0.23984154800110727,4.048303089166667
FIN,1987.0,0.0,0.0,0.0,0,0,0,0,-0.2873537875966428,3.56103297195551,-0.308599561142584,4.218014031666667
FIN,1988.0,0.0,0.0,0.0,0,0,0,0,-0.18892199069254725,5.23111280719965,-0.484326746895276,4.452901190833333
FIN,1989.0,0.0,0.0,0.0,0,0,0,0,-0.06059142848445705,5.08392955255206,-0.9436535061108242,4.4047298725
FIN,1990.0,1.0,1.0,0.0,0,0,0,0,-0.09586230223114095,0.691649917806032,-0.9257357154948443,4.3208969375
FIN,1991.0,1.0,1.0,0.0,1,1,0,0,-0.2661630253839658,-5.88059618513641,0.09457711098656929,3.9339278958333335
FIN,1992.0,1.0,1.0,0.0,1,1,0,0,-0.4332936523539916,-3.31137361706595,1.009931461532538,3.38244437
FIN,1993.0,1.0,1.0,0.0,1,1,0,0,-0.5427333303174895,-0.779815061561479,1.60588014186671,2.7144275875
FIN,1994.0,0.0,0.0,0.0,1,1,0,0,-0.7590261547300592,3.96437283726799,1.6283362424079995,3.5351682466666667
FIN,1995.0,0.0,0.0,0.0,0,0,0,0,-0.8344663134652612,4.23436710187066,1.669662221952075,3.3100514933333334
FIN,1996.0,0.0,0.0,0.0,0,0,0,0,-0.8802894243655314,3.66265716987186,1.5091745459981845,3.1400511850000004
FIN,1997.0,0.0,0.0,0.0,0,0,0,0,-0.7348322688593902,6.39770068404337,1.437742500594906,3.199334816666666
FIN,1998.0,0.0,0.0,0.0,0,0,0,0,-0.6895214786751847,5.45427021765444,1.2164880222959293,2.626002385
FIN,1999.0,0.0,0.0,0.0,0,0,0,0,-0.7417825571425741,4.38928070374669,1.0042167528345742,2.8869701641666663
FIN,2000.0,0.0,0.0,0.0,0,0,0,0,-0.41662409118979593,5.75373770498848,0.9205690772519414,3.1165892308333336
FIN,2001.0,0.0,0.0,0.0,0,0,0,0,-0.48207329531138354,2.64026205699308,0.7876450888508925,2.237447555
FIN,2002.0,0.0,0.0,0.0,0,0,0,0,-0.6544191563598429,1.68732644358099,0.8091573320490891,2.0336032691666666
FIN,2003.0,0.0,0.0,0.0,0,0,0,0,-0.8115388709323169,2.01179992738312,0.8165466200354692,1.4457960183333334
FIN,2004.0,0.0,0.0,0.0,0,0,0,0,-1.0291719868082134,4.00537952277651,0.7986713934398858,1.7008579225
FIN,2005.0,0.0,0.0,0.0,0,0,0,0,-0.8818597413986653,2.77730918518017,0.6726872442785317,1.8895054916666665
FIN,2006.0,0.0,0.0,0.0,0,0,0,0,-0.6553237521219017,4.01957326515895,0.5548221546669678,2.2836022075
FIN,2007.0,0.0,0.0,0.0,0,0,0,0,-0.4922497207944463,5.31280176694145,0.13633918134908352,2.0393217333333333
FIN,2008.0,0.0,0.0,0.0,0,0,0,0,-0.29251754238807076,0.784431235717051,0.024940928719683758,1.3017102483333334
FIN,2009.0,0.0,0.0,0.0,0,0,0,0,-1.10728190684509,-8.07603116552393,0.42613625715776127,1.0468915
FIN,2010.0,0.0,0.0,0.0,0,0,0,0,-0.7367543473184324,3.1682879121621,0.45401735653790604,0.8691600608333333
FIN,2011.0,0.0,0.0,0.0,0,0,0,0,-0.368334322163727,2.39039455396828,0.3334582041767386,0.5260605291666667
FIN,2012.0,0.0,0.0,0.0,0,0,0,0,-0.44875705753311096,-1.52284013040689,0.3147323115292006,-0.0132494616666666
FIN,2013.0,0.0,0.0,0.0,0,0,0,0,-0.6731515670655408,-0.979741024949618,0.41526582658156397,0.2878436908333333
FIN,2014.0,0.0,0.0,0.0,0,0,0,0,-0.770391773995751,-0.4780684247837,0.5047581150795198,0.61196865
FIN,2015.0,0.0,0.0,0.0,0,0,0,0,-1.2092689858649217,0.466503766322674,0.6334972374553848,0.5890241975
FRA,1960.0,0.0,0.0,0.0,0,0,0,0,-0.28442083567240795,4.94642545980355,-1.2496000873850546,6.9346889958333335
FRA,1961.0,0.0,0.0,0.0,0,0,0,0,-0.5091668457451317,4.94642545980355,-1.2496000873850546,6.9346889958333335
FRA,1962.0,0.0,0.0,0.0,0,0,0,0,-0.1662705750427485,6.85626464484753,-1.2496000873850546,6.9346889958333335
FRA,1963.0,0.0,0.0,0.0,0,0,0,0,-0.19712329807787615,6.1033388581149,-1.2496000873850546,6.9346889958333335
FRA,1964.0,0.0,0.0,0.0,0,0,0,0,-0.3943716810461139,6.58280685437494,-1.2496000873850546,6.9346889958333335
FRA,1965.0,0.0,0.0,0.0,0,0,0,0,-0.46378411499970956,4.83875011249243,-1.2496000873850546,6.9346889958333335
FRA,1966.0,0.0,0.0,0.0,0,0,0,0,-0.47857492933053186,5.16354274190655,-1.2496000873850546,6.9346889958333335
FRA,1967.0,0.0,0.0,0.0,0,0,0,0,-0.4510976160460544,4.80177080876672,-1.2496000873850546,6.9346889958333335
FRA,1968.0,0.0,0.0,0.0,0,0,0,0,-0.24198694498257384,4.54401821190027,-1.2496000873850546,6.9346889958333335
FRA,1969.0,0.0,0.0,0.0,0,0,0,0,-0.10437747686941384,7.09364697994077,-1.2496000873850546,6.9346889958333335
FRA,1970.0,0.0,0.0,0.0,0,0,0,0,-0.16914830868924724,6.20017438615466,-1.2496000873850546,6.9346889958333335
FRA,1971.0,0.0,0.0,0.0,0,0,0,0,-0.1602859837023137,5.29344622836985,-1.1374677401719826,6.9346889958333335
FRA,1972.0,0.0,0.0,0.0,0,0,0,0,-0.10296948970074501,4.51410759995832,-1.0944807004861772,6.9346889958333335
FRA,1973.0,0.0,0.0,0.0,0,0,0,0,-0.00211449744591968,6.19458406640176,-1.1287889584468358,6.9346889958333335
FRA,1974.0,0.0,0.0,0.0,0,0,0,0,0.3435137434827115,4.41471376407343,-1.0566378320369745,6.9346889958333335
FRA,1975.0,0.0,0.0,0.0,0,0,0,0,0.2520020726754169,-0.945609616912307,-0.6078381872943135,6.9346889958333335
FRA,1976.0,0.0,0.0,0.0,0,0,0,0,0.14165680091182578,4.33755647481964,-0.484326746895276,6.9346889958333335
FRA,1977.0,0.0,0.0,0.0,0,0,0,0,0.13403315300260799,3.55415568976466,-0.32546999886555444,6.9346889958333335
FRA,1978.0,0.0,0.0,0.0,0,0,0,0,0.1196042795284333,3.94936216342872,-0.25340019362494925,6.9346889958333335
FRA,1979.0,0.0,0.0,0.0,0,0,0,0,0.19846840221038517,3.69531078677157,-0.05680139907322928,6.9346889958333335
FRA,1980.0,0.0,0.0,0.0,0,0,0,0,0.3397026291473919,1.67641337198611,0.036952183789598594,6.9346889958333335
FRA,1981.0,0.0,0.0,0.0,0,0,0,0,0.3286885544838828,1.18831474293866,0.28403290862995273,6.9346889958333335
FRA,1982.0,0.0,0.0,0.0,0,0,0,0,0.26638481448800677,2.44251268690125,0.4166277967144076,6.9346889958333335
FRA,1983.0,0.0,0.0,0.0,0,0,0,0,0.13198104316031467,1.26205761797051,0.3610275148046768,5.888257380833333
FRA,1984.0,0.0,0.0,0.0,0,0,0,0,0.018438100455251443,1.60947146551595,0.6608003727019266,6.6373992375
FRA,1985.0,0.0,0.0,0.0,0,0,0,0,-0.12238933764270055,1.56907436604108,0.7825990785974322,5.660392525833333
FRA,1986.0,0.0,0.0,0.0,0,0,0,0,-0.4880460454551094,2.38953554470334,0.7778675900449061,4.048303089166667
FRA,1987.0,0.0,0.0,0.0,0,0,0,0,-0.3844045527707809,2.55274621143047,0.8587738700914445,4.218014031666667
FRA,1988.0,0.0,0.0,0.0,0,0,0,0,-0.46411512256048787,4.81422400170246,0.7696846641194336,4.452901190833333
FRA,1989.0,0.0,0.0,0.0,0,0,0,0,-0.35830491208123155,4.40516927190527,0.6754339408653635,4.4047298725
FRA,1990.0,0.0,0.0,0.0,0,0,0,0,-0.39656157194528086,2.82962715326478,0.6306944753842123,4.3208969375
FRA,1991.0,0.0,0.0,0.0,0,0,0,0,-0.3940852893082773,1.23666248297356,0.5906950305386155,3.9339278958333335
FRA,1992.0,0.0,0.0,0.0,0,0,0,0,-0.5149063046495647,1.5160611169627,0.7734527822006062,3.38244437
FRA,1993.0,1.0,1.0,0.0,0,0,0,0,-0.5570804079646315,-0.35899781051468,0.9487697320385664,2.7144275875
FRA,1994.0,1.0,1.0,0.0,1,1,0,0,-0.637929499573061,2.38366086110145,1.1323448790228636,3.5351682466666667
FRA,1995.0,0.0,0.0,0.0,1,1,0,0,-0.6113425396667641,2.30479278392259,1.0248054635374253,3.3100514933333334
FRA,1996.0,0.0,0.0,0.0,0,0,0,0,-0.5779175040387049,1.39707987198881,1.1008855181552357,3.1400511850000004
FRA,1997.0,0.0,0.0,0.0,0,0,0,0,-0.7322448264670585,2.5270616339357,1.1286106592181075,3.199334816666666
FRA,1998.0,0.0,0.0,0.0,0,0,0,0,-0.8738618891942793,3.45259434279616,1.0593988492714603,2.626002385
FRA,1999.0,0.0,0.0,0.0,0,0,0,0,-0.9081129899777235,3.39930808809441,1.046060436289592,2.8869701641666663
FRA,2000.0,0.0,0.0,0.0,0,0,0,0,-0.6339987092090006,4.14099996402915,0.7759066021352284,3.1165892308333336
FRA,2001.0,0.0,0.0,0.0,0,0,0,0,-0.641942958141902,1.89946701186636,0.49485957712395,2.237447555
FRA,2002.0,0.0,0.0,0.0,0,0,0,0,-0.5883798870068419,1.06775027069419,0.5120116236346802,2.0336032691666666
FRA,2003.0,0.0,0.0,0.0,0,0,0,0,-0.5580903839127552,0.967827182558352,0.4371417688764028,1.4457960183333334
FRA,2004.0,0.0,0.0,0.0,0,0,0,0,-0.5507751393971113,2.86825052501032,0.5509999561098318,1.7008579225
FRA,2005.0,0.0,0.0,0.0,0,0,0,0,-0.6207515629885385,1.88856584109286,0.5451619971804416,1.8895054916666665
FRA,2006.0,0.0,0.0,0.0,0,0,0,0,-0.6341588148563231,2.71406448755236,0.5360069569695911,2.2836022075
FRA,2007.0,1.0,1.0,0.0,0,0,0,0,-0.6711657122931084,2.53048188351066,0.37893755834424553,2.0393217333333333
FRA,2008.0,1.0,1.0,0.0,1,1,0,0,-0.44811890379022795,0.380171435849121,0.25180636224797864,1.3017102483333334
FRA,2009.0,1.0,1.0,0.0,1,1,0,0,-1.06925541534063,-2.82455153714783,0.5885493989196922,1.0468915
FRA,2010.0,1.0,1.0,0.0,1,1,0,0,-0.6624281881877632,2.00032476039051,0.6164470502423897,0.8691600608333333
FRA,2011.0,1.0,1.0,0.0,1,1,0,0,-0.5558796637102372,2.43757653729007,0.6074259233969731,0.5260605291666667
FRA,2012.0,1.0,1.0,0.0,1,1,0,0,-0.5829416206764851,0.183835264973013,0.7133434812579459,-0.0132494616666666
FRA,2013.0,1.0,1.0,0.0,1,1,0,0,-0.8151273970764498,0.781756446231,0.7254375274053334,0.2878436908333333
FRA,2014.0,0.0,0.0,0.0,1,1,0,0,-0.9172988676872603,0.997832947295251,0.7848794266774926,0.61196865
FRA,2015.0,0.0,0.0,0.0,0,0,0,0,-1.090660277824492,1.06675474783462,0.7980243898032392,0.5890241975
GBR,1960.0,0.0,0.0,0.0,0,0,0,0,-0.7795842386593997,2.7013141929652,-0.88206305329456,6.9346889958333335
GBR,1961.0,0.0,0.0,0.0,0,0,0,0,-0.36453881255255544,2.7013141929652,-0.88206305329456,6.9346889958333335
GBR,1962.0,0.0,0.0,0.0,0,0,0,0,-0.27829843589035347,1.09869626167405,-0.88206305329456,6.9346889958333335
GBR,1963.0,0.0,0.0,0.0,0,0,0,0,-0.5717306030861767,4.85954517089937,-0.88206305329456,6.9346889958333335
GBR,1964.0,0.0,0.0,0.0,0,0,0,0,-0.38533563312947183,5.59481102476671,-0.88206305329456,6.9346889958333335
GBR,1965.0,0.0,0.0,0.0,0,0,0,0,-0.218915282765812,2.13033310359295,-0.88206305329456,6.9346889958333335
GBR,1966.0,0.0,0.0,0.0,0,0,0,0,-0.3099703302543323,1.56744967539477,-0.88206305329456,6.9346889958333335
GBR,1967.0,0.0,0.0,0.0,0,0,0,0,-0.496587615324587,2.77573771674906,-0.88206305329456,6.9346889958333335
GBR,1968.0,0.0,0.0,0.0,0,0,0,0,-0.22646483699488423,5.47269304472715,-0.88206305329456,6.9346889958333335
GBR,1969.0,0.0,0.0,0.0,0,0,0,0,-0.15588043382017025,1.93913774928538,-0.88206305329456,6.9346889958333335
GBR,1970.0,0.0,0.0,0.0,0,0,0,0,-0.0783681810956531,2.70858153682569,-0.88206305329456,6.9346889958333335
GBR,1971.0,0.0,0.0,0.0,0,0,0,0,0.13111688288300336,2.00453760135888,-0.88206305329456,6.9346889958333335
GBR,1972.0,0.0,0.0,0.0,0,0,0,0,-0.024498198653111883,3.62637105743457,-0.7364461613130664,6.9346889958333335
GBR,1973.0,1.0,1.0,0.0,0,0,0,0,0.11633919228206975,7.31352424220155,-1.1681732658984325,6.9346889958333335
GBR,1974.0,1.0,1.0,0.0,1,1,0,0,0.4416958403119805,-1.67969792645223,-1.1681732658984325,6.9346889958333335
GBR,1975.0,1.0,1.0,0.0,1,1,0,0,0.7047588980431466,-0.676870194049812,-0.6341960752935942,6.9346889958333335
GBR,1976.0,0.0,0.0,0.0,1,1,0,0,0.4612512079687495,2.80465599545295,-0.19179581403552085,6.9346889958333335
GBR,1977.0,0.0,0.0,0.0,0,0,0,0,0.4338252363199985,2.36335094409922,-0.11424966638879878,6.9346889958333335
GBR,1978.0,0.0,0.0,0.0,0,0,0,0,0.05798767913827267,3.40337382855367,-0.1397595306271536,6.9346889958333335
GBR,1979.0,0.0,0.0,0.0,0,0,0,0,0.33345185908962816,2.74677219709527,-0.24525369406715075,6.9346889958333335
GBR,1980.0,0.0,0.0,0.0,0,0,0,0,0.5121741187734346,-2.17910220206564,0.12423898794539538,6.9346889958333335
GBR,1981.0,0.0,0.0,0.0,0,0,0,0,0.261409878347039,-1.3234581733779,0.8054529107235836,6.9346889958333335
GBR,1982.0,0.0,0.0,0.0,0,0,0,0,0.07955101472188995,2.09306886432368,0.8845480871980967,6.9346889958333335
GBR,1983.0,1.0,1.0,0.0,0,0,0,0,-0.23528901501554658,3.62434641923983,0.9135363588520895,5.888257380833333
GBR,1984.0,0.0,0.0,0.0,1,1,0,0,-0.20078945053315775,2.67092491032817,0.8847033379674926,6.6373992375
GBR,1985.0,0.0,0.0,0.0,0,0,0,0,-0.10227722842804522,3.59938143817158,0.9727315941057417,5.660392525833333
GBR,1986.0,0.0,0.0,0.0,0,0,0,0,-0.36699576902991726,4.01232987098167,0.9768972314164989,4.048303089166667
GBR,1987.0,0.0,0.0,0.0,0,0,0,0,-0.28344423432858024,4.56208082572655,0.9026353681667889,4.218014031666667
GBR,1988.0,0.0,0.0,0.0,0,0,0,0,-0.28274643685093453,5.0321018040183,0.5673311857998098,4.452901190833333
GBR,1989.0,0.0,0.0,0.0,0,0,0,0,-0.12843656459876693,2.28144671930745,0.2558102572363521,4.4047298725
GBR,1990.0,1.0,1.0,0.0,0,0,0,0,0.04483847501609431,0.779266119883417,0.16186720044825795,4.3208969375
GBR,1991.0,0.0,0.0,0.0,1,1,0,0,0.0036378149096916376,-1.29243974751705,0.48359582068397133,3.9339278958333335
GBR,1992.0,0.0,0.0,0.0,0,0,0,0,-0.23708131711613775,1.29472849604493,0.7016871641021034,3.38244437
GBR,1993.0,0.0,0.0,0.0,0,0,0,0,-0.4850382460712115,3.49048744653493,0.7967297834416743,2.7144275875
GBR,1994.0,1.0,1.0,0.0,0,0,0,0,-0.5380861927502449,4.95341092800692,0.6805742416270981,3.5351682466666667
GBR,1995.0,0.0,0.0,0.0,1,1,0,0,-0.4645954905812453,3.53339096338078,0.5105258088611989,3.3100514933333334
GBR,1996.0,0.0,0.0,0.0,0,0,0,0,-0.4426578640353583,2.61491606949487,0.41448715010324405,3.1400511850000004
GBR,1997.0,0.0,0.0,0.0,0,0,0,0,-0.5410102261482831,4.8799853038024,0.18445899730367735,3.199334816666666
GBR,1998.0,0.0,0.0,0.0,0,0,0,0,-0.6069176944154849,3.24631482881618,-0.01587051354710208,2.626002385
GBR,1999.0,0.0,0.0,0.0,0,0,0,0,-0.6194260800159622,2.94445869854798,-0.053849511481683966,2.8869701641666663
GBR,2000.0,0.0,0.0,0.0,0,0,0,0,-0.7370238794407937,4.52438074810904,-0.17656254787686726,3.1165892308333336
GBR,2001.0,0.0,0.0,0.0,0,0,0,0,-0.6621815007013112,2.39102229602824,-0.41624139114760855,2.237447555
GBR,2002.0,0.0,0.0,0.0,0,0,0,0,-0.6645880899707405,1.70902736258567,-0.3178601336995139,2.0336032691666666
GBR,2003.0,0.0,0.0,0.0,0,0,0,0,-0.6943810403954949,3.21851612669614,-0.383663619220193,1.4457960183333334
GBR,2004.0,0.0,0.0,0.0,0,0,0,0,-0.6914365256070352,2.32601853325993,-0.44667167256524243,1.7008579225
GBR,2005.0,0.0,0.0,0.0,0,0,0,0,-0.5596677105637852,2.7906547174688,-0.3613835092043644,1.8895054916666665
GBR,2006.0,1.0,1.0,0.0,0,0,0,0,-0.5006346647092011,2.18982132415704,-0.1991924541504269,2.2836022075
GBR,2007.0,1.0,1.0,0.0,1,1,0,0,-0.5113341860406757,2.93091133582351,-0.21860915830774869,2.0393217333333333
GBR,2008.0,1.0,1.0,0.0,1,1,0,0,-0.3554899510131557,-0.0494116727402769,-0.1274734822307121,1.3017102483333334
GBR,2009.0,1.0,1.0,0.0,1,1,0,0,-0.5816176998755792,-4.58740819226323,0.3135050355226611,1.0468915
GBR,2010.0,1.0,1.0,0.0,1,1,0,0,-0.49498271973211305,2.26054460931586,0.3719912434787094,0.8691600608333333
GBR,2011.0,1.0,1.0,0.0,1,1,0,0,-0.31605435384641783,0.851437739020326,0.4156550535562739,0.5260605291666667
GBR,2012.0,1.0,1.0,0.0,1,1,0,0,-0.48284901858212076,1.52826034721852,0.43193601257800696,-0.0132494616666666
GBR,2013.0,1.0,1.0,0.0,1,1,0,0,-0.5263408057029717,1.71846961308464,0.327574096449682,0.2878436908333333
GBR,2014.0,0.0,0.0,0.0,1,1,0,0,-0.6787424569536223,3.16017351468152,0.03177975339185498,0.61196865
GBR,2015.0,0.0,0.0,0.0,0,0,0,0,-0.9632250780831931,2.14040560033371,-0.17813291923876975,0.5890241975
GHA,1960.0,0.0,0.0,0.0,0,0,0,0,0.7637489496583045,3.42967401462874,-0.8118437409287171,6.9346889958333335
GHA,1961.0,0.0,0.0,0.0,0,0,0,0,0.7637489496583045,3.42967401462874,-0.8118437409287171,6.9346889958333335
GHA,1962.0,0.0,0.0,0.0,0,0,0,0,0.7637489496583045,4.10915860625774,-0.8118437409287171,6.9346889958333335
GHA,1963.0,0.0,0.0,0.0,0,0,0,0,0.7637489496583045,4.40597419943647,-0.8118437409287171,6.9346889958333335
GHA,1964.0,0.0,0.0,0.0,0,0,0,0,0.7637489496583045,2.20932750184639,-0.8118437409287171,6.9346889958333335
GHA,1965.0,1.0,0.0,1.0,0,0,0,0,0.7637489496583045,1.36899886970954,-0.8118437409287171,6.9346889958333335
GHA,1966.0,1.0,0.0,1.0,1,0,0,1,0.32525912056026446,-4.25829036972007,-0.8118437409287171,6.9346889958333335
GHA,1967.0,1.0,0.0,1.0,1,0,0,1,-16.775588695515186,3.07536405007809,-0.8118437409287171,6.9346889958333335
GHA,1968.0,1.0,0.0,1.0,1,0,0,1,0.03353032735936767,0.368860328659636,-0.8118437409287171,6.9346889958333335
GHA,1969.0,1.0,0.0,1.0,1,0,0,1,-0.006649723662617085,6.00617496624768,-0.8118437409287171,6.9346889958333335
GHA,1970.0,1.0,0.0,1.0,1,0,0,1,-0.41820665084850617,9.72347258708628,-0.8118437409287171,6.9346889958333335
GHA,1971.0,1.0,0.0,1.0,1,0,0,1,0.1377852639561969,5.2161245570606,-0.8118437409287171,6.9346889958333335
GHA,1972.0,1.0,0.0,1.0,1,0,0,1,0.16678126389963963,-2.48765540214929,-0.8118437409287171,6.9346889958333335
GHA,1973.0,1.0,0.0,1.0,1,0,0,1,0.5021970757377432,2.8845841948016,-0.8118437409287171,6.9346889958333335
GHA,1974.0,0.0,0.0,0.0,1,0,0,1,0.5180634768328972,6.85251683220585,-0.8118437409287171,6.9346889958333335
GHA,1975.0,0.0,0.0,0.0,0,0,0,0,0.8453850876514019,-12.4316290214597,-0.8118437409287171,6.9346889958333335
GHA,1976.0,0.0,0.0,0.0,0,0,0,0,1.300108302121757,-3.53018280627536,-0.8118437409287171,6.9346889958333335
GHA,1977.0,0.0,0.0,0.0,0,0,0,0,1.881886426964449,2.27410724169957,-0.8118437409287171,6.9346889958333335
GHA,1978.0,1.0,0.0,1.0,0,0,0,0,1.5040407349695843,8.47593560232171,-0.8118437409287171,6.9346889958333335
GHA,1979.0,0.0,0.0,0.0,1,0,0,1,1.2777523043612034,-2.51494141959301,-0.8118437409287171,6.9346889958333335
GHA,1980.0,0.0,0.0,0.0,0,0,0,0,1.2152257595776932,0.471695943172108,-0.8118437409287171,6.9346889958333335
GHA,1981.0,1.0,1.0,1.0,0,0,0,0,1.882270614582625,-3.50306694696705,-0.8118437409287171,6.9346889958333335
GHA,1982.0,1.0,1.0,0.0,1,1,0,1,0.650640236819251,-6.92365041055389,-0.8118437409287171,6.9346889958333335
GHA,1983.0,1.0,1.0,0.0,1,1,0,0,1.9270646264051632,-4.56373750458945,-0.8118437409287171,5.888257380833333
GHA,1984.0,1.0,1.0,0.0,1,1,0,0,1.045280632426565,8.64756945671597,-0.8118437409287171,6.6373992375
GHA,1985.0,1.0,1.0,0.0,1,1,0,0,0.17998068664075412,5.09161727201138,-0.8118437409287171,5.660392525833333
GHA,1986.0,1.0,1.0,1.0,1,1,0,0,0.7144986384741951,5.19916067974877,-0.8118437409287171,4.048303089166667
GHA,1987.0,1.0,1.0,0.0,1,1,0,1,1.047982187999801,4.79489887940781,-0.8118437409287171,4.218014031666667
GHA,1988.0,1.0,1.0,0.0,1,1,0,0,0.8799134869557074,5.62816876359457,-0.8118437409287171,4.452901190833333
GHA,1989.0,0.0,0.0,0.0,1,1,0,0,0.7320964838050924,5.08587270013842,-0.8118437409287171,4.4047298725
GHA,1990.0,0.0,0.0,0.0,0,0,0,0,1.0006434970969909,3.32881788321653,-0.8118437409287171,4.3208969375
GHA,1991.0,0.0,0.0,0.0,0,0,0,0,0.5144654050478238,5.28182639834429,-0.8118437409287171,3.9339278958333335
GHA,1992.0,0.0,0.0,0.0,0,0,0,0,0.16616625578402647,3.87941908037517,-0.41505779976553253,3.38244437
GHA,1993.0,0.0,0.0,0.0,0,0,0,0,0.7250894787736142,4.85000055379412,-0.2497753221793232,2.7144275875
GHA,1994.0,0.0,0.0,0.0,0,0,0,0,0.722696273799358,3.29999973947747,-0.09742500347090965,3.5351682466666667
GHA,1995.0,0.0,0.0,0.0,0,0,0,0,1.3444900075296358,4.11241897162861,0.043983895823977465,3.3100514933333334
GHA,1996.0,1.0,1.0,0.0,0,0,0,0,1.1615736078269139,4.60246115564627,0.17600769303156263,3.1400511850000004
GHA,1997.0,1.0,1.0,0.0,1,1,0,0,0.7995522782564047,4.19635744019571,0.2998870924153194,3.199334816666666
GHA,1998.0,1.0,1.0,0.0,1,1,0,0,0.3850516112828654,4.70039078427911,0.4166277967144076,2.626002385
GHA,1999.0,0.0,0.0,0.0,1,1,0,0,-0.2099686177980355,4.39999682545296,0.7565250752858184,2.8869701641666663
GHA,2000.0,0.0,0.0,0.0,0,0,0,0,1.0556180320199924,3.70000008164408,0.8144609779344038,3.1165892308333336
GHA,2001.0,0.0,0.0,0.0,0,0,0,0,1.0779649389316277,4.00000012807919,0.6601955999741548,2.237447555
GHA,2002.0,0.0,0.0,0.0,0,0,0,0,0.12616782367832202,4.49999955900331,0.4935486509010979,2.0336032691666666
GHA,2003.0,0.0,0.0,0.0,0,0,0,0,0.8441988807588917,5.200000133101,0.3121746481166703,1.4457960183333334
GHA,2004.0,0.0,0.0,0.0,0,0,0,0,0.5148599078967538,5.59999999077445,0.11296951350225137,1.7008579225
GHA,2005.0,0.0,0.0,0.0,0,0,0,0,0.4180793476682657,5.90000381855104,-0.1083025527070792,1.8895054916666665
GHA,2006.0,0.0,0.0,0.0,0,0,0,0,0.25166716257096855,6.39991260618034,-0.35764715359426846,2.2836022075
GHA,2007.0,0.0,0.0,0.0,0,0,0,0,0.20313416972837836,4.34681910440079,-0.3230005653846024,2.0393217333333333
GHA,2008.0,0.0,0.0,0.0,0,0,0,0,0.458817568119102,9.14979893831817,-0.2889624107980225,1.3017102483333334
GHA,2009.0,0.0,0.0,0.0,0,0,0,0,0.5557809981220923,4.84448705175076,-0.25551025363440427,1.0468915
GHA,2010.0,0.0,0.0,0.0,0,0,0,0,0.20308758811496172,7.89971194051621,-0.222622901693637,0.8691600608333333
GHA,2011.0,0.0,0.0,0.0,0,0,0,0,0.08770009289468522,14.0471235803149,-0.5328806922552829,0.5260605291666667
GHA,2012.0,0.0,0.0,0.0,0,0,0,0,0.22676099356219248,9.2927894063005,-0.9036432412826035,-0.0132494616666666
GHA,2013.0,0.0,0.0,0.0,0,0,0,0,0.2510214902043853,7.31252501678145,-1.3676726343398078,0.2878436908333333
GHA,2014.0,0.0,0.0,0.0,0,0,0,0,0.4200840844318515,2.85624016330883,-0.4783559638864667,0.61196865
GHA,2015.0,0.0,0.0,0.0,0,0,0,0,0.48304624305598787,2.12075933817334,0.12558707035026315,0.5890241975
GRC,1960.0,1.0,0.0,1.0,1,0,0,1,-0.6732414039470481,13.2038386052462,-0.8371739144776611,6.9346889958333335
GRC,1961.0,1.0,0.0,1.0,1,0,0,1,-0.5572292411387395,13.2038386052462,-0.8371739144776611,6.9346889958333335
GRC,1962.0,1.0,0.0,1.0,1,0,0,1,-1.3646664644149546,0.364812289877747,-0.8371739144776611,6.9346889958333335
GRC,1963.0,1.0,0.0,1.0,1,0,0,1,-0.39781101809685526,11.8448666655957,-0.8371739144776611,6.9346889958333335
GRC,1964.0,0.0,0.0,0.0,1,0,0,1,-0.8838057107476103,9.40967732368279,-0.8371739144776611,6.9346889958333335
GRC,1965.0,0.0,0.0,0.0,0,0,0,0,-0.3931213037468913,10.7680109720411,-0.8371739144776611,6.9346889958333335
GRC,1966.0,0.0,0.0,0.0,0,0,0,0,-0.2062918596568162,6.49450138060494,-0.8371739144776611,6.9346889958333335
GRC,1967.0,0.0,0.0,0.0,0,0,0,0,-0.6031227522598244,5.66948643356486,-0.8371739144776611,6.9346889958333335
GRC,1968.0,0.0,0.0,0.0,0,0,0,0,-1.0481531406168134,7.20371768036424,-0.8371739144776611,6.9346889958333335
GRC,1969.0,0.0,0.0,0.0,0,0,0,0,-0.4731328035649577,11.5636684082563,-0.8371739144776611,6.9346889958333335
GRC,1970.0,0.0,0.0,0.0,0,0,0,0,-0.44407204396187316,8.93058020025967,-0.8371739144776611,6.9346889958333335
GRC,1971.0,0.0,0.0,0.0,0,0,0,0,-0.384331702747417,7.84117657760304,-0.8371739144776611,6.9346889958333335
GRC,1972.0,0.0,0.0,0.0,0,0,0,0,-0.26394787118449264,10.1601515908652,-0.8371739144776611,6.9346889958333335
GRC,1973.0,0.0,0.0,0.0,0,0,0,0,0.4159203741358733,8.09237907118801,-0.8371739144776611,6.9346889958333335
GRC,1974.0,0.0,0.0,0.0,0,0,0,0,0.7666934571201816,-6.43824057014004,-0.8371739144776611,6.9346889958333335
GRC,1975.0,0.0,0.0,0.0,0,0,0,0,0.3426123433193842,6.36680794602181,-0.8371739144776611,6.9346889958333335
GRC,1976.0,0.0,0.0,0.0,0,0,0,0,0.3156004935017304,6.85189869571943,-0.8371739144776611,6.9346889958333335
GRC,1977.0,0.0,0.0,0.0,0,0,0,0,0.28519038781830297,2.94100090620763,-0.8371739144776611,6.9346889958333335
GRC,1978.0,0.0,0.0,0.0,0,0,0,0,0.2947409457172504,7.24686397906468,-0.8371739144776611,6.9346889958333335
GRC,1979.0,0.0,0.0,0.0,0,0,0,0,0.5507083880295958,3.28207958853159,-0.8371739144776611,6.9346889958333335
GRC,1980.0,0.0,0.0,0.0,0,0,0,0,0.7174793244248644,0.67713140669585,-0.8371739144776611,6.9346889958333335
GRC,1981.0,0.0,0.0,0.0,0,0,0,0,0.7128928024715262,-1.55372126905196,-0.8371739144776611,6.9346889958333335
GRC,1982.0,0.0,0.0,0.0,0,0,0,0,0.6114541101180835,-1.13264739051145,-0.34533961816219055,6.9346889958333335
GRC,1983.0,0.0,0.0,0.0,0,0,0,0,0.5860431581757982,-1.07862273931177,0.3381128213925096,5.888257380833333
GRC,1984.0,0.0,0.0,0.0,0,0,0,0,0.5291779440858024,2.01058093704644,0.3970843542867446,6.6373992375
GRC,1985.0,0.0,0.0,0.0,0,0,0,0,0.5580197339627314,2.50955640237393,0.3373040883163894,5.660392525833333
GRC,1986.0,0.0,0.0,0.0,0,0,0,0,0.6714566893549027,0.517660006338886,0.2454682181664746,4.048303089166667
GRC,1987.0,0.0,0.0,0.0,0,0,0,0,0.45513531668995444,-2.25886322369171,0.264842515541792,4.218014031666667
GRC,1988.0,0.0,0.0,0.0,0,0,0,0,0.338215700015103,4.28786172851761,0.34295847315531514,4.452901190833333
GRC,1989.0,0.0,0.0,0.0,0,0,0,0,0.3437874407191278,3.79999995287797,0.27675365124849177,4.4047298725
GRC,1990.0,1.0,1.0,0.0,0,0,0,0,0.5940858494358715,0.0,0.17132964319079289,4.3208969375
GRC,1991.0,1.0,1.0,0.0,1,1,0,0,0.5626636212091547,3.09999970633838,0.2906654019365951,3.9339278958333335
GRC,1992.0,1.0,1.0,0.0,1,1,0,0,0.4352531782372621,0.700000337119789,0.5533669140701784,3.38244437
GRC,1993.0,1.0,1.0,0.0,1,1,0,0,0.3761759150002119,-1.60000002186294,0.7691926700603736,2.7144275875
GRC,1994.0,1.0,1.0,0.0,1,1,0,0,0.21052418823245964,1.99999984724822,0.707776852287307,3.5351682466666667
GRC,1995.0,0.0,0.0,0.0,1,1,0,0,0.10046506061241936,2.09971953235275,0.7591636230390261,3.3100514933333334
GRC,1996.0,0.0,0.0,0.0,0,0,0,0,0.05349898903494091,1.38247057325857,0.805775294024513,3.1400511850000004
GRC,1997.0,0.0,0.0,0.0,0,0,0,0,-0.14794584644614914,3.60288326516122,0.8170276280282818,3.199334816666666
GRC,1998.0,0.0,0.0,0.0,0,0,0,0,-0.21965787893535602,3.43693579661333,1.0811629627330954,2.626002385
GRC,1999.0,0.0,0.0,0.0,0,0,0,0,-0.47346833682003747,2.65878562321184,1.0685297880126903,2.8869701641666663
GRC,2000.0,0.0,0.0,0.0,0,0,0,0,-0.40217877276960423,4.13782699405849,0.952531671686858,3.1165892308333336
GRC,2001.0,0.0,0.0,0.0,0,0,0,0,-0.37367103642354405,4.65041459442163,0.8633267772435204,2.237447555
GRC,2002.0,0.0,0.0,0.0,0,0,0,0,-0.3425019291100208,4.68313727063017,0.7967297834416743,2.0336032691666666
GRC,2003.0,0.0,0.0,0.0,0,0,0,0,-0.3543675615559505,5.79682274294369,0.7130065325300863,1.4457960183333334
GRC,2004.0,0.0,0.0,0.0,0,0,0,0,-0.43611753584920865,5.37786634595851,0.8418895141869441,1.7008579225
GRC,2005.0,0.0,0.0,0.0,0,0,0,0,-0.35261994378664335,1.18350635493289,0.7522303226749012,1.8895054916666665
GRC,2006.0,0.0,0.0,0.0,0,0,0,0,-0.3963457884043373,6.44339762487436,0.5495420152107315,2.2836022075
GRC,2007.0,1.0,1.0,0.0,0,0,0,0,-0.43664925055955667,3.50686976639459,0.44578870784757196,2.0393217333333333
GRC,2008.0,1.0,1.0,0.0,1,1,0,0,-0.283023606929488,0.0574740238200775,0.3096137556741602,1.3017102483333334
GRC,2009.0,1.0,1.0,0.0,1,1,0,0,-0.7308564229413772,-4.11927606715011,0.6630451316542334,1.0468915
GRC,2010.0,1.0,1.0,0.0,1,1,0,0,-0.22491898030062513,-5.6937412158003,1.149685811053868,0.8691600608333333
GRC,2011.0,1.0,1.0,1.0,1,1,0,0,-0.3792143099591133,-9.87677875300243,1.771853539822673,0.5260605291666667
GRC,2012.0,1.0,1.0,0.0,1,1,0,1,-0.6684105541296863,-8.33113421099992,2.379783107199297,-0.0132494616666666
GRC,2013.0,1.0,1.0,0.0,1,1,0,0,-1.6824164291820405,-2.27211699888024,2.602328986576036,0.2878436908333333
GRC,2014.0,0.0,0.0,0.0,1,1,0,0,-2.01981832705329,0.792225060962835,2.5309923364869062,0.61196865
GRC,2015.0,0.0,0.0,0.0,0,0,0,0,-2.445713347174755,-0.228301892172851,2.3994550001892674,0.5890241975
GTM,1960.0,0.0,0.0,0.0,0,0,0,0,-1.909126266994538,4.29851834874688,-1.3790729861019473,6.9346889958333335
GTM,1961.0,0.0,0.0,0.0,0,0,0,0,-1.4149482446070705,4.29851834874688,-1.3790729861019473,6.9346889958333335
GTM,1962.0,0.0,0.0,0.0,0,0,0,0,-0.5658893395613315,3.53650126284866,-1.3790729861019473,6.9346889958333335
GTM,1963.0,0.0,0.0,0.0,0,0,0,0,-1.0431940881020696,9.54104393054875,-1.3790729861019473,6.9346889958333335
GTM,1964.0,0.0,0.0,0.0,0,0,0,0,-1.2016888274819708,4.63299243190491,-1.3790729861019473,6.9346889958333335
GTM,1965.0,0.0,0.0,0.0,0,0,0,0,-1.5888357268517006,4.36176931452728,-1.3790729861019473,6.9346889958333335
GTM,1966.0,0.0,0.0,0.0,0,0,0,0,-0.8642905193678229,5.51210399019357,-1.3790729861019473,6.9346889958333335
GTM,1967.0,0.0,0.0,0.0,0,0,0,0,-0.9243817386664596,4.11217561696343,-1.3790729861019473,6.9346889958333335
GTM,1968.0,0.0,0.0,0.0,0,0,0,0,-0.5878625701754735,8.76603505425516,-1.3790729861019473,6.9346889958333335
GTM,1969.0,0.0,0.0,0.0,0,0,0,0,-0.5582914735963695,4.73690901583991,-1.3790729861019473,6.9346889958333335
GTM,1970.0,0.0,0.0,0.0,0,0,0,0,-0.5179655172265452,5.70788359811974,-1.3790729861019473,6.9346889958333335
GTM,1971.0,0.0,0.0,0.0,0,0,0,0,-1.3509765936639455,5.58375454736793,-1.3790729861019473,6.9346889958333335
GTM,1972.0,0.0,0.0,0.0,0,0,0,0,-0.9104239334108304,7.33305162061406,-1.3790729861019473,6.9346889958333335
GTM,1973.0,0.0,0.0,0.0,0,0,0,0,0.34991581226002844,6.78283433749129,-1.3790729861019473,6.9346889958333335
GTM,1974.0,0.0,0.0,0.0,0,0,0,0,0.45882722599625253,6.37502990286956,-1.3790729861019473,6.9346889958333335
GTM,1975.0,0.0,0.0,0.0,0,0,0,0,0.32171792340194433,1.94999082158344,-1.3790729861019473,6.9346889958333335
GTM,1976.0,0.0,0.0,0.0,0,0,0,0,0.20264166411684462,7.38726562476302,-1.3790729861019473,6.9346889958333335
GTM,1977.0,0.0,0.0,0.0,0,0,0,0,0.28304201125971473,7.80922068405067,-1.3790729861019473,6.9346889958333335
GTM,1978.0,0.0,0.0,0.0,0,0,0,0,0.059605869707317745,4.99668981954586,-1.3790729861019473,6.9346889958333335
GTM,1979.0,0.0,0.0,0.0,0,0,0,0,0.23479080490408918,4.71345609171885,-1.3790729861019473,6.9346889958333335
GTM,1980.0,0.0,0.0,0.0,0,0,0,0,0.2078777398693379,3.75997816033124,-1.3790729861019473,6.9346889958333335
GTM,1981.0,0.0,0.0,0.0,0,0,0,0,0.23933662107669076,0.646858610432233,-1.3790729861019473,6.9346889958333335
GTM,1982.0,0.0,0.0,0.0,0,0,0,0,-0.9844448652400456,-3.53008900954855,-1.3203752711979917,6.9346889958333335
GTM,1983.0,0.0,0.0,0.0,0,0,0,0,-0.24244818045912855,-2.57209144433914,-1.3079065764207953,5.888257380833333
GTM,1984.0,0.0,0.0,0.0,0,0,0,0,-0.3695831819784995,0.496697752643456,-1.2955237243398823,6.6373992375
GTM,1985.0,1.0,0.0,1.0,0,0,0,0,0.5370163788118942,-0.609338955584263,-1.2832254589903782,5.660392525833333
GTM,1986.0,0.0,0.0,0.0,1,0,0,1,0.9943724737188697,0.143049595525113,-1.271010552362074,4.048303089166667
GTM,1987.0,0.0,0.0,0.0,0,0,0,0,0.2829769917098689,3.54398330651921,-1.2588778035673125,4.218014031666667
GTM,1988.0,1.0,0.0,1.0,0,0,0,0,0.20834525652313662,3.89238706354786,-1.3691555244961227,4.452901190833333
GTM,1989.0,1.0,1.0,0.0,1,0,0,1,0.23701179175798684,3.94258951982349,-1.4866773211378057,4.4047298725
GTM,1990.0,0.0,0.0,0.0,1,1,0,0,1.0729493260997842,3.10256317557587,-1.4739644158275738,4.3208969375
GTM,1991.0,0.0,0.0,0.0,0,0,0,0,0.9187946470240678,3.65824875006811,-1.461341912419292,3.9339278958333335
GTM,1992.0,0.0,0.0,0.0,0,0,0,0,0.1655954335354125,4.83833884688683,-1.448808445101019,3.38244437
GTM,1993.0,0.0,0.0,0.0,0,0,0,0,0.2586137577541498,3.92713194504024,-1.4363626794440405,2.7144275875
GTM,1994.0,0.0,0.0,0.0,0,0,0,0,0.20953726228326922,4.03374149641458,-1.424003311438692,3.5351682466666667
GTM,1995.0,0.0,0.0,0.0,0,0,0,0,0.06759337759097497,4.94854750210382,-1.4117290665671662,3.3100514933333334
GTM,1996.0,0.0,0.0,0.0,0,0,0,0,0.22007565391457493,2.95777988740716,-1.3995386989115903,3.1400511850000004
GTM,1997.0,0.0,0.0,0.0,0,0,0,0,0.1185486842190454,4.36408994678341,-1.3874309902957656,3.199334816666666
GTM,1998.0,0.0,0.0,0.0,0,0,0,0,-0.059000233647349846,4.99352780305848,-1.3754047494590758,2.626002385
GTM,1999.0,0.0,0.0,0.0,0,0,0,0,-0.17703719729207895,3.8470621889051,-1.3634588112610908,2.8869701641666663
GTM,2000.0,1.0,1.0,0.0,0,0,0,0,-0.11005786581629315,3.6088687174876,-1.3515920359155322,3.1165892308333336
GTM,2001.0,0.0,0.0,0.0,1,1,0,0,-0.008888057901020173,2.33257486608854,-1.339803308252268,2.237447555
GTM,2002.0,0.0,0.0,0.0,0,0,0,0,0.04942159681493136,3.83928708556792,-1.3280915370061583,2.0336032691666666
GTM,2003.0,0.0,0.0,0.0,0,0,0,0,-0.14201532829222263,2.56037766801896,-1.078828308256937,1.4457960183333334
GTM,2004.0,0.0,0.0,0.0,0,0,0,0,0.011833221551991997,3.13791683609193,-1.0110150155695465,1.7008579225
GTM,2005.0,1.0,1.0,0.0,0,0,0,0,0.11107476148082904,3.27602692588886,-1.2419816732913387,1.8895054916666665
GTM,2006.0,0.0,0.0,0.0,1,1,0,0,-0.06308098168135766,5.35139778711536,-1.5068642513746764,2.2836022075
GTM,2007.0,0.0,0.0,0.0,0,0,0,0,-0.04308994740441122,6.33771869016203,-1.3056379531080164,2.0393217333333333
GTM,2008.0,0.0,0.0,0.0,0,0,0,0,0.23541978418259435,3.29352400028485,-1.1246809599532204,1.3017102483333334
GTM,2009.0,0.0,0.0,0.0,0,0,0,0,-0.5999033919396707,0.476898106596394,-0.9600674265018259,1.0468915
GTM,2010.0,0.0,0.0,0.0,0,0,0,0,-0.31566640005058216,2.88417542800377,-0.8089290072456615,0.8691600608333333
GTM,2011.0,0.0,0.0,0.0,0,0,0,0,-0.09061017263276648,4.16390688293349,-0.5928465666925906,0.5260605291666667
GTM,2012.0,0.0,0.0,0.0,0,0,0,0,-0.32460068503806566,2.97470856847661,-1.09660619676997,-0.0132494616666666
GTM,2013.0,0.0,0.0,0.0,0,0,0,0,-0.2626668785834869,3.69481894978053,-0.9924349540148577,0.2878436908333333
GTM,2014.0,0.0,0.0,0.0,0,0,0,0,-0.3681415584864901,4.44397783368888,-1.1171377184174855,0.61196865
GTM,2015.0,0.0,0.0,0.0,0,0,0,0,-0.5109970576213422,4.09217081621244,-1.2102395646157045,0.5890241975
HND,1960.0,0.0,0.0,0.0,0,0,0,0,-2.456892387402195,1.66356461642803,0.3970843542867446,6.9346889958333335
HND,1961.0,0.0,0.0,0.0,0,0,0,0,-0.6560536798511857,1.66356461642803,0.3970843542867446,6.9346889958333335
HND,1962.0,0.0,0.0,0.0,0,0,0,0,-0.758172967802873,2.18523652981222,0.3970843542867446,6.9346889958333335
HND,1963.0,0.0,0.0,0.0,0,0,0,0,-0.4113737926558694,1.26827909278258,0.3970843542867446,6.9346889958333335
HND,1964.0,0.0,0.0,0.0,0,0,0,0,-0.24926987292024133,1.54715605635589,0.3970843542867446,6.9346889958333335
HND,1965.0,0.0,0.0,0.0,0,0,0,0,-0.39760152023120177,2.58333582121715,0.3970843542867446,6.9346889958333335
HND,1966.0,0.0,0.0,0.0,0,0,0,0,-0.613605634683995,-1.11932816500057,0.3970843542867446,6.9346889958333335
HND,1967.0,0.0,0.0,0.0,0,0,0,0,-0.5592103433964791,3.76437003674084,0.3970843542867446,6.9346889958333335
HND,1968.0,0.0,0.0,0.0,0,0,0,0,-0.5995195944955267,-1.17815493672721,0.3970843542867446,6.9346889958333335
HND,1969.0,0.0,0.0,0.0,0,0,0,0,-0.7200668915779881,0.881367760385189,0.3970843542867446,6.9346889958333335
HND,1970.0,0.0,0.0,0.0,0,0,0,0,-0.43860539230678,4.94188689356858,0.3970843542867446,6.9346889958333335
HND,1971.0,0.0,0.0,0.0,0,0,0,0,-0.5373952176561502,4.65493718159253,0.3970843542867446,6.9346889958333335
HND,1972.0,0.0,0.0,0.0,0,0,0,0,-0.3445389249229483,3.90537684149935,0.3970843542867446,6.9346889958333335
HND,1973.0,0.0,0.0,0.0,0,0,0,0,-0.17892257232810055,4.44128830650889,0.3970843542867446,6.9346889958333335
HND,1974.0,0.0,0.0,0.0,0,0,0,0,0.30760424830512667,9.41117622705514,0.3970843542867446,6.9346889958333335
HND,1975.0,0.0,0.0,0.0,0,0,0,0,0.06532165554201834,5.3200213329476,0.3773519157823084,6.9346889958333335
HND,1976.0,0.0,0.0,0.0,0,0,0,0,-0.20822321373053113,16.1000612479848,0.3574265227801075,6.9346889958333335
HND,1977.0,0.0,0.0,0.0,0,0,0,0,0.06909054657158072,8.67824908440281,0.3373040883163894,6.9346889958333335
HND,1978.0,0.0,0.0,0.0,0,0,0,0,-0.12945973956360196,12.9383124816161,0.3169803911946125,6.9346889958333335
HND,1979.0,0.0,0.0,0.0,0,0,0,0,0.2739823742635877,11.5302614235207,0.2964510699748998,6.9346889958333335
HND,1980.0,1.0,0.0,1.0,0,0,0,0,0.5155159566737765,13.0461742022835,0.2757116166209417,6.9346889958333335
HND,1981.0,1.0,0.0,1.0,1,0,0,1,0.12881219326114599,7.25433073403863,0.2547573697805657,6.9346889958333335
HND,1982.0,1.0,0.0,1.0,1,0,0,1,0.10341217939761391,4.3913059235414,0.23358350767421485,6.9346889958333335
HND,1983.0,1.0,0.0,1.0,1,0,0,1,0.057313537765162896,6.99586711936102,0.47510725962687267,5.888257380833333
HND,1984.0,1.0,0.0,1.0,1,0,0,1,-0.22359280541666982,2.35846275081614,0.6911574626214926,6.6373992375
HND,1985.0,1.0,0.0,1.0,1,0,0,1,-0.3750854304608972,4.66822602953714,0.8868756500233623,5.660392525833333
HND,1986.0,1.0,0.0,1.0,1,0,0,1,-0.26168417490653173,5.53564279745997,1.0659656557484098,4.048303089166667
HND,1987.0,1.0,0.0,1.0,1,0,0,1,-0.49581984073793495,1.74009422609132,0.9607845101419316,4.218014031666667
HND,1988.0,1.0,0.0,1.0,1,0,0,1,-0.24729971381608434,7.57442109483326,0.6012713991965145,4.452901190833333
HND,1989.0,1.0,0.0,1.0,1,0,0,1,0.1545634459512189,7.12826947076638,0.16576026952784773,4.4047298725
HND,1990.0,1.0,0.0,1.0,1,0,0,1,0.6801729407796663,21.1713674322465,-0.3915374197669691,4.3208969375
HND,1991.0,1.0,0.0,1.0,1,0,0,1,0.9355595595804368,26.0469004465336,-0.4508862338497137,3.9339278958333335
HND,1992.0,1.0,0.0,1.0,1,0,0,1,0.08966204231638239,9.03523521415093,-0.9752343784005428,3.38244437
HND,1993.0,1.0,0.0,1.0,1,0,0,1,0.2038977903402732,13.6371742968735,-0.9514982840980221,2.7144275875
HND,1994.0,1.0,0.0,1.0,1,0,0,1,0.6338712637196643,29.0190204112194,-0.9280630104987431,3.5351682466666667
HND,1995.0,1.0,0.0,1.0,1,0,0,1,0.8370693234310147,24.6744629260929,-0.9049205081797467,3.3100514933333334
HND,1996.0,1.0,0.0,1.0,1,0,0,1,0.6945845281680715,22.9573908956763,-0.515242252444468,3.1400511850000004
HND,1997.0,1.0,0.0,1.0,1,0,0,1,0.5866916817048596,22.4277453268568,-0.8745059552470131,3.199334816666666
HND,1998.0,1.0,1.0,1.0,1,0,0,1,0.34433676759463194,11.5761659820033,-0.6275721671527781,2.626002385
HND,1999.0,1.0,0.0,1.0,1,1,0,1,0.2508995969710414,11.5758601477966,-0.6846286254977244,2.8869701641666663
HND,2000.0,1.0,1.0,1.0,1,0,0,1,0.2196146004345944,9.61221881702615,-0.6592441942698817,3.1165892308333336
HND,2001.0,1.0,1.0,1.0,1,1,0,1,0.1444691013302945,2.72319327321379,-0.6341960752935942,2.237447555
HND,2002.0,1.0,0.0,1.0,1,1,0,1,0.019590968783162563,3.75433786119939,-0.6275721671527781,2.0336032691666666
HND,2003.0,1.0,0.0,1.0,1,0,0,1,0.018463222914664904,4.54703805165397,-0.24525369406715075,1.4457960183333334
HND,2004.0,1.0,0.0,1.0,1,0,0,1,0.0481762957325204,6.23230296069102,-0.06667299824825092,1.7008579225
HND,2005.0,0.0,0.0,0.0,1,0,0,1,0.0927209849473055,6.05059922215973,-0.35420460702747025,1.8895054916666665
HND,2006.0,0.0,0.0,0.0,0,0,0,0,-0.1442701245492246,6.56724355177587,-0.7811045120805645,2.2836022075
HND,2007.0,0.0,0.0,0.0,0,0,0,0,-0.034487014539436554,6.18832716678008,-0.9160699901908861,2.0393217333333333
HND,2008.0,0.0,0.0,0.0,0,0,0,0,0.23783733812235144,4.23160011009342,-0.9374015441057187,1.3017102483333334
HND,2009.0,0.0,0.0,0.0,0,0,0,0,-0.15145652549272695,-2.43162787988011,-0.8850945141805528,1.0468915
HND,2010.0,0.0,0.0,0.0,0,0,0,0,-0.22631937859569218,3.73114034433009,-0.5951202805586909,0.8691600608333333
HND,2011.0,0.0,0.0,0.0,0,0,0,0,-0.04758757972393783,3.83569066207505,-0.4831004528928393,0.5260605291666667
HND,2012.0,0.0,0.0,0.0,0,0,0,0,-0.17864652599532763,4.12868774866939,-0.7172804335251766,-0.0132494616666666
HND,2013.0,0.0,0.0,0.0,0,0,0,0,-0.18182480652214916,2.79155975746801,-0.15367381812563666,0.2878436908333333
HND,2014.0,0.0,0.0,0.0,0,0,0,0,-0.09752361372233122,3.0580805621437,0.1857672276031103,0.61196865
HND,2015.0,0.0,0.0,0.0,0,0,0,0,-0.40130888281182814,3.84007997093951,-0.028206733910878006,0.5890241975
HUN,1960.0,1.0,0.0,1.0,1,0,0,1,-0.37192078484878377,4.70000000000022,-1.6182277441802975,6.9346889958333335
HUN,1961.0,1.0,0.0,1.0,1,0,0,1,-0.37192078484878377,4.70000000000022,-1.6182277441802975,6.9346889958333335
HUN,1962.0,1.0,0.0,1.0,1,0,0,1,-0.37192078484878377,6.09999999999982,-1.6182277441802975,6.9346889958333335
HUN,1963.0,1.0,0.0,1.0,1,0,0,1,-0.37192078484878377,5.69999999999999,-1.6182277441802975,6.9346889958333335
HUN,1964.0,1.0,0.0,1.0,1,0,0,1,-0.37192078484878377,4.70000000000022,-1.6182277441802975,6.9346889958333335
HUN,1965.0,1.0,0.0,1.0,1,0,0,1,-0.37192078484878377,42.4104142671799,-1.6182277441802975,6.9346889958333335
HUN,1966.0,1.0,0.0,1.0,1,0,0,1,-0.37192078484878377,7.39999999999996,-1.6182277441802975,6.9346889958333335
HUN,1967.0,0.0,0.0,0.0,1,0,0,1,-0.37192078484878377,7.49999999999996,-1.6182277441802975,6.9346889958333335
HUN,1968.0,0.0,0.0,0.0,0,0,0,0,-0.37192078484878377,4.90000000000038,-1.6182277441802975,6.9346889958333335
HUN,1969.0,0.0,0.0,0.0,0,0,0,0,-0.37192078484878377,6.89999999999982,-1.6182277441802975,6.9346889958333335
HUN,1970.0,0.0,0.0,0.0,0,0,0,0,-0.37192078484878377,4.70000000000033,-1.6182277441802975,6.9346889958333335
HUN,1971.0,0.0,0.0,0.0,0,0,0,0,-0.37192078484878377,6.19999999999965,-1.6182277441802975,6.9346889958333335
HUN,1972.0,0.0,0.0,0.0,0,0,0,0,-0.37192078484878377,6.09999999999948,-1.6182277441802975,6.9346889958333335
HUN,1973.0,0.0,0.0,0.0,0,0,0,0,-0.37192078484878377,6.90000000000038,-1.6182277441802975,6.9346889958333335
HUN,1974.0,0.0,0.0,0.0,0,0,0,0,-0.6112394933448235,5.89999999999975,-1.6182277441802975,6.9346889958333335
HUN,1975.0,0.0,0.0,0.0,0,0,0,0,-0.31765043797519166,6.20000000000007,-1.6182277441802975,6.9346889958333335
HUN,1976.0,0.0,0.0,0.0,0,0,0,0,-0.1756744632879301,3.60000000000056,-1.6182277441802975,6.9346889958333335
HUN,1977.0,0.0,0.0,0.0,0,0,0,0,-0.3100520550532746,7.59999999999965,-1.6182277441802975,6.9346889958333335
HUN,1978.0,0.0,0.0,0.0,0,0,0,0,-0.22748859710192218,4.39999999999998,-1.6182277441802975,6.9346889958333335
HUN,1979.0,0.0,0.0,0.0,0,0,0,0,0.1030324811893396,2.69999999999983,-1.6182277441802975,6.9346889958333335
HUN,1980.0,0.0,0.0,0.0,0,0,0,0,0.12171002665559201,0.200000000000884,-1.6182277441802975,6.9346889958333335
HUN,1981.0,0.0,0.0,0.0,0,0,0,0,-0.23005661490413928,2.86674495956183,-1.6182277441802975,6.9346889958333335
HUN,1982.0,0.0,0.0,0.0,0,0,0,0,-0.042018963269041025,2.84108854244893,-1.6182277441802975,6.9346889958333335
HUN,1983.0,0.0,0.0,0.0,0,0,0,0,-0.009317765356599776,0.722965871831008,-1.6182277441802975,5.888257380833333
HUN,1984.0,0.0,0.0,0.0,0,0,0,0,0.0712154298067173,2.65804768265939,-1.6182277441802975,6.6373992375
HUN,1985.0,0.0,0.0,0.0,0,0,0,0,-0.03402985015028777,-0.253067484662495,-1.6182277441802975,5.660392525833333
HUN,1986.0,0.0,0.0,0.0,0,0,0,0,-0.16987607455961426,1.53494882486977,-1.6182277441802975,4.048303089166667
HUN,1987.0,0.0,0.0,0.0,0,0,0,0,0.08430692335821204,4.05122959932378,-1.6182277441802975,4.218014031666667
HUN,1988.0,0.0,0.0,0.0,0,0,0,0,0.4292791522150593,-0.0652631433035538,-1.6182277441802975,4.452901190833333
HUN,1989.0,0.0,0.0,0.0,0,0,0,0,0.4830164947712633,0.736424821486906,-1.6182277441802975,4.4047298725
HUN,1990.0,1.0,1.0,0.0,0,0,0,0,0.8112445100946124,-3.49665976181741,-1.6182277441802975,4.3208969375
HUN,1991.0,1.0,1.0,0.0,1,1,0,0,0.9527886123941576,-11.8920408618435,0.47416191484137943,3.9339278958333335
HUN,1992.0,1.0,1.0,0.0,1,1,0,0,0.6895208544888907,-3.06418034558638,0.7287845820737084,3.38244437
HUN,1993.0,1.0,1.0,0.0,1,1,0,0,0.6555670757900555,-0.576108518425613,1.0632557271987284,2.7144275875
HUN,1994.0,1.0,1.0,0.0,1,1,0,0,0.5431393320707502,2.94715455541068,0.9020195509642784,3.5351682466666667
HUN,1995.0,0.0,0.0,0.0,1,1,0,0,0.8097061636757976,1.48952547593046,0.8128552269603891,3.3100514933333334
HUN,1996.0,0.0,0.0,0.0,0,0,0,0,0.6842961400693601,0.101234227633242,0.743614258947258,3.1400511850000004
HUN,1997.0,0.0,0.0,0.0,0,0,0,0,0.5239620284805432,2.97787906543104,0.5649802008700047,3.199334816666666
HUN,1998.0,0.0,0.0,0.0,0,0,0,0,0.3652987528675813,3.84810814449837,0.5530029434468728,2.626002385
HUN,1999.0,0.0,0.0,0.0,0,0,0,0,0.16289294925159833,3.08605811588221,0.15302469766277696,2.8869701641666663
HUN,2000.0,0.0,0.0,0.0,0,0,0,0,0.15189713935286175,4.40937501806403,0.07024931734129386,3.1165892308333336
HUN,2001.0,0.0,0.0,0.0,0,0,0,0,0.11156798630171531,4.06202617226026,-0.14721975736127216,2.237447555
HUN,2002.0,0.0,0.0,0.0,0,0,0,0,-0.17227249850323417,4.73006530805553,-0.16352482862578108,2.0336032691666666
HUN,2003.0,0.0,0.0,0.0,0,0,0,0,-0.23009631863045507,3.93877761242727,-0.11678581380711302,1.4457960183333334
HUN,2004.0,0.0,0.0,0.0,0,0,0,0,-0.04895269936965056,4.96312536156307,-0.10615588577218792,1.7008579225
HUN,2005.0,0.0,0.0,0.0,0,0,0,0,-0.350633184663418,4.30028318461673,0.2098172769694191,1.8895054916666665
HUN,2006.0,0.0,0.0,0.0,0,0,0,0,-0.30763105800671114,3.93393162712054,0.274460466241202,2.2836022075
HUN,2007.0,1.0,1.0,0.0,0,0,0,0,0.03784200335332312,0.332354337878925,0.25602076890103087,2.0393217333333333
HUN,2008.0,1.0,1.0,0.0,1,1,0,0,-0.1046629251358535,0.993437085479655,0.3407389833799589,1.3017102483333334
HUN,2009.0,1.0,1.0,0.0,1,1,0,0,-0.2766616684917876,-6.7401660845502,0.7449421212309759,1.0468915
HUN,2010.0,1.0,1.0,0.0,1,1,0,0,-0.21092360936745974,1.06795068152046,0.9263611251294804,0.8691600608333333
HUN,2011.0,1.0,1.0,0.0,1,1,0,0,-0.30767673186631794,1.91670916599742,0.9044817432792267,0.5260605291666667
HUN,2012.0,1.0,1.0,0.0,1,1,0,0,-0.13777026076475934,-1.33948446518181,0.9004792219509691,-0.0132494616666666
HUN,2013.0,1.0,1.0,0.0,1,1,0,0,-0.6231304253529448,2.03216990678146,0.7691926700603736,0.2878436908333333
HUN,2014.0,0.0,0.0,0.0,1,1,0,0,-1.2197586274835628,4.33435364113967,0.322080419910292,0.61196865
HUN,2015.0,0.0,0.0,0.0,0,0,0,0,-1.1357758134306282,3.65981615406955,0.12715868670309857,0.5890241975
IDN,1960.0,0.0,0.0,0.0,0,0,0,0,1.0439267410294288,5.74064582266813,-1.4972733456392875,6.9346889958333335
IDN,1961.0,0.0,0.0,0.0,0,0,0,0,0.34537894798688235,5.74064582266813,-1.4972733456392875,6.9346889958333335
IDN,1962.0,0.0,0.0,0.0,0,0,0,0,1.9839642849114942,1.84197770236842,-1.4972733456392875,6.9346889958333335
IDN,1963.0,0.0,0.0,0.0,0,0,0,0,2.073914363220492,-2.23702998571657,-1.4972733456392875,6.9346889958333335
IDN,1964.0,0.0,0.0,0.0,0,0,0,0,1.826685253643502,3.52969814993797,-1.4972733456392875,6.9346889958333335
IDN,1965.0,1.0,0.0,1.0,0,0,0,0,2.7503600749396018,1.08158946626055,-1.4972733456392875,6.9346889958333335
IDN,1966.0,1.0,0.0,1.0,1,0,0,1,4.120275995692103,2.79134682484525,-1.4972733456392875,6.9346889958333335
IDN,1967.0,1.0,0.0,1.0,1,0,0,1,1.8035939313573899,1.38040280607036,-1.4972733456392875,6.9346889958333335
IDN,1968.0,1.0,0.0,1.0,1,0,0,1,1.967250967968967,10.9151785714295,-1.4972733456392875,6.9346889958333335
IDN,1969.0,1.0,0.0,1.0,1,0,0,1,0.4196988422033961,6.82229824913614,-1.4972733456392875,6.9346889958333335
IDN,1970.0,0.0,0.0,0.0,1,0,0,1,0.2865967176364792,7.55463451394223,-1.4972733456392875,6.9346889958333335
IDN,1971.0,0.0,0.0,0.0,0,0,0,0,-0.2742983212520306,7.02399719740848,-1.4972733456392875,6.9346889958333335
IDN,1972.0,0.0,0.0,0.0,0,0,0,0,-0.06613085893240866,7.03764320785962,-1.4972733456392875,6.9346889958333335
IDN,1973.0,0.0,0.0,0.0,0,0,0,0,0.8728911877161873,8.1039755351653,-1.4972733456392875,6.9346889958333335
IDN,1974.0,0.0,0.0,0.0,0,0,0,0,1.0600843600735097,7.6346729055067,-1.4972733456392875,6.9346889958333335
IDN,1975.0,0.0,0.0,0.0,0,0,0,0,0.5530871505811872,4.97730086669512,-1.4972733456392875,6.9346889958333335
IDN,1976.0,0.0,0.0,0.0,0,0,0,0,0.5747963990098535,6.88656497352524,-1.4972733456392875,6.9346889958333335
IDN,1977.0,0.0,0.0,0.0,0,0,0,0,0.21982486199482432,8.76132560106353,-1.8687385583285383,6.9346889958333335
IDN,1978.0,0.0,0.0,0.0,0,0,0,0,0.04809711714971974,6.76706985763171,-1.222049250830341,6.9346889958333335
IDN,1979.0,0.0,0.0,0.0,0,0,0,0,0.4489150085013092,7.32430948559606,-1.4193025361811467,6.9346889958333335
IDN,1980.0,0.0,0.0,0.0,0,0,0,0,0.5146044881127759,9.88007752166418,-1.6411416515364479,6.9346889958333335
IDN,1981.0,0.0,0.0,0.0,0,0,0,0,0.2802449222321551,7.92715682412874,-1.3276082980104729,6.9346889958333335
IDN,1982.0,0.0,0.0,0.0,0,0,0,0,0.1311514392326811,2.24644534036375,-1.0608042046252162,6.9346889958333335
IDN,1983.0,0.0,0.0,0.0,0,0,0,0,0.2576313744566235,4.1929673681999,-1.1681732658984325,5.888257380833333
IDN,1984.0,0.0,0.0,0.0,0,0,0,0,0.18814317709052641,6.97552780884124,-1.2822829067759787,6.6373992375
IDN,1985.0,0.0,0.0,0.0,0,0,0,0,-0.22377433624047627,2.46214356422551,-1.4041100327563103,5.660392525833333
IDN,1986.0,0.0,0.0,0.0,0,0,0,0,-0.12310633009213272,5.87504510359864,-1.1726023734263404,4.048303089166667
IDN,1987.0,0.0,0.0,0.0,0,0,0,0,0.12128082194188994,4.92592736496611,-1.1904275519576886,4.218014031666667
IDN,1988.0,0.0,0.0,0.0,0,0,0,0,0.04363389530293656,5.7804984881177,-1.1072709041052984,4.452901190833333
IDN,1989.0,0.0,0.0,0.0,0,0,0,0,-0.07448212196769215,7.45658692516847,-1.1503448525605455,4.4047298725
IDN,1990.0,0.0,0.0,0.0,0,0,0,0,0.028407136630195198,7.24213163856464,-1.1944624451988162,4.3208969375
IDN,1991.0,1.0,1.0,0.0,0,0,0,0,0.12960057061027416,6.91198283591309,-1.1606684509657201,3.9339278958333335
IDN,1992.0,0.0,0.0,0.0,1,1,0,0,0.007979652821377844,6.49750651682714,-1.1098397214437947,3.38244437
IDN,1993.0,1.0,1.0,0.0,0,0,0,0,0.1443396149273602,6.49640812045304,-1.0893895644229838,2.7144275875
IDN,1994.0,0.0,0.0,0.0,1,1,0,0,0.07530904486028478,7.53997109551439,-0.5164893283491417,3.5351682466666667
IDN,1995.0,0.0,0.0,0.0,0,0,0,0,0.12967332322328293,8.22000739903493,-0.440816758117176,3.3100514933333334
IDN,1996.0,1.0,1.0,0.0,0,0,0,0,0.038817425795241646,7.81818707670867,-0.3680117306928925,3.1400511850000004
IDN,1997.0,1.0,1.0,0.0,1,1,0,0,-0.0896361829423158,4.69987885390397,-0.41979653797166006,3.199334816666666
IDN,1998.0,1.0,1.0,1.0,1,1,0,0,1.3314536557596122,-13.1267254923818,-0.20263613904941297,2.626002385
IDN,1999.0,1.0,1.0,1.0,1,1,0,1,0.5954810415767607,0.79112608199847,0.0223407247979961,2.8869701641666663
IDN,2000.0,1.0,1.0,0.0,1,1,0,1,-0.33548321973154077,4.9200677470169,-0.045264931561518985,3.1165892308333336
IDN,2001.0,1.0,1.0,1.0,1,1,0,0,0.24271661163163782,3.64346644721492,-0.04404159970371385,2.237447555
IDN,2002.0,0.0,0.0,0.0,1,1,0,1,0.2625605095487219,4.49947539085764,0.07969432555982299,2.0336032691666666
IDN,2003.0,0.0,0.0,0.0,0,0,0,0,-0.0479654154607805,4.78036912167654,0.09183785598759582,1.4457960183333334
IDN,2004.0,0.0,0.0,0.0,0,0,0,0,-0.10288210190186883,5.03087394501685,0.23422196618932042,1.7008579225
IDN,2005.0,0.0,0.0,0.0,0,0,0,0,0.18804339752596017,5.69257130383384,0.3664170860153994,1.8895054916666665
IDN,2006.0,0.0,0.0,0.0,0,0,0,0,0.3194315821948623,5.50095178520348,0.28631527944542506,2.2836022075
IDN,2007.0,0.0,0.0,0.0,0,0,0,0,-0.0751930262061513,6.34502222667214,0.38921427727053465,2.0393217333333333
IDN,2008.0,0.0,0.0,0.0,0,0,0,0,0.17564480803243174,6.01370360009123,0.21390530390889217,1.3017102483333334
IDN,2009.0,0.0,0.0,0.0,0,0,0,0,-0.2581566241543611,4.62887118256153,-0.03818011490731938,1.0468915
IDN,2010.0,0.0,0.0,0.0,0,0,0,0,-0.18440302018088314,6.22385418062366,-0.1619661130480881,0.8691600608333333
IDN,2011.0,0.0,0.0,0.0,0,0,0,0,-0.16402644033969607,6.16978420771008,-0.2855012727178192,0.5260605291666667
IDN,2012.0,0.0,0.0,0.0,0,0,0,0,-0.26941674830378703,6.03005065305615,-0.4849401884250237,-0.0132494616666666
IDN,2013.0,0.0,0.0,0.0,0,0,0,0,-0.07472319523961411,5.5572636889101,-0.5258684353142198,0.2878436908333333
IDN,2014.0,0.0,0.0,0.0,0,0,0,0,-0.07611500224122318,5.006668425755,-0.6180084351625657,0.61196865
IDN,2015.0,0.0,0.0,0.0,0,0,0,0,-0.07864261547217866,4.87632230022123,-0.4708804845624645,0.5890241975
IND,1960.0,0.0,0.0,0.0,0,0,0,0,-0.6144128187588817,3.72274253311053,-1.3805653588190225,6.9346889958333335
IND,1961.0,0.0,0.0,0.0,0,0,0,0,-0.6303207604757666,3.72274253311053,-1.3805653588190225,6.9346889958333335
IND,1962.0,0.0,0.0,0.0,0,0,0,0,-0.3421618627248872,2.93112773548363,-1.3805653588190225,6.9346889958333335
IND,1963.0,0.0,0.0,0.0,0,0,0,0,-0.42961151066096864,5.99435326188559,-1.3805653588190225,6.9346889958333335
IND,1964.0,0.0,0.0,0.0,0,0,0,0,0.3305130866479085,7.45295012250209,-1.3805653588190225,6.9346889958333335
IND,1965.0,0.0,0.0,0.0,0,0,0,0,0.13287341163779817,-2.63577011020728,-1.3805653588190225,6.9346889958333335
IND,1966.0,0.0,0.0,0.0,0,0,0,0,0.2067158879318929,-0.0553287704537979,-1.3805653588190225,6.9346889958333335
IND,1967.0,0.0,0.0,0.0,0,0,0,0,0.3173245379517126,7.82596303082235,-1.3805653588190225,6.9346889958333335
IND,1968.0,1.0,0.0,1.0,0,0,0,0,-0.39099073377103616,3.38792917634143,-1.3805653588190225,6.9346889958333335
IND,1969.0,1.0,0.0,1.0,1,0,0,1,-1.4354455336880383,6.53970029928357,-1.3805653588190225,6.9346889958333335
IND,1970.0,1.0,0.0,1.0,1,0,0,1,-0.188327429978703,5.15722973718955,-1.3805653588190225,6.9346889958333335
IND,1971.0,1.0,0.0,1.0,1,0,0,1,-0.4115754012202605,1.64293037527582,-1.3805653588190225,6.9346889958333335
IND,1972.0,1.0,0.0,1.0,1,0,0,1,-0.07238410030095244,-0.553301305344547,-1.3805653588190225,6.9346889958333335
IND,1973.0,1.0,0.0,1.0,1,0,0,1,0.4753971345338841,3.29552113471652,-1.3805653588190225,6.9346889958333335
IND,1974.0,1.0,0.0,1.0,1,0,0,1,0.8167171536379739,1.18533625466961,-1.3805653588190225,6.9346889958333335
IND,1975.0,1.0,0.0,1.0,1,0,0,1,-0.12945066726920731,9.14991201570659,-1.3805653588190225,6.9346889958333335
IND,1976.0,0.0,0.0,0.0,1,0,0,1,-14.379422096507422,1.66310363813034,-1.3805653588190225,6.9346889958333335
IND,1977.0,0.0,0.0,0.0,0,0,0,0,0.060873403829169566,7.25476458760367,-1.3805653588190225,6.9346889958333335
IND,1978.0,0.0,0.0,0.0,0,0,0,0,-0.49037774432884873,5.71253208869331,-1.3805653588190225,6.9346889958333335
IND,1979.0,0.0,0.0,0.0,0,0,0,0,-0.08563989264816008,-5.23818270446218,-1.3805653588190225,6.9346889958333335
IND,1980.0,0.0,0.0,0.0,0,0,0,0,0.23492745021010622,6.7358215288198,-1.3805653588190225,6.9346889958333335
IND,1981.0,0.0,0.0,0.0,0,0,0,0,0.31960705734443,6.00620362601497,-1.3805653588190225,6.9346889958333335
IND,1982.0,0.0,0.0,0.0,0,0,0,0,0.03326039202077317,3.47573323969961,-1.3805653588190225,6.9346889958333335
IND,1983.0,0.0,0.0,0.0,0,0,0,0,0.26099091142700065,7.28889290305703,-1.3805653588190225,5.888257380833333
IND,1984.0,0.0,0.0,0.0,0,0,0,0,0.06161599349012024,3.82073785610604,-1.3805653588190225,6.6373992375
IND,1985.0,0.0,0.0,0.0,0,0,0,0,-0.14614534332174403,5.25429922311382,-1.3805653588190225,5.660392525833333
IND,1986.0,0.0,0.0,0.0,0,0,0,0,0.08777894399287958,4.77656416847516,-1.3805653588190225,4.048303089166667
IND,1987.0,0.0,0.0,0.0,0,0,0,0,0.09222828706497888,3.96535563481719,-1.3805653588190225,4.218014031666667
IND,1988.0,0.0,0.0,0.0,0,0,0,0,0.12750069973861022,9.62778291607844,-1.3805653588190225,4.452901190833333
IND,1989.0,0.0,0.0,0.0,0,0,0,0,-0.024264336570393244,5.94734333181324,-1.3805653588190225,4.4047298725
IND,1990.0,0.0,0.0,0.0,0,0,0,0,0.1027155802043418,5.53345456125301,-1.3805653588190225,4.3208969375
IND,1991.0,0.0,0.0,0.0,0,0,0,0,0.35313315348735125,1.05683143496063,-1.3805653588190225,3.9339278958333335
IND,1992.0,1.0,1.0,0.0,0,0,0,0,0.25704377266386136,5.48239602040357,-1.3805653588190225,3.38244437
IND,1993.0,1.0,1.0,0.0,1,1,0,0,-0.08153318158572076,4.75077621776924,-1.3805653588190225,2.7144275875
IND,1994.0,1.0,1.0,0.0,1,1,0,0,0.17681809926678113,6.65892407028434,-1.3805653588190225,3.5351682466666667
IND,1995.0,1.0,1.0,0.0,1,1,0,0,0.1755465200092291,7.57449183788519,-1.3327695645483588,3.3100514933333334
IND,1996.0,1.0,1.0,0.0,1,1,0,0,0.10307774192809752,7.54952224920051,-1.2862134642777647,3.1400511850000004
IND,1997.0,1.0,1.0,0.0,1,1,0,0,-0.017683931427318604,4.04982084998183,-1.2408301639560222,3.199334816666666
IND,1998.0,0.0,0.0,0.0,1,1,0,0,0.32494251152042897,6.18441582172117,-1.196558149132404,2.626002385
IND,1999.0,0.0,0.0,0.0,0,0,0,0,-0.22921644807522654,8.84575555939531,-1.1533407177146344,2.8869701641666663
IND,2000.0,0.0,0.0,0.0,0,0,0,0,-0.29877233517250423,3.84099115659129,-1.111125485982843,3.1165892308333336
IND,2001.0,0.0,0.0,0.0,0,0,0,0,-0.3248918974610821,4.82396626555771,-1.0213553656765912,2.237447555
IND,2002.0,0.0,0.0,0.0,0,0,0,0,-0.2675453349699547,3.80397532112175,-0.9357638972505201,2.0336032691666666
IND,2003.0,0.0,0.0,0.0,0,0,0,0,-0.32182181946572913,7.8603814759073,-0.8539554013430968,1.4457960183333334
IND,2004.0,0.0,0.0,0.0,0,0,0,0,-0.32628833729677226,7.92293661199932,-0.7755888914951256,1.7008579225
IND,2005.0,0.0,0.0,0.0,0,0,0,0,-0.2729509855508836,7.92343062148318,-0.700368350721317,1.8895054916666665
IND,2006.0,0.0,0.0,0.0,0,0,0,0,-0.12533365613537603,8.06073257166651,-0.7483220424165001,2.2836022075
IND,2007.0,0.0,0.0,0.0,0,0,0,0,-0.07786597995024795,7.6608150670107,-0.7975323919644653,2.0393217333333333
IND,2008.0,0.0,0.0,0.0,0,0,0,0,0.06358339058114108,3.08669805921981,-0.8480721161476369,1.3017102483333334
IND,2009.0,0.0,0.0,0.0,0,0,0,0,0.21095933504777453,7.86188883286074,-0.9000205887194722,1.0468915
IND,2010.0,0.0,0.0,0.0,0,0,0,0,0.26691612179750424,8.49758470221235,-0.9534646888356911,0.8691600608333333
IND,2011.0,0.0,0.0,0.0,0,0,0,0,0.09906885278191414,5.24131619937695,-0.9325318486149569,0.5260605291666667
IND,2012.0,0.0,0.0,0.0,0,0,0,0,0.1331218711155945,5.45638755166587,-0.9118329835680994,-0.0132494616666666
IND,2013.0,0.0,0.0,0.0,0,0,0,0,0.16402370513797782,6.38610640094825,-0.9118329835680994,0.2878436908333333
IND,2014.0,0.0,0.0,0.0,0,0,0,0,-0.054975545592783115,7.41022760508854,-0.9118329835680994,0.61196865
IND,2015.0,0.0,0.0,0.0,0,0,0,0,-0.20594886550879568,7.99625378571471,-0.9118329835680994,0.5890241975
IRL,1960.0,0.0,0.0,0.0,0,0,0,0,-0.9355451001748194,5.01616911525804,1.4132427717652807,6.9346889958333335
IRL,1961.0,0.0,0.0,0.0,0,0,0,0,-0.456042311995623,5.01616911525804,1.4132427717652807,6.9346889958333335
IRL,1962.0,0.0,0.0,0.0,0,0,0,0,-0.2710964129780383,3.21644442741555,1.4132427717652807,6.9346889958333335
IRL,1963.0,0.0,0.0,0.0,0,0,0,0,-0.5009480344922103,4.7446342195897,1.4132427717652807,6.9346889958333335
IRL,1964.0,0.0,0.0,0.0,0,0,0,0,-0.051017600616172894,3.78596155115387,1.4132427717652807,6.9346889958333335
IRL,1965.0,0.0,0.0,0.0,0,0,0,0,-0.19817306453304775,1.93345000050924,1.4132427717652807,6.9346889958333335
IRL,1966.0,0.0,0.0,0.0,0,0,0,0,-0.4149920765426291,0.893092501243231,1.4132427717652807,6.9346889958333335
IRL,1967.0,0.0,0.0,0.0,0,0,0,0,-0.39798624308025804,5.78570426266425,1.4132427717652807,6.9346889958333335
IRL,1968.0,0.0,0.0,0.0,0,0,0,0,-0.22811564375075652,8.24392880348537,1.4132427717652807,6.9346889958333335
IRL,1969.0,0.0,0.0,0.0,0,0,0,0,0.0005910182530251439,5.86385507267597,1.4132427717652807,6.9346889958333335
IRL,1970.0,0.0,0.0,0.0,0,0,0,0,0.054328240922652205,2.6605292978217,1.4132427717652807,6.9346889958333335
IRL,1971.0,0.0,0.0,0.0,0,0,0,0,0.10213499015979237,3.46988866612384,1.4132427717652807,6.9346889958333335
IRL,1972.0,0.0,0.0,0.0,0,0,0,0,0.07999068110729096,6.48980775082018,1.4132427717652807,6.9346889958333335
IRL,1973.0,0.0,0.0,0.0,0,0,0,0,0.23841551521978735,4.72142803863792,1.4132427717652807,6.9346889958333335
IRL,1974.0,0.0,0.0,0.0,0,0,0,0,0.47669394290452144,4.26023030161873,1.4132427717652807,6.9346889958333335
IRL,1975.0,0.0,0.0,0.0,0,0,0,0,0.607896157214244,5.65664652614466,1.4132427717652807,6.9346889958333335
IRL,1976.0,0.0,0.0,0.0,0,0,0,0,0.5128663253158808,1.39480668315268,1.4132427717652807,6.9346889958333335
IRL,1977.0,0.0,0.0,0.0,0,0,0,0,0.33571300545018673,8.21130051013432,1.4132427717652807,6.9346889958333335
IRL,1978.0,0.0,0.0,0.0,0,0,0,0,0.02100998771231354,7.18672760788444,1.4132427717652807,6.9346889958333335
IRL,1979.0,0.0,0.0,0.0,0,0,0,0,0.32784134257148084,3.07303639266831,1.4132427717652807,6.9346889958333335
IRL,1980.0,0.0,0.0,0.0,0,0,0,0,0.5187495379255664,3.07932918345945,1.4132427717652807,6.9346889958333335
IRL,1981.0,0.0,0.0,0.0,0,0,0,0,0.5921940035098561,3.32521731639946,1.4132427717652807,6.9346889958333335
IRL,1982.0,0.0,0.0,0.0,0,0,0,0,0.4829427727723226,2.28346843284601,1.4132427717652807,6.9346889958333335
IRL,1983.0,0.0,0.0,0.0,0,0,0,0,0.18774085166675614,-0.244301213870017,1.4132427717652807,5.888257380833333
IRL,1984.0,0.0,0.0,0.0,0,0,0,0,0.08284775145060042,4.35437267775501,1.607547278554086,6.6373992375
IRL,1985.0,0.0,0.0,0.0,0,0,0,0,-0.16046881256765766,3.08561465915007,1.7663778799741567,5.660392525833333
IRL,1986.0,0.0,0.0,0.0,0,0,0,0,-0.319384385321304,-0.428330204205935,1.7766981183212645,4.048303089166667
IRL,1987.0,0.0,0.0,0.0,0,0,0,0,-0.4011024745401591,4.66309058769842,1.780401773728047,4.218014031666667
IRL,1988.0,0.0,0.0,0.0,0,0,0,0,-0.5520299925677287,5.21741342322537,1.715213340817506,4.452901190833333
IRL,1989.0,0.0,0.0,0.0,0,0,0,0,-0.28997845633472386,5.81391994557339,1.5687682878000937,4.4047298725
IRL,1990.0,0.0,0.0,0.0,0,0,0,0,-0.3807969885457098,8.46652776398362,1.328227586606379,4.3208969375
IRL,1991.0,0.0,0.0,0.0,0,0,0,0,-0.3944209852394295,1.9296401741083,1.5321715022788902,3.9339278958333335
IRL,1992.0,0.0,0.0,0.0,0,0,0,0,-0.41289776212696727,3.34327412603812,1.4442137236414914,3.38244437
IRL,1993.0,0.0,0.0,0.0,0,0,0,0,-0.674971373742737,2.69260841466448,1.5090583740418708,2.7144275875
IRL,1994.0,0.0,0.0,0.0,0,0,0,0,-0.5235397556550011,5.75582797061618,1.38637737366132,3.5351682466666667
IRL,1995.0,0.0,0.0,0.0,0,0,0,0,-0.49010374018182157,9.63442136559036,1.044477244262583,3.3100514933333334
IRL,1996.0,0.0,0.0,0.0,0,0,0,0,-0.6189039405301291,7.37962465765875,1.0040700197471626,3.1400511850000004
IRL,1997.0,0.0,0.0,0.0,0,0,0,0,-0.6602844111276968,11.0217650823433,0.7714876537116073,3.199334816666666
IRL,1998.0,0.0,0.0,0.0,0,0,0,0,-0.5080440865588706,8.7661226571214,0.3167761232106239,2.626002385
IRL,1999.0,0.0,0.0,0.0,0,0,0,0,-0.642894401669232,10.5298856427062,-0.11323612189820963,2.8869701641666663
IRL,2000.0,0.0,0.0,0.0,0,0,0,0,-0.14428060591203537,9.40352476399653,-0.5315180895037301,3.1165892308333336
IRL,2001.0,0.0,0.0,0.0,0,0,0,0,-0.2111912556495998,5.30582133514299,-0.7420585247532786,2.237447555
IRL,2002.0,0.0,0.0,0.0,0,0,0,0,-0.23338623465153796,5.89936506079005,-0.5638527701308741,2.0336032691666666
IRL,2003.0,0.0,0.0,0.0,0,0,0,0,-0.3590480817395307,3.01383869396012,-0.4818749434030132,1.4457960183333334
IRL,2004.0,0.0,0.0,0.0,0,0,0,0,-0.5447282018373022,6.78813990621356,-0.47789744263408435,1.7008579225
IRL,2005.0,0.0,0.0,0.0,0,0,0,0,-0.5004987985697635,5.73978202625278,-0.5571506389784745,1.8895054916666665
IRL,2006.0,0.0,0.0,0.0,0,0,0,0,-0.3070185036583649,4.98785364537615,-0.5199229897216632,2.2836022075
IRL,2007.0,0.0,0.0,0.0,0,0,0,0,-0.20799823070907414,5.31011830898613,-0.3339606000625904,2.0393217333333333
IRL,2008.0,0.0,0.0,0.0,0,0,0,0,-0.2958594090519659,-4.48407081043062,0.11838678282926823,1.3017102483333334
IRL,2009.0,0.0,0.0,0.0,0,0,0,0,-6.583392152364889,-5.09578277913846,1.134554685864933,1.0468915
IRL,2010.0,0.0,0.0,0.0,0,0,0,0,-1.6801320846695889,1.68297175486512,1.3851483247128926,0.8691600608333333
IRL,2011.0,0.0,0.0,0.0,0,0,0,0,-0.4864763519261407,1.60886648916944,1.4837026403627531,0.5260605291666667
IRL,2012.0,0.0,0.0,0.0,0,0,0,0,-0.6304106111849213,-0.40502941658977,1.49507296325961,-0.0132494616666666
IRL,2013.0,0.0,0.0,0.0,0,0,0,0,-0.91498951405489,2.1929375750029,1.2846333578725206,0.2878436908333333
IRL,2014.0,0.0,0.0,0.0,0,0,0,0,-1.0277014097511927,9.38579335130922,1.0282901783342733,0.61196865
IRL,2015.0,0.0,0.0,0.0,0,0,0,0,-1.2773993768910739,24.6239856364006,0.724599924407574,0.5890241975
ISL,1960.0,0.0,0.0,0.0,0,0,0,0,-0.5769567302430835,-0.074183976261267,-1.585525107498289,6.9346889958333335
ISL,1961.0,0.0,0.0,0.0,0,0,0,0,-0.22505533590369964,-0.074183976261267,-1.585525107498289,6.9346889958333335
ISL,1962.0,0.0,0.0,0.0,0,0,0,0,0.21796439857493813,8.31477357089841,-1.585525107498289,6.9346889958333335
ISL,1963.0,0.0,0.0,0.0,0,0,0,0,0.31120628050259863,10.2810143934202,-1.585525107498289,6.9346889958333335
ISL,1964.0,0.0,0.0,0.0,0,0,0,0,0.5557183188888615,9.88191423244254,-1.585525107498289,6.9346889958333335
ISL,1965.0,0.0,0.0,0.0,0,0,0,0,-0.0066499911683335295,7.29638009049766,-1.585525107498289,6.9346889958333335
ISL,1966.0,0.0,0.0,0.0,0,0,0,0,0.200599438656854,8.75065893516079,-1.585525107498289,6.9346889958333335
ISL,1967.0,0.0,0.0,0.0,0,0,0,0,-0.3804314557279942,-1.26030053320396,-1.585525107498289,6.9346889958333335
ISL,1968.0,0.0,0.0,0.0,0,0,0,0,0.4098181308878077,-5.49828178694162,-1.585525107498289,6.9346889958333335
ISL,1969.0,0.0,0.0,0.0,0,0,0,0,0.6348868167445771,2.38961038961043,-1.585525107498289,6.9346889958333335
ISL,1970.0,0.0,0.0,0.0,0,0,0,0,0.3312804818457097,7.45814307458133,-1.585525107498289,6.9346889958333335
ISL,1971.0,0.0,0.0,0.0,0,0,0,0,-0.04990375988354766,13.0608375831739,-1.585525107498289,6.9346889958333335
ISL,1972.0,0.0,0.0,0.0,0,0,0,0,0.15233730713782478,6.17733454676718,-1.585525107498289,6.9346889958333335
ISL,1973.0,0.0,0.0,0.0,0,0,0,0,0.6225824391766005,6.80600969930141,-1.585525107498289,6.9346889958333335
ISL,1974.0,0.0,0.0,0.0,0,0,0,0,1.0952904528520846,5.70629209965455,-1.585525107498289,6.9346889958333335
ISL,1975.0,0.0,0.0,0.0,0,0,0,0,1.2046522509198205,0.64615505171875,-1.585525107498289,6.9346889958333335
ISL,1976.0,0.0,0.0,0.0,0,0,0,0,0.8946698646858519,5.95936756657377,-1.585525107498289,6.9346889958333335
ISL,1977.0,0.0,0.0,0.0,0,0,0,0,0.8566177731273631,8.82227726391153,-1.585525107498289,6.9346889958333335
ISL,1978.0,0.0,0.0,0.0,0,0,0,0,1.116056768279147,6.01671453236096,-1.585525107498289,6.9346889958333335
ISL,1979.0,0.0,0.0,0.0,0,0,0,0,1.1275275710940522,4.86058242659418,-1.585525107498289,6.9346889958333335
ISL,1980.0,0.0,0.0,0.0,0,0,0,0,1.3324587476498313,5.74792072898289,-1.585525107498289,6.9346889958333335
ISL,1981.0,0.0,0.0,0.0,0,0,0,0,1.2404084916557128,4.2650070463216,-1.585525107498289,6.9346889958333335
ISL,1982.0,0.0,0.0,0.0,0,0,0,0,1.217788421246832,2.15456624389918,-1.585525107498289,6.9346889958333335
ISL,1983.0,0.0,0.0,0.0,0,0,0,0,1.613811185722197,-2.15116172402108,-1.585525107498289,5.888257380833333
ISL,1984.0,1.0,1.0,0.0,0,0,0,0,0.8686699041817102,4.12911824601976,-1.585525107498289,6.6373992375
ISL,1985.0,1.0,1.0,0.0,1,1,0,0,0.8937934068951231,3.29284143329744,-1.585525107498289,5.660392525833333
ISL,1986.0,0.0,0.0,0.0,1,1,0,0,0.6457266610572188,6.27054192019342,-1.585525107498289,4.048303089166667
ISL,1987.0,0.0,0.0,0.0,0,0,0,0,0.523709986569957,8.54593973363589,-1.585525107498289,4.218014031666667
ISL,1988.0,0.0,0.0,0.0,0,0,0,0,0.7452559818014711,-0.089725977854286,-1.585525107498289,4.452901190833333
ISL,1989.0,0.0,0.0,0.0,0,0,0,0,0.6042467591906993,0.258439804261698,-1.585525107498289,4.4047298725
ISL,1990.0,0.0,0.0,0.0,0,0,0,0,0.4209183139470616,1.16937035968014,-1.585525107498289,4.3208969375
ISL,1991.0,0.0,0.0,0.0,0,0,0,0,-0.04406056105888703,-0.223525498840075,-1.1908754307455254,3.9339278958333335
ISL,1992.0,0.0,0.0,0.0,0,0,0,0,-0.3056736832827929,-3.37389416853765,-0.5352938367219452,3.38244437
ISL,1993.0,0.0,0.0,0.0,0,0,0,0,-0.2950667307359385,1.31344949985998,-0.2574862521441157,2.7144275875
ISL,1994.0,0.0,0.0,0.0,0,0,0,0,-0.6581135122546582,3.60885792911003,-0.23795084011660148,3.5351682466666667
ISL,1995.0,0.0,0.0,0.0,0,0,0,0,-0.6387564599015176,0.116583656161382,-0.2736417975444446,3.3100514933333334
ISL,1996.0,0.0,0.0,0.0,0,0,0,0,-0.5313645093939298,4.49765343483963,-0.7718018356598221,3.1400511850000004
ISL,1997.0,0.0,0.0,0.0,0,0,0,0,-0.6078577517612788,4.14087045064694,-0.7294541894402716,3.199334816666666
ISL,1998.0,0.0,0.0,0.0,0,0,0,0,-0.6372110912810272,7.01048322607343,-0.9716544609736472,2.626002385
ISL,1999.0,0.0,0.0,0.0,0,0,0,0,-0.391708681741653,3.89798762287089,-1.3652038771233987,2.8869701641666663
ISL,2000.0,0.0,0.0,0.0,0,0,0,0,-0.1841917818132682,4.90518213679276,-1.4887914651163014,3.1165892308333336
ISL,2001.0,0.0,0.0,0.0,0,0,0,0,-0.07530989732835028,3.84093935130252,-1.521887499541981,2.237447555
ISL,2002.0,0.0,0.0,0.0,0,0,0,0,-0.17856920942007784,0.542286728015213,-1.0041266187435671,2.0336032691666666
ISL,2003.0,0.0,0.0,0.0,0,0,0,0,-0.5653574396277633,2.28136971731965,-0.6351916621151401,1.4457960183333334
ISL,2004.0,0.0,0.0,0.0,0,0,0,0,-0.40126155263562935,7.62260520117914,-0.6239388628632992,1.7008579225
ISL,2005.0,0.0,0.0,0.0,0,0,0,0,-0.3012669636899157,7.0293406083855,-1.1917715199825816,1.8895054916666665
ISL,2006.0,1.0,1.0,0.0,0,0,0,0,-0.053330609038601956,5.67161248460013,-1.0691654606266354,2.2836022075
ISL,2007.0,1.0,1.0,0.0,1,1,0,0,-0.19215825764484235,8.74132941508014,-1.3295420347398683,2.0393217333333333
ISL,2008.0,1.0,1.0,0.0,1,1,0,0,0.30043023817930903,1.69961076077263,-1.0211920742879068,1.3017102483333334
ISL,2009.0,1.0,1.0,0.0,1,1,0,0,0.2675842051757693,-8.32146414328021,0.21648294773819024,1.0468915
ISL,2010.0,1.0,1.0,0.0,1,1,0,0,-0.16035681925056117,-2.22181847599202,0.2890093140709501,0.8691600608333333
ISL,2011.0,1.0,1.0,0.0,1,1,0,0,-0.29970821473979536,1.37999669140882,0.17483920147508128,0.5260605291666667
ISL,2012.0,1.0,1.0,0.0,1,1,0,0,-0.17959841508909705,1.16931174886884,-0.06420046955231609,-0.0132494616666666
ISL,2013.0,1.0,1.0,0.0,1,1,0,0,-0.31420994120755646,3.59695700972851,-0.22476694308197118,0.2878436908333333
ISL,2014.0,0.0,0.0,0.0,1,1,0,0,-0.5672473212541881,1.91381609098249,-0.35764715359426846,0.61196865
ISL,2015.0,0.0,0.0,0.0,0,0,0,0,-0.6422781311762773,3.76859023848581,-0.6411761991997885,0.5890241975
ITA,1960.0,0.0,0.0,0.0,0,0,0,0,-0.5170468113551152,8.20724591384787,-0.20768015184108565,6.9346889958333335
ITA,1961.0,0.0,0.0,0.0,0,0,0,0,-0.5662061538103835,8.20724591384787,-0.20768015184108565,6.9346889958333335
ITA,1962.0,0.0,0.0,0.0,0,0,0,0,-0.22709017352009256,6.20365045787119,-0.20768015184108565,6.9346889958333335
ITA,1963.0,0.0,0.0,0.0,0,0,0,0,0.0031391355647869324,5.60972797819841,-0.20768015184108565,6.9346889958333335
ITA,1964.0,0.0,0.0,0.0,0,0,0,0,-0.11552343349371107,2.79770227911476,-0.20768015184108565,6.9346889958333335
ITA,1965.0,0.0,0.0,0.0,0,0,0,0,-0.24442960300344418,3.26802371964186,-0.20768015184108565,6.9346889958333335
ITA,1966.0,0.0,0.0,0.0,0,0,0,0,-0.5176103744258995,5.98479422519713,-0.20768015184108565,6.9346889958333335
ITA,1967.0,0.0,0.0,0.0,0,0,0,0,-0.3302377919387625,7.17861246556186,-0.20768015184108565,6.9346889958333335
ITA,1968.0,0.0,0.0,0.0,0,0,0,0,-0.7158416841849883,6.54455465470525,-0.20768015184108565,6.9346889958333335
ITA,1969.0,0.0,0.0,0.0,0,0,0,0,-0.4704479388334077,6.09805999558608,-0.20768015184108565,6.9346889958333335
ITA,1970.0,0.0,0.0,0.0,0,0,0,0,-0.20006217535711535,5.31050242854884,-0.20768015184108565,6.9346889958333335
ITA,1971.0,0.0,0.0,0.0,0,0,0,0,-0.2171587768789762,1.81810794624113,-0.20768015184108565,6.9346889958333335
ITA,1972.0,0.0,0.0,0.0,0,0,0,0,-0.12935848081663548,3.69048578366487,0.02989552935364821,6.9346889958333335
ITA,1973.0,0.0,0.0,0.0,0,0,0,0,0.20654506178009704,7.12586233109471,0.02517714230464566,6.9346889958333335
ITA,1974.0,0.0,0.0,0.0,0,0,0,0,0.552890451673324,5.50014109691006,-0.22369462808016174,6.9346889958333335
ITA,1975.0,0.0,0.0,0.0,0,0,0,0,0.4757530945947099,-2.09016289171086,-0.10918715513175711,6.9346889958333335
ITA,1976.0,0.0,0.0,0.0,0,0,0,0,0.4632947544573459,7.12538510094043,0.08795080194262977,6.9346889958333335
ITA,1977.0,0.0,0.0,0.0,0,0,0,0,0.4823210131554927,2.56050082604729,0.19490108606023043,6.9346889958333335
ITA,1978.0,0.0,0.0,0.0,0,0,0,0,0.2719879395022244,3.24013978059317,0.22077170657438788,6.9346889958333335
ITA,1979.0,0.0,0.0,0.0,0,0,0,0,0.39224460581263976,5.95915952688955,0.3046877585086002,6.9346889958333335
ITA,1980.0,0.0,0.0,0.0,0,0,0,0,0.613702051292833,3.43001634618649,0.28195579081429906,6.9346889958333335
ITA,1981.0,0.0,0.0,0.0,0,0,0,0,0.5122923043518689,0.844227628121416,0.4321290547875438,6.9346889958333335
ITA,1982.0,0.0,0.0,0.0,0,0,0,0,0.4582829681529715,0.413585694308892,0.5720251401612627,6.9346889958333335
ITA,1983.0,0.0,0.0,0.0,0,0,0,0,0.38597974811595875,1.16920342741862,0.4800160433994968,5.888257380833333
ITA,1984.0,0.0,0.0,0.0,0,0,0,0,0.2063270907461607,3.22585239030356,0.6383929761468986,6.6373992375
ITA,1985.0,0.0,0.0,0.0,0,0,0,0,0.11693664350911051,2.79808575480784,0.6383929761468986,5.660392525833333
ITA,1986.0,0.0,0.0,0.0,0,0,0,0,-0.12303138530239748,2.85997186889063,0.8271034347385299,4.048303089166667
ITA,1987.0,0.0,0.0,0.0,0,0,0,0,-0.22152485277356931,3.19196062140115,0.8562577017430899,4.218014031666667
ITA,1988.0,0.0,0.0,0.0,0,0,0,0,-0.191527093951321,4.19437725054567,0.8958514822410798,4.452901190833333
ITA,1989.0,1.0,1.0,0.0,0,0,0,0,-0.08691627554813303,3.38838350504491,0.89832087216219,4.4047298725
ITA,1990.0,1.0,1.0,0.0,1,1,0,0,-0.07124040275286186,1.98577491758405,0.7032112551747803,4.3208969375
ITA,1991.0,1.0,1.0,0.0,1,1,0,0,-0.08770915866919113,1.53844759206665,0.756029976805725,3.9339278958333335
ITA,1992.0,1.0,1.0,0.0,1,1,0,0,-0.17180175533876524,0.834275417393798,0.6238468284137715,3.38244437
ITA,1993.0,1.0,1.0,0.0,1,1,0,0,-0.2335340598535343,-0.852805731913904,0.7749254191803229,2.7144275875
ITA,1994.0,1.0,1.0,0.0,1,1,0,0,-0.2940735501095283,2.15102367074849,0.9132300571414652,3.5351682466666667
ITA,1995.0,0.0,0.0,0.0,1,1,0,0,-0.17502814177584092,2.88683671925843,0.999516264521567,3.3100514933333334
ITA,1996.0,0.0,0.0,0.0,0,0,0,0,-0.2990458842754385,1.34558477192847,1.029160466932248,3.1400511850000004
ITA,1997.0,0.0,0.0,0.0,0,0,0,0,-0.5675055630386768,1.92572122608527,1.0466358511893716,3.199334816666666
ITA,1998.0,0.0,0.0,0.0,0,0,0,0,-0.5827850761900061,1.8043732818638,1.0655380008797566,2.626002385
ITA,1999.0,0.0,0.0,0.0,0,0,0,0,-0.6363989107644485,1.67799157943422,1.0024552871955024,2.8869701641666663
ITA,2000.0,0.0,0.0,0.0,0,0,0,0,-0.48817245736900783,3.88209885062652,0.8742761870479098,3.1165892308333336
ITA,2001.0,0.0,0.0,0.0,0,0,0,0,-0.4520346239489201,2.00643329837733,0.6721718345665977,2.237447555
ITA,2002.0,0.0,0.0,0.0,0,0,0,0,-0.499153491755258,0.26992966378873,0.604410125972054,2.0336032691666666
ITA,2003.0,0.0,0.0,0.0,0,0,0,0,-0.4682159034296408,0.0665538088732092,0.5427855962117266,1.4457960183333334
ITA,2004.0,0.0,0.0,0.0,0,0,0,0,-0.5400934291270898,1.4740217064723,0.35060721181504195,1.7008579225
ITA,2005.0,0.0,0.0,0.0,0,0,0,0,-0.5774974745259139,0.762410677306491,0.3230988896390381,1.8895054916666665
ITA,2006.0,0.0,0.0,0.0,0,0,0,0,-0.5593789221968922,1.79947992234244,0.11906291130964854,2.2836022075
ITA,2007.0,1.0,1.0,0.0,0,0,0,0,-0.6052395508091671,1.46229205289291,-0.04550968876035081,2.0393217333333333
ITA,2008.0,1.0,1.0,0.0,1,1,0,0,-0.37694922732179087,-1.02313851177097,0.10685749591325254,1.3017102483333334
ITA,2009.0,1.0,1.0,0.0,1,1,0,0,-0.838955899867814,-5.30515401233991,0.32696442149242355,1.0468915
ITA,2010.0,1.0,1.0,0.0,1,1,0,0,-0.6635568234168289,1.52910573247101,0.44808840291645957,0.8691600608333333
ITA,2011.0,1.0,1.0,0.0,1,1,0,0,-0.45267782060527983,0.695463154440176,0.44732212484161543,0.5260605291666667
ITA,2012.0,1.0,1.0,0.0,1,1,0,0,-0.4167228988497408,-3.12523877282996,0.8461628473800732,-0.0132494616666666
ITA,2013.0,1.0,1.0,0.0,1,1,0,0,-0.7286164184672342,-1.81802510749792,1.0700952435667934,0.2878436908333333
ITA,2014.0,0.0,0.0,0.0,1,1,0,0,-1.0086518495978023,-0.0013876173045446,1.1447455396823536,0.61196865
ITA,2015.0,0.0,0.0,0.0,0,0,0,0,-1.0901041498509614,0.885667635240807,1.0337960110861346,0.5890241975
JPN,1960.0,0.0,0.0,0.0,0,0,0,0,-0.3490676316250975,12.0435364080117,-1.6182277441802975,6.9346889958333335
JPN,1961.0,0.0,0.0,0.0,0,0,0,0,-0.1629045913180128,12.0435364080117,-1.797898626417631,6.9346889958333335
JPN,1962.0,0.0,0.0,0.0,0,0,0,0,-0.04204647511828844,8.90897299558067,-1.8621768349957615,6.9346889958333335
JPN,1963.0,0.0,0.0,0.0,0,0,0,0,-0.051811751532437535,8.473642382794,-1.8621768349957615,6.9346889958333335
JPN,1964.0,0.0,0.0,0.0,0,0,0,0,-0.32245269958968914,11.676708196398,-1.9984380755778712,6.9346889958333335
JPN,1965.0,0.0,0.0,0.0,0,0,0,0,-0.05571904850612509,5.81970787298197,-1.9289509031107792,6.9346889958333335
JPN,1966.0,0.0,0.0,0.0,0,0,0,0,-0.19317137740263574,10.6385615591631,-1.8621768349957615,6.9346889958333335
JPN,1967.0,0.0,0.0,0.0,0,0,0,0,-0.3009544089423139,11.0821423246932,-1.8621768349957615,6.9346889958333335
JPN,1968.0,0.0,0.0,0.0,0,0,0,0,-0.16553104551538803,12.8824681383231,-1.9289509031107792,6.9346889958333335
JPN,1969.0,0.0,0.0,0.0,0,0,0,0,-0.17370528189110854,12.4778945144981,-1.9984380755778712,6.9346889958333335
JPN,1970.0,0.0,0.0,0.0,0,0,0,0,-0.035385848727588216,0.399050644662367,-1.9984380755778712,6.9346889958333335
JPN,1971.0,0.0,0.0,0.0,0,0,0,0,-0.0760816894004994,4.6989920420522,-1.9289509031107792,6.9346889958333335
JPN,1972.0,0.0,0.0,0.0,0,0,0,0,-0.21209410392005174,8.41354725566508,-1.797898626417631,6.9346889958333335
JPN,1973.0,0.0,0.0,0.0,0,0,0,0,0.24815344084484336,8.03259997458163,-1.8621768349957615,6.9346889958333335
JPN,1974.0,0.0,0.0,0.0,0,0,0,0,0.6773362960520459,-1.22523982783679,-1.797898626417631,6.9346889958333335
JPN,1975.0,0.0,0.0,0.0,0,0,0,0,0.2542498506163327,3.09157591647113,-1.5079331211714273,6.9346889958333335
JPN,1976.0,0.0,0.0,0.0,0,0,0,0,0.12694303673695806,3.97498409081336,-1.4552637211980184,6.9346889958333335
JPN,1977.0,0.0,0.0,0.0,0,0,0,0,0.05134708663100522,4.39033795035795,-1.4552637211980184,6.9346889958333335
JPN,1978.0,0.0,0.0,0.0,0,0,0,0,-0.2768922758005038,5.2719415031039,-1.3543815942014366,6.9346889958333335
JPN,1979.0,0.0,0.0,0.0,0,0,0,0,-0.3339267656874544,5.48404183215798,-1.4041100327563103,6.9346889958333335
JPN,1980.0,0.0,0.0,0.0,0,0,0,0,0.02563674813866509,2.81759120759222,-1.4552637211980184,6.9346889958333335
JPN,1981.0,0.0,0.0,0.0,0,0,0,0,-0.20544884384426879,4.26062449361741,-1.3543815942014366,6.9346889958333335
JPN,1982.0,0.0,0.0,0.0,0,0,0,0,-0.4583245839575665,3.27974274279195,-1.2588778035673125,6.9346889958333335
JPN,1983.0,0.0,0.0,0.0,0,0,0,0,-0.5925994694112832,3.63019857277,-1.1681732658984325,5.888257380833333
JPN,1984.0,0.0,0.0,0.0,0,0,0,0,-0.5311716688212847,4.41088015355157,-1.1244650055210321,6.6373992375
JPN,1985.0,0.0,0.0,0.0,0,0,0,0,-0.5693647351916753,5.15980790450274,-1.1681732658984325,5.660392525833333
JPN,1986.0,0.0,0.0,0.0,0,0,0,0,-0.8902855673076387,3.29404761349421,-1.0817793229562096,4.048303089166667
JPN,1987.0,0.0,0.0,0.0,0,0,0,0,-1.0533595757276608,4.64886139743521,-1.0817793229562096,4.218014031666667
JPN,1988.0,0.0,0.0,0.0,0,0,0,0,-0.8659265714198691,6.66163652210332,-1.2129580524262054,4.452901190833333
JPN,1989.0,0.0,0.0,0.0,0,0,0,0,-0.5294511603353637,4.92578541317788,-1.3059959666306669,4.4047298725
JPN,1990.0,0.0,0.0,0.0,0,0,0,0,-0.41176445451656213,4.84092905699353,-1.4025978727741741,4.3208969375
JPN,1991.0,1.0,1.0,0.0,0,0,0,0,-0.3891896349623387,3.52335723553459,-1.4041100327563103,3.9339278958333335
JPN,1992.0,1.0,1.0,0.0,1,1,0,0,-0.6180567628976815,0.900586066438109,-1.3741073839304694,3.38244437
JPN,1993.0,1.0,1.0,0.0,1,1,0,0,-0.723444751812303,-0.459219716250544,-1.211598298794004,2.7144275875
JPN,1994.0,1.0,1.0,0.0,1,1,0,0,-0.8610933524240465,1.0833831743207,-1.044608583076233,3.5351682466666667
JPN,1995.0,1.0,1.0,0.0,1,1,0,0,-1.1680430215672044,2.6309996164206,-0.9405248851510641,3.3100514933333334
JPN,1996.0,1.0,1.0,0.0,1,1,0,0,-1.049143378052255,3.13387099272759,-0.8621034700393693,3.1400511850000004
JPN,1997.0,1.0,1.0,0.0,1,1,0,0,-0.6203890391907151,0.981228732290873,-0.8471800752257367,3.199334816666666
JPN,1998.0,1.0,1.0,0.0,1,1,0,0,-0.8707103342982392,-1.27033049466078,-0.6006535140877269,2.626002385
JPN,1999.0,1.0,1.0,0.0,1,1,0,0,-1.2833840696543968,-0.333929957687772,-0.4218734102761897,2.8869701641666663
JPN,2000.0,1.0,1.0,0.0,1,1,0,0,-1.4990537600929392,2.76464755136783,-0.4009111511884245,3.1165892308333336
JPN,2001.0,0.0,0.0,0.0,1,1,0,0,-1.5445385960841949,0.386103426142029,-0.3226480458660163,2.237447555
JPN,2002.0,0.0,0.0,0.0,0,0,0,0,-1.6841824448330913,0.0419624992862282,-0.22208725901493304,2.0336032691666666
JPN,2003.0,0.0,0.0,0.0,0,0,0,0,-1.2355040970043814,1.53512549946694,-0.2585773169792889,1.4457960183333334
JPN,2004.0,0.0,0.0,0.0,0,0,0,0,-1.1111557964036574,2.18611569439318,-0.4050265367474568,1.7008579225
JPN,2005.0,0.0,0.0,0.0,0,0,0,0,-1.2501295038819726,1.80390087215821,-0.4917010461144539,1.8895054916666665
JPN,2006.0,0.0,0.0,0.0,0,0,0,0,-1.005559699223369,1.3723501275831,-0.5715413462576479,2.2836022075
JPN,2007.0,0.0,0.0,0.0,0,0,0,0,-1.080929225765524,1.48396941157472,-0.6717245478749312,2.0393217333333333
JPN,2008.0,0.0,0.0,0.0,0,0,0,0,-0.6936214124530773,-1.22428900061713,-0.6335326413402269,1.3017102483333334
JPN,2009.0,0.0,0.0,0.0,0,0,0,0,-2.0579163447101965,-5.69323635892741,-0.3091595513011957,1.0468915
JPN,2010.0,0.0,0.0,0.0,0,0,0,0,-1.535963381845484,4.09791791943181,-0.2996616238400776,0.8691600608333333
JPN,2011.0,0.0,0.0,0.0,0,0,0,0,-1.2442872091455617,0.0238095237995424,-0.4599487104931451,0.5260605291666667
JPN,2012.0,0.0,0.0,0.0,0,0,0,0,-1.12749900198393,1.37475099905274,-0.5189859244719796,-0.0132494616666666
JPN,2013.0,0.0,0.0,0.0,0,0,0,0,-0.9746681519685881,2.00510017681211,-0.6216303807685736,0.2878436908333333
JPN,2014.0,0.0,0.0,0.0,0,0,0,0,-0.4557244388236772,0.296205514141889,-0.7757319491921449,0.61196865
JPN,2015.0,0.0,0.0,0.0,0,0,0,0,-0.8333705406072026,1.56062669680782,-0.8501552068036098,0.5890241975
KEN,1960.0,0.0,0.0,0.0,0,0,0,0,-0.7232805755344704,-7.77463490371655,0.7406234799917227,6.9346889958333335
KEN,1961.0,0.0,0.0,0.0,0,0,0,0,-0.5004288981705709,-7.77463490371655,0.7406234799917227,6.9346889958333335
KEN,1962.0,0.0,0.0,0.0,0,0,0,0,-0.40660285190061335,9.45735874072126,0.7406234799917227,6.9346889958333335
KEN,1963.0,0.0,0.0,0.0,0,0,0,0,-0.8604626192296028,8.77834021621184,0.7406234799917227,6.9346889958333335
KEN,1964.0,0.0,0.0,0.0,0,0,0,0,-1.1539092502592208,4.96446728844091,0.7406234799917227,6.9346889958333335
KEN,1965.0,0.0,0.0,0.0,0,0,0,0,-0.34858441219950115,2.00909417103099,0.7406234799917227,6.9346889958333335
KEN,1966.0,0.0,0.0,0.0,0,0,0,0,-0.19567528476574458,14.7285664015687,0.7406234799917227,6.9346889958333335
KEN,1967.0,0.0,0.0,0.0,0,0,0,0,-0.6182596126858627,3.36123203258556,0.7406234799917227,6.9346889958333335
KEN,1968.0,0.0,0.0,0.0,0,0,0,0,-0.9636832970916175,7.9826899693479,0.7406234799917227,6.9346889958333335
KEN,1969.0,0.0,0.0,0.0,0,0,0,0,-1.1901998694378277,7.9592244594956,0.7406234799917227,6.9346889958333335
KEN,1970.0,0.0,0.0,0.0,0,0,0,0,-0.5430831772743373,-4.65544691647621,0.7406234799917227,6.9346889958333335
KEN,1971.0,0.0,0.0,0.0,0,0,0,0,-0.324786141055637,22.1738919255764,0.7406234799917227,6.9346889958333335
KEN,1972.0,0.0,0.0,0.0,0,0,0,0,-0.12234303190606202,17.082429349983,0.7406234799917227,6.9346889958333335
KEN,1973.0,0.0,0.0,0.0,0,0,0,0,0.1214322040810091,5.89658021016672,0.7406234799917227,6.9346889958333335
KEN,1974.0,0.0,0.0,0.0,0,0,0,0,0.5066913021376415,4.06561734893735,0.7406234799917227,6.9346889958333335
KEN,1975.0,0.0,0.0,0.0,0,0,0,0,0.5515743465035197,0.882203175319148,0.7406234799917227,6.9346889958333335
KEN,1976.0,0.0,0.0,0.0,0,0,0,0,0.24014274767333288,2.15396450322561,0.7406234799917227,6.9346889958333335
KEN,1977.0,0.0,0.0,0.0,0,0,0,0,0.39316306810637797,9.45379784408087,0.7406234799917227,6.9346889958333335
KEN,1978.0,0.0,0.0,0.0,0,0,0,0,0.475065022862989,6.91249354626197,0.7406234799917227,6.9346889958333335
KEN,1979.0,0.0,0.0,0.0,0,0,0,0,0.039224457137315365,7.61522604591983,0.7406234799917227,6.9346889958333335
KEN,1980.0,0.0,0.0,0.0,0,0,0,0,0.35261105818534944,5.5919762059677,0.7406234799917227,6.9346889958333335
KEN,1981.0,0.0,0.0,0.0,0,0,0,0,0.24787533770146078,3.77354419402822,0.7406234799917227,6.9346889958333335
KEN,1982.0,0.0,0.0,0.0,0,0,0,0,0.601397394671653,1.50647825757706,0.7406234799917227,6.9346889958333335
KEN,1983.0,0.0,0.0,0.0,0,0,0,0,0.2375514857186225,1.3090502411486,0.7406234799917227,5.888257380833333
KEN,1984.0,1.0,1.0,0.0,0,0,0,0,0.1788085560784953,1.75521697703473,0.7406234799917227,6.6373992375
KEN,1985.0,1.0,1.0,0.0,1,1,0,0,0.314793842417684,4.30056181879613,0.7406234799917227,5.660392525833333
KEN,1986.0,1.0,1.0,0.0,1,1,0,0,-0.488685432117381,7.17755539065963,0.7406234799917227,4.048303089166667
KEN,1987.0,1.0,1.0,0.0,1,1,0,0,0.08200134480864696,5.93710744420895,0.7406234799917227,4.218014031666667
KEN,1988.0,0.0,0.0,0.0,1,1,0,0,0.2801998052463974,6.20318382314591,0.7406234799917227,4.452901190833333
KEN,1989.0,0.0,0.0,0.0,0,0,0,0,0.3496239298989609,4.69034876792047,0.7406234799917227,4.4047298725
KEN,1990.0,0.0,0.0,0.0,0,0,0,0,0.5056981631040105,4.19205097155167,0.7406234799917227,4.3208969375
KEN,1991.0,1.0,1.0,0.0,0,0,0,0,0.5830142134098978,1.43834679171559,0.7406234799917227,3.9339278958333335
KEN,1992.0,1.0,1.0,0.0,1,1,0,0,0.7859979534566602,-0.799493958641349,0.7406234799917227,3.38244437
KEN,1993.0,1.0,1.0,1.0,1,1,0,0,1.1523428388138404,0.353197256227247,0.7406234799917227,2.7144275875
KEN,1994.0,1.0,1.0,1.0,1,1,0,1,0.8218343810177862,2.632784517837,0.7406234799917227,3.5351682466666667
KEN,1995.0,1.0,0.0,1.0,1,1,0,1,-0.657779839939101,4.40621652482287,0.7406234799917227,3.3100514933333334
KEN,1996.0,1.0,0.0,1.0,1,0,0,1,0.0961282293390402,4.14683926876013,0.7406234799917227,3.1400511850000004
KEN,1997.0,1.0,0.0,1.0,1,0,0,1,0.23572880286732056,0.474901921293579,0.7406234799917227,3.199334816666666
KEN,1998.0,0.0,0.0,0.0,1,0,0,1,-0.05062433241856662,3.29021372249065,0.7406234799917227,2.626002385
KEN,1999.0,1.0,0.0,1.0,0,0,0,0,-0.13000296753248658,2.30538859522412,0.7406234799917227,2.8869701641666663
KEN,2000.0,0.0,0.0,0.0,1,0,0,1,0.16189635854142984,0.599695390807426,0.7393205991394085,3.1165892308333336
KEN,2001.0,0.0,0.0,0.0,0,0,0,0,-0.13029548291405693,3.77990649795343,0.7380169052047107,2.237447555
KEN,2002.0,0.0,0.0,0.0,0,0,0,0,-0.5816920216333795,0.546859530175595,0.7367123971000407,2.0336032691666666
KEN,2003.0,0.0,0.0,0.0,0,0,0,0,0.1525863634222845,2.93247554570904,0.7354070737355772,1.4457960183333334
KEN,2004.0,0.0,0.0,0.0,0,0,0,0,0.24892237155761868,5.10429977629738,0.7341009340192668,1.7008579225
KEN,2005.0,0.0,0.0,0.0,0,0,0,0,0.1803832298561198,5.90666607980057,0.7327939768568054,1.8895054916666665
KEN,2006.0,0.0,0.0,0.0,0,0,0,0,0.37795489953765465,6.47249430015484,0.7178449449577836,2.2836022075
KEN,2007.0,0.0,0.0,0.0,0,0,0,0,0.14933933466568786,6.85072976998784,0.7027880083462861,2.0393217333333333
KEN,2008.0,0.0,0.0,0.0,0,0,0,0,0.7585223735872549,0.232282744812977,0.6876214849100531,1.3017102483333334
KEN,2009.0,0.0,0.0,0.0,0,0,0,0,0.11862185487978304,3.30693981631089,0.672343651997976,1.0468915
KEN,2010.0,0.0,0.0,0.0,0,0,0,0,-0.3041380329027476,8.05847360290906,0.672343651997976,0.8691600608333333
KEN,2011.0,0.0,0.0,0.0,0,0,0,0,0.35969009930918777,5.1211061197056,0.672343651997976,0.5260605291666667
KEN,2012.0,0.0,0.0,0.0,0,0,0,0,0.12716375846235178,4.56867961444982,0.672343651997976,-0.0132494616666666
KEN,2013.0,0.0,0.0,0.0,0,0,0,0,-0.13211248555273686,3.7978483925754,0.672343651997976,0.2878436908333333
KEN,2014.0,0.0,0.0,0.0,0,0,0,0,-0.03883204784575377,5.02011100232484,0.672343651997976,0.61196865
KEN,2015.0,0.0,0.0,0.0,0,0,0,0,-0.061425685714875,4.96772112759767,0.672343651997976,0.5890241975
LKA,1960.0,0.0,0.0,0.0,0,0,0,0,-2.245798964008762,3.81801955808436,1.5469517364239906,6.9346889958333335
LKA,1961.0,0.0,0.0,0.0,0,0,0,0,-0.748225555778226,3.81801955808436,1.5469517364239906,6.9346889958333335
LKA,1962.0,0.0,0.0,0.0,0,0,0,0,-0.6679935935716209,3.81801955808436,1.5469517364239906,6.9346889958333335
LKA,1963.0,0.0,0.0,0.0,0,0,0,0,-0.5293520713958333,2.51674859433071,1.5469517364239906,6.9346889958333335
LKA,1964.0,0.0,0.0,0.0,0,0,0,0,-0.39638465540188444,3.90643383678592,1.5469517364239906,6.9346889958333335
LKA,1965.0,0.0,0.0,0.0,0,0,0,0,-1.0155134804501944,2.5369535357154,1.5469517364239906,6.9346889958333335
LKA,1966.0,0.0,0.0,0.0,0,0,0,0,-1.1820359763369042,5.0237894383188,1.5469517364239906,6.9346889958333335
LKA,1967.0,0.0,0.0,0.0,0,0,0,0,-0.542965950974769,6.43902442038787,1.5469517364239906,6.9346889958333335
LKA,1968.0,0.0,0.0,0.0,0,0,0,0,-0.11989031668817168,5.80109416633509,1.5469517364239906,6.9346889958333335
LKA,1969.0,0.0,0.0,0.0,0,0,0,0,0.003296902239905325,7.71681966188686,1.5469517364239906,6.9346889958333335
LKA,1970.0,0.0,0.0,0.0,0,0,0,0,-0.1193496524662358,3.84662985663837,1.5469517364239906,6.9346889958333335
LKA,1971.0,0.0,0.0,0.0,0,0,0,0,-0.46926147437175725,1.30690539651886,1.5469517364239906,6.9346889958333335
LKA,1972.0,0.0,0.0,0.0,0,0,0,0,-0.07972897704170283,-0.410479911058076,1.5469517364239906,6.9346889958333335
LKA,1973.0,0.0,0.0,0.0,0,0,0,0,0.14172323900559713,7.05739893467769,1.5469517364239906,6.9346889958333335
LKA,1974.0,0.0,0.0,0.0,0,0,0,0,0.2820090885226827,3.84583083633434,1.5469517364239906,6.9346889958333335
LKA,1975.0,0.0,0.0,0.0,0,0,0,0,-0.05803175873480267,6.12623316072201,1.5469517364239906,6.9346889958333335
LKA,1976.0,0.0,0.0,0.0,0,0,0,0,-0.7044473607682555,3.33510669179992,1.5469517364239906,6.9346889958333335
LKA,1977.0,0.0,0.0,0.0,0,0,0,0,-0.7275163610784658,5.10059026388485,1.5469517364239906,6.9346889958333335
LKA,1978.0,1.0,0.0,1.0,0,0,0,0,0.27428299943150103,5.65383685776763,1.5469517364239906,6.9346889958333335
LKA,1979.0,0.0,0.0,0.0,1,0,0,1,0.20300956165485828,6.40355692592513,1.5469517364239906,6.9346889958333335
LKA,1980.0,1.0,0.0,1.0,0,0,0,0,0.7561035703993801,5.84602651617143,1.5469517364239906,6.9346889958333335
LKA,1981.0,1.0,0.0,1.0,1,0,0,1,0.5122816840796988,5.69952476661454,1.5469517364239906,6.9346889958333335
LKA,1982.0,1.0,0.0,1.0,1,0,0,1,0.2079783300944909,4.14149570229377,1.5469517364239906,6.9346889958333335
LKA,1983.0,0.0,0.0,0.0,1,0,0,1,0.3571945204721308,4.81399096956454,1.5469517364239906,5.888257380833333
LKA,1984.0,0.0,0.0,0.0,0,0,0,0,0.46419381205086563,5.09914655789932,1.5469517364239906,6.6373992375
LKA,1985.0,0.0,0.0,0.0,0,0,0,0,-0.6725591141237275,4.99940636872589,1.5469517364239906,5.660392525833333
LKA,1986.0,0.0,0.0,0.0,0,0,0,0,0.03902399768050604,4.35554691657009,1.5469517364239906,4.048303089166667
LKA,1987.0,0.0,0.0,0.0,0,0,0,0,0.02142637401788173,1.72561069291237,1.5469517364239906,4.218014031666667
LKA,1988.0,1.0,1.0,0.0,0,0,0,0,0.3583621453503872,2.472685037698,1.5469517364239906,4.452901190833333
LKA,1989.0,1.0,1.0,0.0,1,1,0,0,0.2460995245245674,2.29930141198645,1.5469517364239906,4.4047298725
LKA,1990.0,1.0,1.0,0.0,1,1,0,0,0.6268322787892202,6.39999531084838,1.5469517364239906,4.3208969375
LKA,1991.0,1.0,1.0,0.0,1,1,0,0,0.2764004195508661,4.59998724404535,1.4007060346165108,3.9339278958333335
LKA,1992.0,1.0,1.0,0.0,1,1,0,0,0.2368244536440355,4.39999125181939,1.3461992426323721,3.38244437
LKA,1993.0,0.0,0.0,0.0,1,1,0,0,0.2550152641775577,6.90006325149474,1.2955502789369635,2.7144275875
LKA,1994.0,0.0,0.0,0.0,0,0,0,0,0.06998910487514942,5.59991872510166,1.1918979430924201,3.5351682466666667
LKA,1995.0,1.0,0.0,1.0,0,0,0,0,0.018510343633854724,5.5000852341585,1.087239979440786,3.3100514933333334
LKA,1996.0,0.0,0.0,0.0,1,0,0,1,0.43752709508542653,3.79996720568178,0.9532832588867852,3.1400511850000004
LKA,1997.0,0.0,0.0,0.0,0,0,0,0,0.13865073094503444,6.40539969571286,0.8374487209215379,3.199334816666666
LKA,1998.0,0.0,0.0,0.0,0,0,0,0,0.12636375492467086,4.69842304772052,0.5971186015730472,2.626002385
LKA,1999.0,0.0,0.0,0.0,0,0,0,0,-0.22703422419753505,4.30054049813373,0.5447965753001943,2.8869701641666663
LKA,2000.0,0.0,0.0,0.0,0,0,0,0,-0.09368430535562285,6.00003315828934,0.3251342974806418,3.1165892308333336
LKA,2001.0,0.0,0.0,0.0,0,0,0,0,0.3654972988036556,-1.54540813366026,0.3574265227801075,2.237447555
LKA,2002.0,0.0,0.0,0.0,0,0,0,0,0.13733142073838098,3.96467568513113,0.522751807111128,2.0336032691666666
LKA,2003.0,0.0,0.0,0.0,0,0,0,0,-0.08251354533941946,5.9402690780223,0.4205141452833534,1.4457960183333334
LKA,2004.0,0.0,0.0,0.0,0,0,0,0,0.01164516752960567,5.44506127885352,0.45134188966208144,1.7008579225
LKA,2005.0,0.0,0.0,0.0,0,0,0,0,0.24970237109899696,6.24174804376447,0.31084338758156765,1.8895054916666665
LKA,2006.0,0.0,0.0,0.0,0,0,0,0,0.16415304790522253,7.66829190107919,0.05564849814795221,2.2836022075
LKA,2007.0,0.0,0.0,0.0,0,0,0,0,0.4338968683332092,6.79682611892866,-0.07162736320025792,2.0393217333333333
LKA,2008.0,0.0,0.0,0.0,0,0,0,0,0.6584811758229571,5.95008814473897,-0.2670538629265746,1.3017102483333334
LKA,2009.0,0.0,0.0,0.0,0,0,0,0,-0.36238867124021806,3.53891205317842,-0.1016177129836673,1.0468915
LKA,2010.0,0.0,0.0,0.0,0,0,0,0,-0.0903245772914825,8.01596737055139,-0.3903689009072168,0.8691600608333333
LKA,2011.0,0.0,0.0,0.0,0,0,0,0,-0.051057444785030735,8.6694830119314,-0.5954453190761542,0.5260605291666667
LKA,2012.0,0.0,0.0,0.0,0,0,0,0,0.009338855624066396,8.63218137662685,-0.6744338766207363,-0.0132494616666666
LKA,2013.0,0.0,0.0,0.0,0,0,0,0,-0.03656137084059991,4.05174633027869,-0.5734683529044462,0.2878436908333333
LKA,2014.0,0.0,0.0,0.0,0,0,0,0,-0.39854731251688824,6.3779788972687,-0.5828098338181709,0.61196865
LKA,2015.0,0.0,0.0,0.0,0,0,0,0,-0.3261587750222361,4.20595547449241,-0.46935845151393657,0.5890241975
MAR,1960.0,0.0,0.0,0.0,0,0,0,0,-0.36740568056736134,10.0288413593661,0.9761539669649112,6.9346889958333335
MAR,1961.0,0.0,0.0,0.0,0,0,0,0,-0.6175269462552123,10.0288413593661,0.9761539669649112,6.9346889958333335
MAR,1962.0,0.0,0.0,0.0,0,0,0,0,-0.187908334474879,10.0288413593661,0.9761539669649112,6.9346889958333335
MAR,1963.0,0.0,0.0,0.0,0,0,0,0,-0.13364726996662282,10.0288413593661,0.9761539669649112,6.9346889958333335
MAR,1964.0,0.0,0.0,0.0,0,0,0,0,-0.2974274805030461,10.0288413593661,0.9761539669649112,6.9346889958333335
MAR,1965.0,0.0,0.0,0.0,0,0,0,0,-0.36019793104663195,10.0288413593661,0.9761539669649112,6.9346889958333335
MAR,1966.0,0.0,0.0,0.0,0,0,0,0,-1.7571852463762967,10.0288413593661,0.9761539669649112,6.9346889958333335
MAR,1967.0,0.0,0.0,0.0,0,0,0,0,-1.5505369477744944,10.0288413593661,0.9761539669649112,6.9346889958333335
MAR,1968.0,0.0,0.0,0.0,0,0,0,0,-0.9402456340043925,9.89173930674043,0.9761539669649112,6.9346889958333335
MAR,1969.0,0.0,0.0,0.0,0,0,0,0,-0.4291014838288019,8.36216535672018,0.9761539669649112,6.9346889958333335
MAR,1970.0,0.0,0.0,0.0,0,0,0,0,-0.7154300899285198,4.71346037515517,0.9761539669649112,6.9346889958333335
MAR,1971.0,0.0,0.0,0.0,0,0,0,0,-0.2827463986115672,5.5968936595313,0.9761539669649112,6.9346889958333335
MAR,1972.0,0.0,0.0,0.0,0,0,0,0,-0.32722722897860773,2.43723734665467,0.9761539669649112,6.9346889958333335
MAR,1973.0,0.0,0.0,0.0,0,0,0,0,-0.290465687009787,3.55931083241548,0.9761539669649112,6.9346889958333335
MAR,1974.0,0.0,0.0,0.0,0,0,0,0,0.49770899232721816,5.59604994440339,0.9761539669649112,6.9346889958333335
MAR,1975.0,0.0,0.0,0.0,0,0,0,0,0.035119968084531744,7.55822156113805,0.9761539669649112,6.9346889958333335
MAR,1976.0,0.0,0.0,0.0,0,0,0,0,0.07340727447838889,10.8127813442855,0.9761539669649112,6.9346889958333335
MAR,1977.0,0.0,0.0,0.0,0,0,0,0,0.2958908341778977,6.0591676788529,0.9761539669649112,6.9346889958333335
MAR,1978.0,0.0,0.0,0.0,0,0,0,0,0.14688050644487538,2.23266338861872,0.9761539669649112,6.9346889958333335
MAR,1979.0,0.0,0.0,0.0,0,0,0,0,0.062423993463364816,4.79378720493398,0.9761539669649112,6.9346889958333335
MAR,1980.0,0.0,0.0,0.0,0,0,0,0,0.12897069940139774,3.64216481334074,0.9761539669649112,6.9346889958333335
MAR,1981.0,0.0,0.0,0.0,0,0,0,0,0.2909899940601878,-1.7434349305055,0.9761539669649112,6.9346889958333335
MAR,1982.0,1.0,1.0,1.0,0,0,0,0,0.19208020087183234,8.95737202254297,0.9761539669649112,6.9346889958333335
MAR,1983.0,1.0,1.0,0.0,1,1,0,1,-0.09111186644118595,1.38656957735846,1.0691561079284577,5.888257380833333
MAR,1984.0,0.0,0.0,0.0,1,1,0,0,0.2888708099019907,6.41838632129115,1.1582767272121606,6.6373992375
MAR,1985.0,1.0,0.0,1.0,0,0,0,0,0.022214874908584408,6.00765207144033,1.243847082914697,5.660392525833333
MAR,1986.0,1.0,0.0,1.0,1,0,0,1,0.08801884291610598,9.27110576948627,1.326156970223169,4.048303089166667
MAR,1987.0,1.0,0.0,1.0,1,0,0,1,-0.4644153435132897,-0.325004075650469,1.4054614252708173,4.218014031666667
MAR,1988.0,1.0,0.0,1.0,1,0,0,1,-0.5140749600895654,11.8752359788597,1.3057750511487858,4.452901190833333
MAR,1989.0,1.0,0.0,1.0,1,0,0,1,-0.3880966815879016,2.84620258132841,1.5921620050659413,4.4047298725
MAR,1990.0,0.0,0.0,0.0,1,0,0,1,-0.046044459893433254,3.41181222630115,1.535502844175058,4.3208969375
MAR,1991.0,0.0,0.0,0.0,0,0,0,0,0.03968092866711073,7.21608815359085,1.6669598168457271,3.9339278958333335
MAR,1992.0,0.0,0.0,0.0,0,0,0,0,-0.13015376425606032,-2.097738754022,1.5216851278004975,3.38244437
MAR,1993.0,0.0,0.0,0.0,0,0,0,0,-0.1798564606026712,-0.740591700332374,1.5228399236012307,2.7144275875
MAR,1994.0,0.0,0.0,0.0,0,0,0,0,-0.1837070139834058,10.5880004161286,1.767515441388562,3.5351682466666667
MAR,1995.0,0.0,0.0,0.0,0,0,0,0,-0.09798781074594373,-5.40544787197402,2.226999982727614,3.3100514933333334
MAR,1996.0,0.0,0.0,0.0,0,0,0,0,-0.4240758772525868,12.3728762700496,1.7497657068007952,3.1400511850000004
MAR,1997.0,0.0,0.0,0.0,0,0,0,0,-0.7711187321673002,-1.56070234550782,1.633173689294355,3.199334816666666
MAR,1998.0,0.0,0.0,0.0,0,0,0,0,-0.45659729494283885,7.23855267691987,1.8871904382524527,2.626002385
MAR,1999.0,0.0,0.0,0.0,0,0,0,0,-0.8641414381383098,1.6970614772566,1.3108694200685067,2.8869701641666663
MAR,2000.0,0.0,0.0,0.0,0,0,0,0,-0.5935090181242128,2.58218091499747,1.2645832628814992,3.1165892308333336
MAR,2001.0,0.0,0.0,0.0,0,0,0,0,-0.8830649207156748,7.72182519577728,1.1138871670321522,2.237447555
MAR,2002.0,0.0,0.0,0.0,0,0,0,0,-0.4505536961857168,3.73019737485745,0.989049791172125,2.0336032691666666
MAR,2003.0,0.0,0.0,0.0,0,0,0,0,-0.7405153475908585,6.17110214953244,1.0372660630116866,1.4457960183333334
MAR,2004.0,0.0,0.0,0.0,0,0,0,0,-0.6700550810629858,4.57138016516208,0.8736520365122673,1.7008579225
MAR,2005.0,0.0,0.0,0.0,0,0,0,0,-0.784764473210945,3.19224973015831,0.9015575702043059,1.8895054916666665
MAR,2006.0,0.0,0.0,0.0,0,0,0,0,-0.38493116698248264,7.7908200104027,0.684335740749916,2.2836022075
MAR,2007.0,0.0,0.0,0.0,0,0,0,0,-0.5676808705752776,3.44106776690418,0.6654598558682683,2.0393217333333333
MAR,2008.0,0.0,0.0,0.0,0,0,0,0,-0.3324020474318981,5.68453936284732,0.6671829429595486,1.3017102483333334
MAR,2009.0,0.0,0.0,0.0,0,0,0,0,-0.7874502448926807,3.74576940136258,0.5593631765321102,1.0468915
MAR,2010.0,0.0,0.0,0.0,0,0,0,0,-0.7820574276413303,3.49955709403216,0.5828168044123891,0.8691600608333333
MAR,2011.0,0.0,0.0,0.0,0,0,0,0,-0.8039061573511861,5.52464523319847,0.5502711145016423,0.5260605291666667
MAR,2012.0,0.0,0.0,0.0,0,0,0,0,-0.7136835894296417,3.06234368502997,0.5647992449308609,-0.0132494616666666
MAR,2013.0,0.0,0.0,0.0,0,0,0,0,-0.5960166820138613,4.12221286860944,0.6077804344334997,0.2878436908333333
MAR,2014.0,0.0,0.0,0.0,0,0,0,0,-0.9383318128282727,2.7192440802029,0.6894541266660309,0.61196865
MAR,2015.0,0.0,0.0,0.0,0,0,0,0,-0.6570661947421044,4.34458297635238,0.6481499354481856,0.5890241975
MEX,1960.0,0.0,0.0,0.0,0,0,0,0,-0.2039714797309523,5.00000000072309,-1.5844082106411277,6.9346889958333335
MEX,1961.0,0.0,0.0,0.0,0,0,0,0,-0.6470186709826764,5.00000000072309,-1.5844082106411277,6.9346889958333335
MEX,1962.0,0.0,0.0,0.0,0,0,0,0,-0.7333704521451547,4.66441467253127,-1.5844082106411277,6.9346889958333335
MEX,1963.0,0.0,0.0,0.0,0,0,0,0,-0.890745519986512,8.10688692761114,-1.5844082106411277,6.9346889958333335
MEX,1964.0,0.0,0.0,0.0,0,0,0,0,-0.5189827448670371,11.9054807657866,-1.5844082106411277,6.9346889958333335
MEX,1965.0,0.0,0.0,0.0,0,0,0,0,-0.3498469928589281,7.09999999747173,-1.5844082106411277,6.9346889958333335
MEX,1966.0,0.0,0.0,0.0,0,0,0,0,-0.2762237593580351,6.09613930256681,-1.5844082106411277,6.9346889958333335
MEX,1967.0,0.0,0.0,0.0,0,0,0,0,-0.4200028959517908,5.85492487897324,-1.5844082106411277,6.9346889958333335
MEX,1968.0,0.0,0.0,0.0,0,0,0,0,-0.5196082337106558,9.42327881831926,-1.5844082106411277,6.9346889958333335
MEX,1969.0,0.0,0.0,0.0,0,0,0,0,-0.37454298186488155,3.41862002349839,-1.5844082106411277,6.9346889958333335
MEX,1970.0,0.0,0.0,0.0,0,0,0,0,-0.19671836367978685,6.50248403469675,-1.5844082106411277,6.9346889958333335
MEX,1971.0,0.0,0.0,0.0,0,0,0,0,-0.15388515725916097,3.76246768495716,-1.5844082106411277,6.9346889958333335
MEX,1972.0,0.0,0.0,0.0,0,0,0,0,-0.2024190483895736,8.22880731245257,-1.5844082106411277,6.9346889958333335
MEX,1973.0,0.0,0.0,0.0,0,0,0,0,0.27140441276987487,7.86111986063614,-1.5844082106411277,6.9346889958333335
MEX,1974.0,0.0,0.0,0.0,0,0,0,0,0.693091436079297,5.77682723020618,-1.5844082106411277,6.9346889958333335
MEX,1975.0,0.0,0.0,0.0,0,0,0,0,0.39821164571233786,5.74448504862428,-1.5844082106411277,6.9346889958333335
MEX,1976.0,0.0,0.0,0.0,0,0,0,0,0.4332213780216397,4.41744413626853,-1.5844082106411277,6.9346889958333335
MEX,1977.0,0.0,0.0,0.0,0,0,0,0,0.8277202986259055,3.39063970656844,-1.5844082106411277,6.9346889958333335
MEX,1978.0,0.0,0.0,0.0,0,0,0,0,0.494147954812905,8.95694232786306,-1.5844082106411277,6.9346889958333335
MEX,1979.0,0.0,0.0,0.0,0,0,0,0,0.5200258595670475,9.69817013704461,-1.5844082106411277,6.9346889958333335
MEX,1980.0,1.0,1.0,0.0,0,0,0,0,0.7613783108779519,8.75662242586424,-1.5844082106411277,6.9346889958333335
MEX,1981.0,1.0,1.0,1.0,1,1,0,0,0.8007319148510191,9.58584115454994,-1.5844082106411277,6.9346889958333335
MEX,1982.0,1.0,0.0,1.0,1,1,0,1,1.3374423513939093,-0.0495863656386035,-1.5844082106411277,6.9346889958333335
MEX,1983.0,1.0,0.0,1.0,1,0,0,1,1.7708507469057426,-4.62412795987231,-1.5844082106411277,5.888257380833333
MEX,1984.0,1.0,0.0,1.0,1,0,0,1,1.4180630961750045,3.51341334932273,-1.5844082106411277,6.6373992375
MEX,1985.0,1.0,0.0,1.0,1,0,0,1,1.3222758858342227,1.91921578613494,-1.5844082106411277,5.660392525833333
MEX,1986.0,1.0,0.0,1.0,1,0,0,1,1.6353304941627334,-3.92995990782299,-1.5844082106411277,4.048303089166667
MEX,1987.0,1.0,0.0,1.0,1,0,0,1,1.9867467317753869,2.06336322631584,-1.5844082106411277,4.218014031666667
MEX,1988.0,1.0,0.0,1.0,1,0,0,1,1.8652776614716549,1.21826122938586,-1.5844082106411277,4.452901190833333
MEX,1989.0,1.0,0.0,1.0,1,0,0,1,0.58056231802142,3.62544873456009,-1.3597845625590514,4.4047298725
MEX,1990.0,0.0,0.0,0.0,1,0,0,1,0.7689902328144741,5.25004329944582,-1.160227953944323,4.3208969375
MEX,1991.0,0.0,0.0,0.0,0,0,0,0,0.661315248358569,3.97590497138043,-0.9804176593297375,3.9339278958333335
MEX,1992.0,1.0,1.0,0.0,0,0,0,0,0.4208066780163855,3.56861354412243,-0.9609561612068485,3.38244437
MEX,1993.0,1.0,1.0,0.0,1,1,0,0,0.14891415544218084,2.86699945461075,-0.9149134825441831,2.7144275875
MEX,1994.0,1.0,1.0,0.0,1,1,0,0,-0.032282610589676235,4.39412788764169,-0.5536493867734861,3.5351682466666667
MEX,1995.0,1.0,1.0,0.0,1,1,0,0,0.9564465618516744,-5.91029962358286,0.14392049532529577,3.3100514933333334
MEX,1996.0,1.0,1.0,0.0,1,1,0,0,0.9438819780567966,6.21829715869302,-0.2588501787228569,3.1400511850000004
MEX,1997.0,0.0,0.0,0.0,1,1,0,0,0.6001142807023992,7.19887615284711,-0.6160357402440417,3.199334816666666
MEX,1998.0,0.0,0.0,0.0,0,0,0,0,0.43723969794296685,6.18507893082885,-0.7814632313000204,2.626002385
MEX,1999.0,0.0,0.0,0.0,0,0,0,0,0.46222776149293443,2.75503039300564,-1.218407294348733,2.8869701641666663
MEX,2000.0,0.0,0.0,0.0,0,0,0,0,0.13385792139733932,5.02928399378261,-1.18461515983176,3.1165892308333336
MEX,2001.0,0.0,0.0,0.0,0,0,0,0,-0.07827510637495158,-0.450845253215945,-1.1958094055577206,2.237447555
MEX,2002.0,0.0,0.0,0.0,0,0,0,0,-0.19412730599966968,-0.236588001922641,-0.9980699442163637,2.0336032691666666
MEX,2003.0,0.0,0.0,0.0,0,0,0,0,-0.2416106703703238,1.18554486709559,-0.8242823349139393,1.4457960183333334
MEX,2004.0,0.0,0.0,0.0,0,0,0,0,-0.22736248685980254,3.56544100946846,-0.6552141442421245,1.7008579225
MEX,2005.0,0.0,0.0,0.0,0,0,0,0,-0.3011542898076759,2.11324712586392,-0.7868522799294605,1.8895054916666665
MEX,2006.0,0.0,0.0,0.0,0,0,0,0,-0.3424889594328131,4.80501352746852,-0.7839761911371501,2.2836022075
MEX,2007.0,0.0,0.0,0.0,0,0,0,0,-0.30352599842877775,2.07786393438754,-0.7618349256538277,2.0393217333333333
MEX,2008.0,0.0,0.0,0.0,0,0,0,0,-0.18526399505199848,0.943331863036903,-0.6764684270036069,1.3017102483333334
MEX,2009.0,0.0,0.0,0.0,0,0,0,0,-0.16935666467222318,-6.29525055780502,-0.2301373716140732,1.0468915
MEX,2010.0,0.0,0.0,0.0,0,0,0,0,-0.2825972474670077,4.9713345832195,-0.2444409137702161,0.8691600608333333
MEX,2011.0,0.0,0.0,0.0,0,0,0,0,-0.3695051131472074,3.44404505794418,-0.2794245982790813,0.5260605291666667
MEX,2012.0,0.0,0.0,0.0,0,0,0,0,-0.2875197689837939,3.55321075993527,-0.3590833589628059,-0.0132494616666666
MEX,2013.0,0.0,0.0,0.0,0,0,0,0,-0.32176052392282695,0.852101559410627,-0.3507681776284592,0.2878436908333333
MEX,2014.0,0.0,0.0,0.0,0,0,0,0,-0.2977522159483721,2.50376350288664,-0.38017443938443496,0.61196865
MEX,2015.0,0.0,0.0,0.0,0,0,0,0,-0.46125444478234673,2.70232342550646,-0.5337197008062519,0.5890241975
MMR,1960.0,0.0,0.0,0.0,0,0,0,0,-0.0014505180748850372,0.471561080379175,-0.06420046955231609,6.9346889958333335
MMR,1961.0,0.0,0.0,0.0,0,0,0,0,-1.1773619537639135,0.471561080379175,-0.06420046955231609,6.9346889958333335
MMR,1962.0,0.0,0.0,0.0,0,0,0,0,-2.3156883342763055,4.08687253044889,-0.06420046955231609,6.9346889958333335
MMR,1963.0,0.0,0.0,0.0,0,0,0,0,-3.617660956203487,13.3492949251208,-0.06420046955231609,6.9346889958333335
MMR,1964.0,0.0,0.0,0.0,0,0,0,0,-1.3546118689675806,-5.8940188396242,-0.06420046955231609,6.9346889958333335
MMR,1965.0,0.0,0.0,0.0,0,0,0,0,0.5025298922309993,10.6926495101691,-0.06420046955231609,6.9346889958333335
MMR,1966.0,0.0,0.0,0.0,0,0,0,0,0.7391121486650044,-4.85177870419901,-0.06420046955231609,6.9346889958333335
MMR,1967.0,0.0,0.0,0.0,0,0,0,0,-0.8231534518975869,-5.92525888262607,-0.06420046955231609,6.9346889958333335
MMR,1968.0,0.0,0.0,0.0,0,0,0,0,-0.5129810203781924,12.0593401836478,-0.06420046955231609,6.9346889958333335
MMR,1969.0,0.0,0.0,0.0,0,0,0,0,-6.37255347627946,3.29174112062336,-0.06420046955231609,6.9346889958333335
MMR,1970.0,0.0,0.0,0.0,0,0,0,0,-5.752845286091215,4.97933059716335,-0.06420046955231609,6.9346889958333335
MMR,1971.0,0.0,0.0,0.0,0,0,0,0,-0.5598748879488236,4.12996244451452,-0.06420046955231609,6.9346889958333335
MMR,1972.0,0.0,0.0,0.0,0,0,0,0,0.01628163720836435,2.43584137286746,-0.06420046955231609,6.9346889958333335
MMR,1973.0,0.0,0.0,0.0,0,0,0,0,0.7314698052164872,-0.968124718340604,-0.06420046955231609,6.9346889958333335
MMR,1974.0,0.0,0.0,0.0,0,0,0,0,0.7317783211706966,5.34237568950537,-0.06420046955231609,6.9346889958333335
MMR,1975.0,0.0,0.0,0.0,0,0,0,0,0.8864176086479849,4.15270918852109,-0.06420046955231609,6.9346889958333335
MMR,1976.0,0.0,0.0,0.0,0,0,0,0,0.6532389812858045,6.08039622930205,-0.06420046955231609,6.9346889958333335
MMR,1977.0,0.0,0.0,0.0,0,0,0,0,-1.879092730265275,5.95228661057057,-0.06420046955231609,6.9346889958333335
MMR,1978.0,0.0,0.0,0.0,0,0,0,0,-10.107752488486662,6.51781702314163,-0.06420046955231609,6.9346889958333335
MMR,1979.0,0.0,0.0,0.0,0,0,0,0,-0.1360205894293521,5.20127748073821,-0.06420046955231609,6.9346889958333335
MMR,1980.0,0.0,0.0,0.0,0,0,0,0,-0.8865266725994353,7.93853808083058,-0.06420046955231609,6.9346889958333335
MMR,1981.0,0.0,0.0,0.0,0,0,0,0,-0.9805134693142791,6.35575459195157,-0.06420046955231609,6.9346889958333335
MMR,1982.0,0.0,0.0,0.0,0,0,0,0,-0.16868366410376948,5.60387642556786,-0.06420046955231609,6.9346889958333335
MMR,1983.0,1.0,0.0,1.0,0,0,0,0,-0.1379495528462427,4.39109267988809,-0.06420046955231609,5.888257380833333
MMR,1984.0,0.0,0.0,0.0,1,0,0,1,-0.2118222714998891,4.9327280261799,-0.06420046955231609,6.6373992375
MMR,1985.0,0.0,0.0,0.0,0,0,0,0,-0.044152285186915,2.85100023868532,-0.06420046955231609,5.660392525833333
MMR,1986.0,1.0,0.0,1.0,0,0,0,0,0.12406516390625467,-1.05734875697635,-0.06420046955231609,4.048303089166667
MMR,1987.0,0.0,0.0,0.0,1,0,0,1,0.7197410464665148,-4.00563178606888,-0.06420046955231609,4.218014031666667
MMR,1988.0,0.0,0.0,0.0,0,0,0,0,0.441649377929959,-11.3524394768121,-0.06420046955231609,4.452901190833333
MMR,1989.0,0.0,0.0,0.0,0,0,0,0,0.7826821046090283,3.69529742267716,-0.06420046955231609,4.4047298725
MMR,1990.0,0.0,0.0,0.0,0,0,0,0,0.5002018729673976,2.81693327328911,-0.06420046955231609,4.3208969375
MMR,1991.0,0.0,0.0,0.0,0,0,0,0,0.8997809779879149,-0.650616908622624,-0.08627397776766019,3.9339278958333335
MMR,1992.0,0.0,0.0,0.0,0,0,0,0,0.6393558695436184,9.66094245346783,-0.10859737602048684,3.38244437
MMR,1993.0,0.0,0.0,0.0,0,0,0,0,0.8902543440063807,6.03941022663199,-0.13117680297930256,2.7144275875
MMR,1994.0,0.0,0.0,0.0,0,0,0,0,0.7017843617860824,7.47795835834528,-0.1540186315771352,3.5351682466666667
MMR,1995.0,1.0,1.0,0.0,0,0,0,0,0.7313298755794515,6.94805143702995,-0.17712948122254232,3.3100514933333334
MMR,1996.0,1.0,1.0,1.0,1,1,0,0,0.45053580256847964,6.44271534713997,-0.20051623082229067,3.1400511850000004
MMR,1997.0,1.0,0.0,1.0,1,1,0,1,0.8424538179088872,5.65158296304853,-0.22418603268158455,3.199334816666666
MMR,1998.0,1.0,0.0,1.0,1,0,0,1,1.2359934396453174,5.86621315328905,-0.24814632735415004,2.626002385
MMR,1999.0,1.0,0.0,1.0,1,0,0,1,0.5272650111382179,10.9451299817104,-0.2724048595214612,2.8869701641666663
MMR,2000.0,1.0,0.0,1.0,1,0,0,1,-1.158747670807007,13.7459305561226,-0.2969696949883432,3.1165892308333336
MMR,2001.0,1.0,1.0,1.0,1,0,0,1,0.6148419191071111,11.3439970699605,-0.32184923889087735,2.237447555
MMR,2002.0,1.0,1.0,1.0,1,1,0,1,1.3133824941194945,12.0255134340315,-0.34705225522240074,2.0336032691666666
MMR,2003.0,1.0,1.0,1.0,1,1,0,1,0.9877939061437935,13.8439968903798,-0.3725878877943247,1.4457960183333334
MMR,2004.0,1.0,1.0,1.0,1,1,0,1,-0.24290338832010264,13.5646616163416,-0.39846568276072997,1.7008579225
MMR,2005.0,1.0,0.0,1.0,1,1,0,1,0.1266226043782756,13.5689500216456,-0.4246956128495933,1.8895054916666665
MMR,2006.0,1.0,0.0,1.0,1,0,0,1,0.5801971819805928,13.0761013792372,-0.45128810345887593,2.2836022075
MMR,2007.0,1.0,0.0,1.0,1,0,0,1,0.956955063134907,11.9914352402146,-0.4782540607932339,2.0393217333333333
MMR,2008.0,1.0,0.0,1.0,1,0,0,1,0.7727154148947372,10.2553053929808,-0.5056049022367816,1.3017102483333334
MMR,2009.0,1.0,0.0,1.0,1,0,0,1,-0.674370112341734,10.5500090961932,-0.5333525891796167,1.0468915
MMR,2010.0,1.0,0.0,1.0,1,0,0,1,0.021510010411419592,9.6344394520444,-0.5615096625410333,0.8691600608333333
MMR,2011.0,1.0,0.0,1.0,1,0,0,1,-0.1950052240586142,5.59148237823661,-0.5900892812609287,0.5260605291666667
MMR,2012.0,1.0,0.0,1.0,1,0,0,1,-0.6753479011693744,7.33267044704149,-0.6191052640635833,-0.0132494616666666
MMR,2013.0,1.0,0.0,1.0,1,0,0,1,-0.13856250010284785,8.42600102501767,-0.6485721348349544,0.2878436908333333
MMR,2014.0,1.0,0.0,1.0,1,0,0,1,-0.20149866131922897,8.16990745558277,-0.6785051719971339,0.61196865
MMR,2015.0,0.0,0.0,0.0,1,0,0,1,0.1316653332381008,6.99284029026121,-2.2536749092262625,0.5890241975
MUS,1960.0,0.0,0.0,0.0,0,0,0,0,-0.5933408523543323,22.8490949956659,0.6706248384987988,6.9346889958333335
MUS,1961.0,0.0,0.0,0.0,0,0,0,0,-0.5933408523543323,22.8490949956659,0.6706248384987988,6.9346889958333335
MUS,1962.0,0.0,0.0,0.0,0,0,0,0,-0.5933408523543323,0.806486902725595,0.6706248384987988,6.9346889958333335
MUS,1963.0,0.0,0.0,0.0,0,0,0,0,-0.5933408523543323,13.8945256143361,0.6706248384987988,6.9346889958333335
MUS,1964.0,0.0,0.0,0.0,0,0,0,0,-0.5933408523543323,-6.889492993565,0.6706248384987988,6.9346889958333335
MUS,1965.0,0.0,0.0,0.0,0,0,0,0,-0.6133591992716261,3.1969798965965,0.6706248384987988,6.9346889958333335
MUS,1966.0,0.0,0.0,0.0,0,0,0,0,-0.4931239538236683,-3.56820454752456,0.6706248384987988,6.9346889958333335
MUS,1967.0,0.0,0.0,0.0,0,0,0,0,-0.5963983258916012,4.38412936446954,0.6706248384987988,6.9346889958333335
MUS,1968.0,0.0,0.0,0.0,0,0,0,0,-0.0314432279703899,-6.88965573613312,0.6706248384987988,6.9346889958333335
MUS,1969.0,0.0,0.0,0.0,0,0,0,0,-0.5225813179083174,4.93297089035192,0.6706248384987988,6.9346889958333335
MUS,1970.0,0.0,0.0,0.0,0,0,0,0,-0.6602716031845592,-0.402343022292044,0.6706248384987988,6.9346889958333335
MUS,1971.0,0.0,0.0,0.0,0,0,0,0,-0.9812578815963966,4.27356344804602,0.6706248384987988,6.9346889958333335
MUS,1972.0,0.0,0.0,0.0,0,0,0,0,-0.16042838908279067,8.346362138584,0.6706248384987988,6.9346889958333335
MUS,1973.0,0.0,0.0,0.0,0,0,0,0,0.33476204788932223,11.9816863254232,0.6706248384987988,6.9346889958333335
MUS,1974.0,0.0,0.0,0.0,0,0,0,0,0.828928934487666,8.81182619793313,0.6706248384987988,6.9346889958333335
MUS,1975.0,0.0,0.0,0.0,0,0,0,0,0.3897675525811747,0.906090279353336,0.6706248384987988,6.9346889958333335
MUS,1976.0,0.0,0.0,0.0,0,0,0,0,0.31247378924830077,23.7524440170883,0.6706248384987988,6.9346889958333335
MUS,1977.0,0.0,0.0,0.0,0,0,0,0,0.11492523266985026,6.54761905410257,0.6706248384987988,6.9346889958333335
MUS,1978.0,0.0,0.0,0.0,0,0,0,0,0.07614473922529374,3.83080608607303,0.6706248384987988,6.9346889958333335
MUS,1979.0,0.0,0.0,0.0,0,0,0,0,0.37848338053280556,3.51652574676662,0.6706248384987988,6.9346889958333335
MUS,1980.0,0.0,0.0,0.0,0,0,0,0,1.0864423361034858,-10.0612584967252,0.6706248384987988,6.9346889958333335
MUS,1981.0,0.0,0.0,0.0,0,0,0,0,0.3782835448417124,5.8823529013973,0.6706248384987988,6.9346889958333335
MUS,1982.0,0.0,0.0,0.0,0,0,0,0,0.23845815127045072,5.49707592772934,0.6706248384987988,6.9346889958333335
MUS,1983.0,0.0,0.0,0.0,0,0,0,0,-0.1432396322376397,0.383795309593225,0.6706248384987988,5.888257380833333
MUS,1984.0,0.0,0.0,0.0,0,0,0,0,-0.0015055793413890452,4.69838572777768,0.6706248384987988,6.6373992375
MUS,1985.0,0.0,0.0,0.0,0,0,0,0,-0.05243964470993951,6.9544754614702,0.6706248384987988,5.660392525833333
MUS,1986.0,0.0,0.0,0.0,0,0,0,0,-0.6423563599500538,9.742033321316,0.6706248384987988,4.048303089166667
MUS,1987.0,0.0,0.0,0.0,0,0,0,0,-0.913847305308956,8.89103982665314,0.6706248384987988,4.218014031666667
MUS,1988.0,0.0,0.0,0.0,0,0,0,0,0.11413183239994212,6.79134674767192,0.6706248384987988,4.452901190833333
MUS,1989.0,0.0,0.0,0.0,0,0,0,0,0.2992978402877483,4.46514860724652,0.6706248384987988,4.4047298725
MUS,1990.0,0.0,0.0,0.0,0,0,0,0,0.336413935801063,7.18673677096029,0.6706248384987988,4.3208969375
MUS,1991.0,0.0,0.0,0.0,0,0,0,0,-0.029670080763303124,4.43544626177179,0.6706248384987988,3.9339278958333335
MUS,1992.0,0.0,0.0,0.0,0,0,0,0,-0.2318486756503807,6.51269858283499,0.6706248384987988,3.38244437
MUS,1993.0,0.0,0.0,0.0,0,0,0,0,0.19154212607158677,5.0820629557426,0.6706248384987988,2.7144275875
MUS,1994.0,0.0,0.0,0.0,0,0,0,0,-0.006191587488022091,4.13614286145543,0.6706248384987988,3.5351682466666667
MUS,1995.0,1.0,1.0,0.0,0,0,0,0,-0.10575449716884,4.28773657145238,0.6706248384987988,3.3100514933333334
MUS,1996.0,0.0,0.0,0.0,1,1,0,0,-0.06385007028397825,5.58784392666244,0.6576882359644456,3.1400511850000004
MUS,1997.0,0.0,0.0,0.0,0,0,0,0,-0.042204672880096196,5.68747741886635,0.6446705702404397,3.199334816666666
MUS,1998.0,0.0,0.0,0.0,0,0,0,0,-0.043908182239762415,6.07194017756214,0.6315707455100842,2.626002385
MUS,1999.0,0.0,0.0,0.0,0,0,0,0,-0.03650930093374778,2.61093234413026,0.6183876430812143,2.8869701641666663
MUS,2000.0,0.0,0.0,0.0,0,0,0,0,-0.27799801261164675,8.20279174865273,0.605120120737884,3.1165892308333336
MUS,2001.0,0.0,0.0,0.0,0,0,0,0,-0.16102161562270345,3.34754072731407,0.5917670120688093,2.237447555
MUS,2002.0,0.0,0.0,0.0,0,0,0,0,-0.07418207584578039,1.61491865862433,0.4176000769950434,2.0336032691666666
MUS,2003.0,0.0,0.0,0.0,0,0,0,0,-0.3086774499287417,5.92544548947731,-0.08806558001579876,1.4457960183333334
MUS,2004.0,0.0,0.0,0.0,0,0,0,0,-0.22517884689804324,4.33001985464357,0.44310246142663734,1.7008579225
MUS,2005.0,0.0,0.0,0.0,0,0,0,0,-0.2030446585141804,1.77754302034454,0.6592448870391078,1.8895054916666665
MUS,2006.0,0.0,0.0,0.0,0,0,0,0,0.09917388804098631,4.8655446077553,0.5738276701759919,2.2836022075
MUS,2007.0,0.0,0.0,0.0,0,0,0,0,0.09385174000358748,5.72701615981669,0.4694286447116423,2.0393217333333333
MUS,2008.0,0.0,0.0,0.0,0,0,0,0,0.14781404918688146,5.38696254207251,0.20572093493196653,1.3017102483333334
MUS,2009.0,0.0,0.0,0.0,0,0,0,0,-0.4914288144100385,3.31507699790781,0.22440998978966947,1.0468915
MUS,2010.0,0.0,0.0,0.0,0,0,0,0,-0.43150189158622426,4.37720322344293,0.30756271094372084,0.8691600608333333
MUS,2011.0,0.0,0.0,0.0,0,0,0,0,-0.0660721185828209,4.07753806610333,0.2646329207742942,0.5260605291666667
MUS,2012.0,0.0,0.0,0.0,0,0,0,0,-0.3165060471225747,3.49611836470866,0.2698662830354513,-0.0132494616666666
MUS,2013.0,0.0,0.0,0.0,0,0,0,0,-0.352835007999727,3.36040609974133,0.23826085166973823,0.2878436908333333
MUS,2014.0,0.0,0.0,0.0,0,0,0,0,-0.39353183193047303,3.82696982009337,0.26882069354874616,0.61196865
MUS,2015.0,0.0,0.0,0.0,0,0,0,0,-0.7138093670295602,3.69055690369433,0.25686259630131686,0.5890241975
MYS,1960.0,0.0,0.0,0.0,0,0,0,0,-1.0795856552742291,7.59799400028281,-0.29020993114052296,6.9346889958333335
MYS,1961.0,0.0,0.0,0.0,0,0,0,0,-1.1948155107992808,7.59799400028281,-0.29020993114052296,6.9346889958333335
MYS,1962.0,0.0,0.0,0.0,0,0,0,0,-1.0606122982157713,6.42102960904312,-0.29020993114052296,6.9346889958333335
MYS,1963.0,0.0,0.0,0.0,0,0,0,0,-0.40822027524401816,7.33880352682334,-0.29020993114052296,6.9346889958333335
MYS,1964.0,0.0,0.0,0.0,0,0,0,0,-1.319778877334783,5.35896290971056,-0.29020993114052296,6.9346889958333335
MYS,1965.0,0.0,0.0,0.0,0,0,0,0,-1.1569374452452383,7.68486347467319,-0.29020993114052296,6.9346889958333335
MYS,1966.0,0.0,0.0,0.0,0,0,0,0,-0.7884236586221992,7.81671102618819,-0.29020993114052296,6.9346889958333335
MYS,1967.0,0.0,0.0,0.0,0,0,0,0,-0.2386994855969208,3.85714649161983,-0.29020993114052296,6.9346889958333335
MYS,1968.0,0.0,0.0,0.0,0,0,0,0,-1.183438478467177,7.97799464201174,-0.29020993114052296,6.9346889958333335
MYS,1969.0,0.0,0.0,0.0,0,0,0,0,-1.3235809171867092,4.88853365256124,-0.29020993114052296,6.9346889958333335
MYS,1970.0,0.0,0.0,0.0,0,0,0,0,-0.6026538042119629,5.98653863031986,-0.29020993114052296,6.9346889958333335
MYS,1971.0,0.0,0.0,0.0,0,0,0,0,-0.6461815270701923,10.0346605803438,-0.3890551628250928,6.9346889958333335
MYS,1972.0,0.0,0.0,0.0,0,0,0,0,-0.39174452276223864,9.38844499098961,-0.49324093983040185,6.9346889958333335
MYS,1973.0,0.0,0.0,0.0,0,0,0,0,0.19382452777986853,11.7010816119945,-0.6034261882981939,6.9346889958333335
MYS,1974.0,0.0,0.0,0.0,0,0,0,0,0.4895324913133805,8.31866197361978,-0.7204033134671655,6.9346889958333335
MYS,1975.0,0.0,0.0,0.0,0,0,0,0,-0.2476628673662113,0.801068092192338,-0.8451374234453867,6.9346889958333335
MYS,1976.0,0.0,0.0,0.0,0,0,0,0,-0.4738974912474826,11.5634897772546,-0.9788212524854081,6.9346889958333335
MYS,1977.0,0.0,0.0,0.0,0,0,0,0,-0.21749620212677495,7.75305838033998,-1.1229540397025979,6.9346889958333335
MYS,1978.0,0.0,0.0,0.0,0,0,0,0,-0.21048605466202958,6.65389221500463,-1.2794582040168978,6.9346889958333335
MYS,1979.0,0.0,0.0,0.0,0,0,0,0,-0.33951862334417177,9.34909993075928,-1.4508580457839797,6.9346889958333335
MYS,1980.0,0.0,0.0,0.0,0,0,0,0,-0.05426380186612635,7.44182677934407,-1.6405651372573118,6.9346889958333335
MYS,1981.0,0.0,0.0,0.0,0,0,0,0,0.1459582636473633,6.94210420118173,-1.1991811876484426,6.9346889958333335
MYS,1982.0,0.0,0.0,0.0,0,0,0,0,-0.12342671302999882,5.94315245801018,-0.8445807248221713,6.9346889958333335
MYS,1983.0,0.0,0.0,0.0,0,0,0,0,-0.33364665090546447,6.25223081092673,-0.7017432522947374,5.888257380833333
MYS,1984.0,1.0,1.0,0.0,0,0,0,0,-0.3113689609083168,7.76179012218883,-0.10413762893519657,6.6373992375
MYS,1985.0,1.0,1.0,0.0,1,1,0,0,-0.9706814159829142,-1.02525025342071,0.15102975192548831,5.660392525833333
MYS,1986.0,1.0,1.0,0.0,1,1,0,0,-0.8493876946528519,1.24059492750688,0.43405847556427646,4.048303089166667
MYS,1987.0,1.0,1.0,0.0,1,1,0,0,-0.9906810968988018,5.19193211272702,0.2399590194691024,4.218014031666667
MYS,1988.0,0.0,0.0,0.0,1,1,0,0,-0.4853463442090144,9.93771967651989,0.2250513586786989,4.452901190833333
MYS,1989.0,0.0,0.0,0.0,0,0,0,0,-0.4480711365837846,9.0596008665043,-0.132071754268028,4.4047298725
MYS,1990.0,0.0,0.0,0.0,0,0,0,0,-0.4762398888842063,9.00852713774628,-0.47514861648236345,4.3208969375
MYS,1991.0,0.0,0.0,0.0,0,0,0,0,-0.26109547857276383,9.54546741443052,-2.507442287709946,3.9339278958333335
MYS,1992.0,0.0,0.0,0.0,0,0,0,0,-0.21955920461254397,8.88511797832156,-0.7329469251912041,3.38244437
MYS,1993.0,0.0,0.0,0.0,0,0,0,0,-0.3536478030813846,9.89494333377064,-0.5980476313874177,2.7144275875
MYS,1994.0,0.0,0.0,0.0,0,0,0,0,-0.3312160531298141,9.21204179334867,-0.7611250260433848,3.5351682466666667
MYS,1995.0,0.0,0.0,0.0,0,0,0,0,-0.3641592808050949,9.82908519730812,-0.9397435556436272,3.3100514933333334
MYS,1996.0,1.0,1.0,0.0,0,0,0,0,-0.3594955970562777,10.0027006861844,-1.2039122366109483,3.1400511850000004
MYS,1997.0,1.0,1.0,0.0,1,1,0,0,-0.4696795410609546,7.32274185035924,-1.2357722159358313,3.199334816666666
MYS,1998.0,1.0,1.0,0.0,1,1,0,0,-0.1718244511223803,-7.35941518817556,-0.9203167008671872,2.626002385
MYS,1999.0,1.0,1.0,0.0,1,1,0,0,-0.4578204004691198,6.13761201057692,-0.833481509847351,2.8869701641666663
MYS,2000.0,1.0,1.0,0.0,1,1,0,0,-0.6617011234072273,8.85886816969386,-0.999279687177209,3.1165892308333336
MYS,2001.0,0.0,0.0,0.0,1,1,0,0,-0.6858862995597913,0.517675319192861,-0.7969535278014032,2.237447555
MYS,2002.0,0.0,0.0,0.0,0,0,0,0,-0.6092452817454398,5.39098830692797,-0.8151282589621281,2.0336032691666666
MYS,2003.0,0.0,0.0,0.0,0,0,0,0,-0.7587602012432136,5.7884992858875,-0.7682361408951953,1.4457960183333334
MYS,2004.0,0.0,0.0,0.0,0,0,0,0,-0.6849478685012248,6.78343772370305,-0.7933396781841339,1.7008579225
MYS,2005.0,0.0,0.0,0.0,0,0,0,0,-0.4256694099238437,5.33213916141486,-0.7969535278014032,1.8895054916666665
MYS,2006.0,0.0,0.0,0.0,0,0,0,0,-0.3449029632475904,5.5848470671515,-0.8371739144776611,2.2836022075
MYS,2007.0,0.0,0.0,0.0,0,0,0,0,-0.5702119318665789,6.29878592740947,-0.8782806653669637,2.0393217333333333
MYS,2008.0,0.0,0.0,0.0,0,0,0,0,-0.1564061291605489,4.83176988913097,-0.8669794354359932,1.3017102483333334
MYS,2009.0,0.0,0.0,0.0,0,0,0,0,-0.8939832434972321,-1.51352871598714,-0.7646772135064721,1.0468915
MYS,2010.0,0.0,0.0,0.0,0,0,0,0,-0.6442643106887774,7.42484738326097,-0.8745059552470131,0.8691600608333333
MYS,2011.0,0.0,0.0,0.0,0,0,0,0,-0.3991373628577731,5.29391283414003,-0.9792202247324814,0.5260605291666667
MYS,2012.0,0.0,0.0,0.0,0,0,0,0,-0.6363775395138239,5.47345419253853,-0.9832146993563425,-0.0132494616666666
MYS,2013.0,0.0,0.0,0.0,0,0,0,0,-0.5569878433335618,4.69372252557893,-0.9436535061108242,0.2878436908333333
MYS,2014.0,0.0,0.0,0.0,0,0,0,0,-0.4032519924311575,6.00672194558203,-1.0483333674045516,0.61196865
MYS,2015.0,0.0,0.0,0.0,0,0,0,0,-0.5570926998999575,5.09153242155011,-0.9593764837751357,0.5890241975
NGA,1960.0,0.0,0.0,0.0,0,0,0,0,-0.15608920524965067,0.191795489572229,-0.6542079722468321,6.9346889958333335
NGA,1961.0,0.0,0.0,0.0,0,0,0,0,-0.08536130757985247,0.191795489572229,-0.6542079722468321,6.9346889958333335
NGA,1962.0,0.0,0.0,0.0,0,0,0,0,-0.17225563507497849,4.10299258868014,-0.6542079722468321,6.9346889958333335
NGA,1963.0,0.0,0.0,0.0,0,0,0,0,-3.634559792689415,8.57861891529701,-0.6542079722468321,6.9346889958333335
NGA,1964.0,0.0,0.0,0.0,0,0,0,0,-0.8169460322113966,4.95048866604155,-0.6542079722468321,6.9346889958333335
NGA,1965.0,0.0,0.0,0.0,0,0,0,0,-0.28840019663935496,4.88497683412908,-0.6542079722468321,6.9346889958333335
NGA,1966.0,0.0,0.0,0.0,0,0,0,0,0.14540236827193706,-4.25051418415514,-0.6542079722468321,6.9346889958333335
NGA,1967.0,0.0,0.0,0.0,0,0,0,0,-5.251345588235426,-15.7436282082049,-0.6542079722468321,6.9346889958333335
NGA,1968.0,0.0,0.0,0.0,0,0,0,0,-1.3650645423504797,-1.24836024581224,-0.6542079722468321,6.9346889958333335
NGA,1969.0,0.0,0.0,0.0,0,0,0,0,0.17173153017045842,24.1973839456808,-0.6542079722468321,6.9346889958333335
NGA,1970.0,0.0,0.0,0.0,0,0,0,0,0.3482214172807268,25.0072419293896,-0.6542079722468321,6.9346889958333335
NGA,1971.0,0.0,0.0,0.0,0,0,0,0,0.4399685453631166,14.2375315562508,-0.6542079722468321,6.9346889958333335
NGA,1972.0,0.0,0.0,0.0,0,0,0,0,-0.36328805046425744,3.3642620350363,-0.6542079722468321,6.9346889958333335
NGA,1973.0,0.0,0.0,0.0,0,0,0,0,-0.159823320114561,5.39276048395909,-0.6542079722468321,6.9346889958333335
NGA,1974.0,0.0,0.0,0.0,0,0,0,0,0.2995002979747131,11.1606745454862,-0.6542079722468321,6.9346889958333335
NGA,1975.0,0.0,0.0,0.0,0,0,0,0,0.9353932983275028,-5.22774755532079,-0.6542079722468321,6.9346889958333335
NGA,1976.0,0.0,0.0,0.0,0,0,0,0,0.7072917861156872,9.04235172630207,-0.6542079722468321,6.9346889958333335
NGA,1977.0,0.0,0.0,0.0,0,0,0,0,0.4040239367050923,6.02411784954168,-0.6542079722468321,6.9346889958333335
NGA,1978.0,0.0,0.0,0.0,0,0,0,0,0.6332693188923624,-5.76415839390282,-0.6542079722468321,6.9346889958333335
NGA,1979.0,0.0,0.0,0.0,0,0,0,0,0.2531830460197502,6.75943093519177,-0.6542079722468321,6.9346889958333335
NGA,1980.0,0.0,0.0,0.0,0,0,0,0,0.16145928450139985,4.20483104427292,-0.6542079722468321,6.9346889958333335
NGA,1981.0,0.0,0.0,0.0,0,0,0,0,0.6059433150659164,-13.1278804850514,-0.6542079722468321,6.9346889958333335
NGA,1982.0,0.0,0.0,0.0,0,0,0,0,0.020089795192313388,-6.80338881534801,-0.6542079722468321,6.9346889958333335
NGA,1983.0,0.0,0.0,0.0,0,0,0,0,0.6770554093657394,-10.9240850339388,-0.6542079722468321,5.888257380833333
NGA,1984.0,0.0,0.0,0.0,0,0,0,0,0.5070646364351417,-1.11562321716821,-0.6542079722468321,6.6373992375
NGA,1985.0,0.0,0.0,0.0,0,0,0,0,0.001769764668044108,5.91302745911393,-0.6542079722468321,5.660392525833333
NGA,1986.0,1.0,0.0,1.0,0,0,0,0,-0.13214198088357826,0.0609452742066878,-0.6542079722468321,4.048303089166667
NGA,1987.0,1.0,0.0,1.0,1,0,0,1,0.23208761127392805,3.20012546702944,-0.6564893977211016,4.218014031666667
NGA,1988.0,1.0,0.0,1.0,1,0,0,1,1.2787174190285284,7.33402548758716,-0.6587735789329598,4.452901190833333
NGA,1989.0,1.0,0.0,1.0,1,0,0,1,1.2210858253430676,1.91938129589555,-0.6610605230217665,4.4047298725
NGA,1990.0,1.0,0.0,1.0,1,0,0,1,-0.0032682202786457823,11.7768859342067,-0.6633502371552689,4.3208969375
NGA,1991.0,1.0,1.0,1.0,1,0,0,1,0.31481237262212247,0.358352601660286,-0.6656427285297664,3.9339278958333335
NGA,1992.0,1.0,1.0,1.0,1,1,0,1,1.1298933835328144,4.63119294607692,-0.6679380043702627,3.38244437
NGA,1993.0,1.0,1.0,1.0,1,1,0,1,1.3145851369675134,-2.03511877399139,-0.6702360719306147,2.7144275875
NGA,1994.0,1.0,1.0,0.0,1,1,0,1,1.3128146473353808,-1.81492448525675,-0.6725369384936906,3.5351682466666667
NGA,1995.0,0.0,0.0,0.0,1,1,0,0,1.501286534557098,-0.0726647639378371,-0.6748406113715313,3.3100514933333334
NGA,1996.0,1.0,1.0,0.0,0,0,0,0,0.8325008174390607,4.19592404660108,-0.6771470979054942,3.1400511850000004
NGA,1997.0,0.0,0.0,0.0,1,1,0,0,0.07517387003059654,2.93709941924898,-0.679456405466435,3.199334816666666
NGA,1998.0,0.0,0.0,0.0,0,0,0,0,0.16281617075486035,2.58125410192937,-0.6817685414548434,2.626002385
NGA,1999.0,0.0,0.0,0.0,0,0,0,0,-0.058620410882885055,0.584126892918889,-0.6840835133010165,2.8869701641666663
NGA,2000.0,0.0,0.0,0.0,0,0,0,0,-0.03470507018325994,5.01593475931152,-0.6864013284652245,3.1165892308333336
NGA,2001.0,0.0,0.0,0.0,0,0,0,0,0.5433267340003862,5.91768464920371,-0.6887219944378609,2.237447555
NGA,2002.0,0.0,0.0,0.0,0,0,0,0,0.30884699242189173,15.3291557409559,-0.6910455187396203,2.0336032691666666
NGA,2003.0,1.0,0.0,1.0,0,0,0,0,0.3600884336705137,7.34719496799492,-0.6933719089216527,1.4457960183333334
NGA,2004.0,1.0,0.0,1.0,1,0,0,1,0.40038688012274776,9.2505582291798,-0.6957011725657372,1.7008579225
NGA,2005.0,0.0,0.0,0.0,1,0,0,1,0.5085779397327574,6.43851652538348,-0.6980333172844457,1.8895054916666665
NGA,2006.0,0.0,0.0,0.0,0,0,0,0,0.055509675171577656,6.05942803202906,-0.700368350721317,2.2836022075
NGA,2007.0,0.0,0.0,0.0,0,0,0,0,-0.1611419493366178,6.59113036068679,-0.7027062805510218,2.0393217333333333
NGA,2008.0,1.0,1.0,0.0,0,0,0,0,0.24677697123257047,6.76447277780228,-0.7050471144795307,1.3017102483333334
NGA,2009.0,1.0,1.0,0.0,1,1,0,0,0.29311902870296347,8.03692510099023,-0.707390860244294,1.0468915
NGA,2010.0,1.0,1.0,0.0,1,1,0,0,0.34747953584777536,8.00565591628701,-0.7097375256144175,0.8691600608333333
NGA,2011.0,1.0,1.0,0.0,1,1,0,0,0.2079988070768658,5.30792420289453,-0.7120871183908198,0.5260605291666667
NGA,2012.0,1.0,1.0,0.0,1,1,0,0,0.27825202903319507,4.23006117493223,-0.7223142941834028,-0.0132494616666666
NGA,2013.0,1.0,1.0,0.0,1,1,0,0,0.07298384963182641,6.67133539306167,-0.7325973595265044,0.2878436908333333
NGA,2014.0,0.0,0.0,0.0,1,1,0,0,0.04377067625099193,6.30971865525431,-0.45631858389235824,0.61196865
NGA,2015.0,0.0,0.0,0.0,0,0,0,0,0.10504944358319514,2.65269329543001,-0.5337197008062519,0.5890241975
NIC,1960.0,0.0,0.0,0.0,0,0,0,0,-0.024585311655793664,7.49774339849093,-0.9203167008671872,6.9346889958333335
NIC,1961.0,0.0,0.0,0.0,0,0,0,0,-0.024585311655793664,7.49774339849093,-0.9203167008671872,6.9346889958333335
NIC,1962.0,0.0,0.0,0.0,0,0,0,0,-0.024585311655793664,10.8907983290977,-0.9203167008671872,6.9346889958333335
NIC,1963.0,0.0,0.0,0.0,0,0,0,0,-0.024585311655793664,10.8654792457821,-0.9203167008671872,6.9346889958333335
NIC,1964.0,0.0,0.0,0.0,0,0,0,0,-0.024585311655793664,11.6984790301544,-0.9203167008671872,6.9346889958333335
NIC,1965.0,0.0,0.0,0.0,0,0,0,0,-0.024585311655793664,9.52515582624807,-0.9203167008671872,6.9346889958333335
NIC,1966.0,0.0,0.0,0.0,0,0,0,0,-0.024585311655793664,3.30113639858887,-0.9203167008671872,6.9346889958333335
NIC,1967.0,0.0,0.0,0.0,0,0,0,0,-0.024585311655793664,6.96951382476809,-0.9203167008671872,6.9346889958333335
NIC,1968.0,0.0,0.0,0.0,0,0,0,0,-0.024585311655793664,1.34296005265668,-0.9203167008671872,6.9346889958333335
NIC,1969.0,0.0,0.0,0.0,0,0,0,0,-0.024585311655793664,6.23770390833241,-0.9203167008671872,6.9346889958333335
NIC,1970.0,0.0,0.0,0.0,0,0,0,0,-0.024585311655793664,1.35382659012741,-0.9203167008671872,6.9346889958333335
NIC,1971.0,0.0,0.0,0.0,0,0,0,0,-0.024585311655793664,3.30475650020483,-0.9203167008671872,6.9346889958333335
NIC,1972.0,0.0,0.0,0.0,0,0,0,0,-0.024585311655793664,2.22072289181064,-0.9203167008671872,6.9346889958333335
NIC,1973.0,0.0,0.0,0.0,0,0,0,0,-0.024585311655793664,6.41701397366108,-0.9203167008671872,6.9346889958333335
NIC,1974.0,0.0,0.0,0.0,0,0,0,0,-0.024585311655793664,14.1924250953043,-0.9203167008671872,6.9346889958333335
NIC,1975.0,0.0,0.0,0.0,0,0,0,0,-0.024585311655793664,-0.153246894342743,-0.9203167008671872,6.9346889958333335
NIC,1976.0,0.0,0.0,0.0,0,0,0,0,-0.024585311655793664,5.20945449847707,-0.9203167008671872,6.9346889958333335
NIC,1977.0,0.0,0.0,0.0,0,0,0,0,-0.024585311655793664,8.36848053029937,-0.9203167008671872,6.9346889958333335
NIC,1978.0,1.0,0.0,1.0,0,0,0,0,-0.024585311655793664,-7.83880037064259,-0.9203167008671872,6.9346889958333335
NIC,1979.0,1.0,0.0,1.0,1,0,0,1,-0.024585311655793664,-26.478788867521,-0.9203167008671872,6.9346889958333335
NIC,1980.0,1.0,0.0,1.0,1,0,0,1,-0.024585311655793664,4.6117322795338,-0.9203167008671872,6.9346889958333335
NIC,1981.0,1.0,0.0,1.0,1,0,0,1,-0.024585311655793664,5.36329018938126,-0.9203167008671872,6.9346889958333335
NIC,1982.0,1.0,0.0,1.0,1,0,0,1,-0.024585311655793664,-0.816361918743468,-0.9203167008671872,6.9346889958333335
NIC,1983.0,1.0,0.0,1.0,1,0,0,1,-0.024585311655793664,4.61321162700499,-0.9203167008671872,5.888257380833333
NIC,1984.0,1.0,0.0,1.0,1,0,0,1,-0.024585311655793664,-1.56609391319724,-0.9203167008671872,6.6373992375
NIC,1985.0,1.0,0.0,1.0,1,0,0,1,-0.024585311655793664,-4.08185148731935,-0.9203167008671872,5.660392525833333
NIC,1986.0,1.0,1.0,1.0,1,0,0,1,-0.024585311655793664,-1.01730916120101,-0.41505779976553253,4.048303089166667
NIC,1987.0,1.0,1.0,1.0,1,1,0,1,-0.024585311655793664,-0.706352941499915,-0.11424966638879878,4.218014031666667
NIC,1988.0,1.0,1.0,1.0,1,1,0,1,-0.024585311655793664,-12.4498220367125,-0.06420046955231609,4.452901190833333
NIC,1989.0,1.0,1.0,1.0,1,1,0,1,-0.024585311655793664,-1.73821633052118,0.5041990915356976,4.4047298725
NIC,1990.0,1.0,1.0,1.0,1,1,0,1,-0.024585311655793664,-0.0524997212688305,0.43245075132340866,4.3208969375
NIC,1991.0,1.0,1.0,1.0,1,1,0,1,-0.024585311655793664,-0.189281493926757,0.35809385406383937,3.9339278958333335
NIC,1992.0,1.0,1.0,1.0,1,1,0,1,-0.024585311655793664,0.386346578416166,0.2809164320791586,3.38244437
NIC,1993.0,1.0,1.0,1.0,1,1,0,1,-0.024585311655793664,-0.392936046663081,0.20067890997898372,2.7144275875
NIC,1994.0,1.0,1.0,1.0,1,1,0,1,-0.024585311655793664,3.33772611282539,0.11710902756516299,3.5351682466666667
NIC,1995.0,1.0,1.0,1.0,1,1,0,1,-0.024585311655793664,5.91190793658714,0.02989552935364821,3.3100514933333334
NIC,1996.0,1.0,0.0,1.0,1,1,0,1,-0.024585311655793664,6.3442683605154,-0.06131975939673705,3.1400511850000004
NIC,1997.0,1.0,0.0,1.0,1,0,0,1,-0.024585311655793664,3.96665092760821,-0.1569519949692982,3.199334816666666
NIC,1998.0,1.0,0.0,1.0,1,0,0,1,-0.024585311655793664,3.71168146396694,-0.2574862521441157,2.626002385
NIC,1999.0,1.0,1.0,1.0,1,0,0,1,-0.024585311655793664,7.03597046350201,-0.36349438749456614,2.8869701641666663
NIC,2000.0,1.0,1.0,1.0,1,1,0,1,-0.024585311655793664,4.10159025073438,-0.4756573610130688,3.1165892308333336
NIC,2001.0,1.0,0.0,1.0,1,1,0,1,-0.10935215418746182,2.96084349057273,-0.5947952976446564,2.237447555
NIC,2002.0,1.0,0.0,1.0,1,0,0,1,-0.32827402404274364,0.753938876079573,-0.09910101667084284,2.0336032691666666
NIC,2003.0,1.0,0.0,1.0,1,0,0,1,-0.16889800336766808,2.52073289551447,0.2964510699748998,1.4457960183333334
NIC,2004.0,1.0,0.0,1.0,1,0,0,1,0.07136619883787464,5.31217056950739,0.03460274637266231,1.7008579225
NIC,2005.0,1.0,0.0,1.0,1,0,0,1,0.14012656528909934,4.28239833770654,-0.22637652075431125,1.8895054916666665
NIC,2006.0,1.0,0.0,1.0,1,0,0,1,0.11298002732313647,4.15294559846254,-0.2425457431474728,2.2836022075
NIC,2007.0,1.0,0.0,1.0,1,0,0,1,0.22370009125022336,5.0763520180987,-0.35965813998826823,2.0393217333333333
NIC,2008.0,1.0,0.0,1.0,1,0,0,1,0.5747173832661506,3.43571693608081,-0.015388301792074307,1.3017102483333334
NIC,2009.0,1.0,0.0,1.0,1,0,0,1,-0.3356739143432254,-3.2926651586197,0.40883285111754447,1.0468915
NIC,2010.0,0.0,0.0,0.0,1,0,0,1,-0.15512403969989008,4.41009911716546,0.34336175651299666,0.8691600608333333
NIC,2011.0,0.0,0.0,0.0,0,0,0,0,0.04609557513305191,6.31668553491842,0.06006319627045846,0.5260605291666667
NIC,2012.0,0.0,0.0,0.0,0,0,0,0,-0.015554676139799946,6.4961364710876,-0.2703450421368483,-0.0132494616666666
NIC,2013.0,0.0,0.0,0.0,0,0,0,0,-0.01978228779960271,4.92709413447304,-0.2506809080386729,0.2878436908333333
NIC,2014.0,0.0,0.0,0.0,0,0,0,0,-0.10520464616025227,4.78546013589983,-0.4690541898242924,0.61196865
NIC,2015.0,0.0,0.0,0.0,0,0,0,0,-0.30011448325000945,4.79226768332697,-0.41505779976553253,0.5890241975
NLD,1960.0,0.0,0.0,0.0,0,0,0,0,-0.5211948863370126,0.295546672716625,-0.06420046955231609,6.9346889958333335
NLD,1961.0,0.0,0.0,0.0,0,0,0,0,-0.7091954855434663,0.295546672716625,-0.06420046955231609,6.9346889958333335
NLD,1962.0,0.0,0.0,0.0,0,0,0,0,-0.5044128694476857,6.84350732102845,-0.06420046955231609,6.9346889958333335
NLD,1963.0,0.0,0.0,0.0,0,0,0,0,-0.3901894609147998,3.62462153047385,-0.06420046955231609,6.9346889958333335
NLD,1964.0,0.0,0.0,0.0,0,0,0,0,-0.12301256097167447,8.2749039306044,-0.06420046955231609,6.9346889958333335
NLD,1965.0,0.0,0.0,0.0,0,0,0,0,-0.3101491596265361,8.64309493575048,-0.06420046955231609,6.9346889958333335
NLD,1966.0,0.0,0.0,0.0,0,0,0,0,-0.12827443920358325,2.74110433455468,-0.06420046955231609,6.9346889958333335
NLD,1967.0,0.0,0.0,0.0,0,0,0,0,-0.36357332238685497,5.28001474697683,-0.06420046955231609,6.9346889958333335
NLD,1968.0,0.0,0.0,0.0,0,0,0,0,-0.3317049736713742,6.4161340399009,-0.06420046955231609,6.9346889958333335
NLD,1969.0,0.0,0.0,0.0,0,0,0,0,0.0008100482354859521,6.42944907759069,-0.06420046955231609,6.9346889958333335
NLD,1970.0,0.0,0.0,0.0,0,0,0,0,-0.33780657911550704,6.1401814080279,-0.06420046955231609,6.9346889958333335
NLD,1971.0,0.0,0.0,0.0,0,0,0,0,0.00475852880830151,4.3169803653326,-0.06420046955231609,6.9346889958333335
NLD,1972.0,0.0,0.0,0.0,0,0,0,0,0.02728946792480319,3.53387455994611,-0.06420046955231609,6.9346889958333335
NLD,1973.0,0.0,0.0,0.0,0,0,0,0,0.04209075266626328,5.44422309613472,-0.06420046955231609,6.9346889958333335
NLD,1974.0,0.0,0.0,0.0,0,0,0,0,0.13968087926140904,3.43871774687629,-0.06420046955231609,6.9346889958333335
NLD,1975.0,0.0,0.0,0.0,0,0,0,0,0.17513722649627075,0.0020287557873643,-0.06420046955231609,6.9346889958333335
NLD,1976.0,0.0,0.0,0.0,0,0,0,0,0.09405985947299504,4.45630970254594,-0.0790823050756619,6.9346889958333335
NLD,1977.0,0.0,0.0,0.0,0,0,0,0,-0.07576879442465481,2.52044037565118,-0.09407724780601466,6.9346889958333335
NLD,1978.0,0.0,0.0,0.0,0,0,0,0,-0.2874648958697704,2.696246606415,-0.059264678214942065,6.9346889958333335
NLD,1979.0,0.0,0.0,0.0,0,0,0,0,-0.2779967586571065,2.01416637933245,-0.025054904141314106,6.9346889958333335
NLD,1980.0,0.0,0.0,0.0,0,0,0,0,-0.06677871066040235,1.34191398676504,0.17746735246515596,6.9346889958333335
NLD,1981.0,0.0,0.0,0.0,0,0,0,0,-0.049365851353251174,-0.783611600884143,0.3614272320186492,6.9346889958333335
NLD,1982.0,0.0,0.0,0.0,0,0,0,0,-0.11562654335441858,-1.24075659484494,0.7208265449048388,6.9346889958333335
NLD,1983.0,0.0,0.0,0.0,0,0,0,0,-0.45835332969411435,2.0699579926675,1.027274392013206,5.888257380833333
NLD,1984.0,0.0,0.0,0.0,0,0,0,0,-0.3827850936551709,3.06167906924874,0.9253715038459547,6.6373992375
NLD,1985.0,0.0,0.0,0.0,0,0,0,0,-0.531660747888442,2.58017979341983,0.8183097776580551,5.660392525833333
NLD,1986.0,0.0,0.0,0.0,0,0,0,0,-1.0710473386327208,2.7869758715855,0.77115995289812,4.048303089166667
NLD,1987.0,0.0,0.0,0.0,0,0,0,0,-1.5094081601998137,1.93124842209245,0.7229237091937744,4.218014031666667
NLD,1988.0,0.0,0.0,0.0,0,0,0,0,-0.8491234800994166,3.44121887987075,0.6322714951123212,4.452901190833333
NLD,1989.0,0.0,0.0,0.0,0,0,0,0,-0.7605485632994795,4.42011805714839,0.5123829096741788,4.4047298725
NLD,1990.0,0.0,0.0,0.0,0,0,0,0,-0.5008756667265694,4.18322279220835,0.3110482537747156,4.3208969375
NLD,1991.0,0.0,0.0,0.0,0,0,0,0,-0.4012606151504969,2.43913458059633,0.23038818038437986,3.9339278958333335
NLD,1992.0,0.0,0.0,0.0,0,0,0,0,-0.3979515529965215,1.70607086906817,-0.17734757620302583,3.38244437
NLD,1993.0,0.0,0.0,0.0,0,0,0,0,-0.48121859005874495,1.2575522529669,0.005475215514679919,2.7144275875
NLD,1994.0,0.0,0.0,0.0,0,0,0,0,-0.4497187740977032,2.96109249092605,0.20334555370317997,3.5351682466666667
NLD,1995.0,0.0,0.0,0.0,0,0,0,0,-0.5884140070748336,3.11603588982837,0.20291336491129638,3.3100514933333334
NLD,1996.0,0.0,0.0,0.0,0,0,0,0,-0.5837913277248017,3.42057733811352,0.037186974990912856,3.1400511850000004
NLD,1997.0,0.0,0.0,0.0,0,0,0,0,-0.5562752604858119,4.24847954297027,-0.18889762370974814,3.199334816666666
NLD,1998.0,0.0,0.0,0.0,0,0,0,0,-0.5820733049814627,4.64778462461781,-0.507776835700507,2.626002385
NLD,1999.0,0.0,0.0,0.0,0,0,0,0,-0.5482649274490978,5.04332136430241,-0.763966237695203,2.8869701641666663
NLD,2000.0,0.0,0.0,0.0,0,0,0,0,-0.5154153072574706,4.2197537762102,-1.1136997336230356,3.1165892308333336
NLD,2001.0,0.0,0.0,0.0,0,0,0,0,-0.2826933351136189,2.32357570819386,-1.3945545775455488,2.237447555
NLD,2002.0,0.0,0.0,0.0,0,0,0,0,-0.3845785549405887,0.245785659129112,-1.188637140982222,2.0336032691666666
NLD,2003.0,0.0,0.0,0.0,0,0,0,0,-0.5591837350473596,0.097832364227159,-0.7743018633683845,1.4457960183333334
NLD,2004.0,0.0,0.0,0.0,0,0,0,0,-0.7188618289622053,2.01630996216733,-0.4310980323660123,1.7008579225
NLD,2005.0,0.0,0.0,0.0,0,0,0,0,-0.6316711353153439,2.03396336199143,-0.09608521863352058,1.8895054916666665
NLD,2006.0,0.0,0.0,0.0,0,0,0,0,-0.7559587120664809,3.53737509680782,-0.3263173866265922,2.2836022075
NLD,2007.0,1.0,1.0,0.0,0,0,0,0,-0.6460206206166142,3.88530644801823,-0.5841019222852545,2.0393217333333333
NLD,2008.0,1.0,1.0,0.0,1,1,0,0,-0.4959191468984819,2.11681593642137,-0.7512145259905387,1.3017102483333334
NLD,2009.0,1.0,1.0,0.0,1,1,0,0,-0.7354663412774272,-3.66529049145096,-0.5208605148330148,1.0468915
NLD,2010.0,1.0,1.0,0.0,1,1,0,0,-0.7162843846285171,1.31932032302214,-0.330843057322505,0.8691600608333333
NLD,2011.0,1.0,1.0,0.0,1,1,0,0,-0.5184819921335375,1.77334516269423,-0.33481171058428394,0.5260605291666667
NLD,2012.0,1.0,1.0,0.0,1,1,0,0,-0.500652164829625,-0.977876877747732,-0.10893437102042645,-0.0132494616666666
NLD,2013.0,1.0,1.0,0.0,1,1,0,0,-0.492820340819559,-0.0302325600539604,0.22098590511986674,0.2878436908333333
NLD,2014.0,0.0,0.0,0.0,1,1,0,0,-0.786409159325081,1.61261001294011,0.2587554266243345,0.61196865
NLD,2015.0,0.0,0.0,0.0,0,0,0,0,-0.8888882523471602,2.12060523860846,0.14035639050202056,0.5890241975
NOR,1960.0,0.0,0.0,0.0,0,0,0,0,-0.9658226505511067,6.27333551040714,-1.635385029540341,6.9346889958333335
NOR,1961.0,0.0,0.0,0.0,0,0,0,0,-0.5485981008314286,6.27333551040714,-1.635385029540341,6.9346889958333335
NOR,1962.0,0.0,0.0,0.0,0,0,0,0,-0.17146600337473872,2.81394513844555,-1.635385029540341,6.9346889958333335
NOR,1963.0,0.0,0.0,0.0,0,0,0,0,-0.49819152711534154,3.78504308366054,-1.635385029540341,6.9346889958333335
NOR,1964.0,0.0,0.0,0.0,0,0,0,0,-0.11934463595407946,5.0096509866239,-1.635385029540341,6.9346889958333335
NOR,1965.0,0.0,0.0,0.0,0,0,0,0,-0.2792983262069835,5.28560880055215,-1.635385029540341,6.9346889958333335
NOR,1966.0,0.0,0.0,0.0,0,0,0,0,-0.38930186208497314,3.78651325489732,-1.635385029540341,6.9346889958333335
NOR,1967.0,0.0,0.0,0.0,0,0,0,0,-0.23832385422312127,6.25607900635556,-1.635385029540341,6.9346889958333335
NOR,1968.0,0.0,0.0,0.0,0,0,0,0,-0.36444054300419054,2.25987552819265,-1.635385029540341,6.9346889958333335
NOR,1969.0,0.0,0.0,0.0,0,0,0,0,-0.42731924387501885,4.50461145559137,-1.635385029540341,6.9346889958333335
NOR,1970.0,0.0,0.0,0.0,0,0,0,0,0.1979587121824526,1.94330050548342,-1.635385029540341,6.9346889958333335
NOR,1971.0,0.0,0.0,0.0,0,0,0,0,-0.08982138087426379,5.67361123845754,-1.635385029540341,6.9346889958333335
NOR,1972.0,0.0,0.0,0.0,0,0,0,0,-0.010862573375797002,5.33060484229561,-1.635385029540341,6.9346889958333335
NOR,1973.0,0.0,0.0,0.0,0,0,0,0,0.0006458484210800945,4.53293389868854,-1.7057478054708877,6.9346889958333335
NOR,1974.0,0.0,0.0,0.0,0,0,0,0,0.1291704555286003,3.92218177458818,-1.7481435245020602,6.9346889958333335
NOR,1975.0,0.0,0.0,0.0,0,0,0,0,0.2521657256076861,4.95210299779964,-1.3107763020362817,6.9346889958333335
NOR,1976.0,0.0,0.0,0.0,0,0,0,0,0.1142617896676315,5.82553393357199,-1.5844082106411277,6.9346889958333335
NOR,1977.0,0.0,0.0,0.0,0,0,0,0,0.11078382771221286,4.1607148004549,-1.7604490398829518,6.9346889958333335
NOR,1978.0,0.0,0.0,0.0,0,0,0,0,0.051336855280417544,3.86935443104663,-1.5622178062906473,6.9346889958333335
NOR,1979.0,0.0,0.0,0.0,0,0,0,0,-0.245405767078643,4.37250649718715,-1.4604608865135507,6.9346889958333335
NOR,1980.0,0.0,0.0,0.0,0,0,0,0,0.21076528181357557,4.56424295324047,-1.6469172577062285,6.9346889958333335
NOR,1981.0,0.0,0.0,0.0,0,0,0,0,0.34323511099102805,1.59834395257764,-1.4397627467721579,6.9346889958333335
NOR,1982.0,0.0,0.0,0.0,0,0,0,0,0.2346692832885757,0.235322458035654,-1.6182277441802975,6.9346889958333335
NOR,1983.0,0.0,0.0,0.0,0,0,0,0,0.07104831581810436,3.97300737987926,-1.4346256178725592,5.888257380833333
NOR,1984.0,0.0,0.0,0.0,0,0,0,0,-0.09027393420458758,6.05238132229337,-1.040066307095482,6.6373992375
NOR,1985.0,0.0,0.0,0.0,0,0,0,0,-0.1323400331802194,5.55340495751861,-1.2964732325104182,5.660392525833333
NOR,1986.0,1.0,1.0,0.0,0,0,0,0,-0.0167935412593804,4.04211219801826,-1.5677392515003659,4.048303089166667
NOR,1987.0,1.0,1.0,0.0,1,1,0,0,0.08698629655810526,1.75355822215437,-1.4397627467721579,4.218014031666667
NOR,1988.0,1.0,1.0,0.0,1,1,0,0,-0.05415272542552219,-0.255186919919623,-0.9912296941847634,4.452901190833333
NOR,1989.0,1.0,1.0,0.0,1,1,0,0,-0.24168771139964218,1.03825236584341,-0.37698155584794196,4.4047298725
NOR,1990.0,1.0,1.0,0.0,1,1,0,0,-0.2853897386452831,1.93229130670601,-0.2390310201663304,4.3208969375
NOR,1991.0,1.0,1.0,0.0,1,1,0,0,-0.3656866393057198,3.08443862114596,-0.17787110324244357,3.9339278958333335
NOR,1992.0,1.0,1.0,0.0,1,1,0,0,-0.520537767479908,3.5744589537378,-0.061484258282009485,3.38244437
NOR,1993.0,0.0,0.0,0.0,1,1,0,0,-0.5268849865951115,2.8451826884301,-0.05041120528113902,2.7144275875
NOR,1994.0,0.0,0.0,0.0,0,0,0,0,-0.6945563956456665,5.0552739968782,-0.19866319424975912,3.5351682466666667
NOR,1995.0,0.0,0.0,0.0,0,0,0,0,-0.49991273819943916,4.1556430062232,0.010240571549983401,3.3100514933333334
NOR,1996.0,0.0,0.0,0.0,0,0,0,0,-0.719108916731569,5.02791307591366,-0.31814144853010834,3.1400511850000004
NOR,1997.0,0.0,0.0,0.0,0,0,0,0,-0.48379077383026975,5.28460660979037,-0.4189071354792245,3.199334816666666
NOR,1998.0,0.0,0.0,0.0,0,0,0,0,-0.5326583082518016,2.66868660973638,-0.7235313840399724,2.626002385
NOR,1999.0,0.0,0.0,0.0,0,0,0,0,-0.5145596439058381,2.0720471690145,-0.9022392621994365,2.8869701641666663
NOR,2000.0,0.0,0.0,0.0,0,0,0,0,-0.4108359769987206,3.31894570142394,-0.8231814739266899,3.1165892308333336
NOR,2001.0,0.0,0.0,0.0,0,0,0,0,-0.42172286183180885,2.06713043546189,-0.7231835637407678,2.237447555
NOR,2002.0,0.0,0.0,0.0,0,0,0,0,-0.7137708031677585,1.37755702173065,-0.6269110481093935,2.0336032691666666
NOR,2003.0,0.0,0.0,0.0,0,0,0,0,-0.495717585658904,0.944909363247831,-0.5622548841053715,1.4457960183333334
NOR,2004.0,0.0,0.0,0.0,0,0,0,0,-0.9343529608618164,4.01458802387079,-0.5511070560959739,1.7008579225
NOR,2005.0,0.0,0.0,0.0,0,0,0,0,-0.6622249086678008,2.68512290339085,-0.5118169836331118,1.8895054916666665
NOR,2006.0,0.0,0.0,0.0,0,0,0,0,-0.5203372281879809,2.46147311635166,-0.8456942883565252,2.2836022075
NOR,2007.0,0.0,0.0,0.0,0,0,0,0,-0.8562366858894825,2.91404000653228,-1.2161347846625157,2.0393217333333333
NOR,2008.0,0.0,0.0,0.0,0,0,0,0,-0.32783673481864395,0.481919549757933,-1.2034611284250392,1.3017102483333334
NOR,2009.0,0.0,0.0,0.0,0,0,0,0,-0.5416268403251778,-1.94036472596633,-0.9593764837751357,1.0468915
NOR,2010.0,0.0,0.0,0.0,0,0,0,0,-0.5063025217155053,0.787051861494078,-0.7980390450591187,0.8691600608333333
NOR,2011.0,0.0,0.0,0.0,0,0,0,0,-0.714160498273465,1.10565603382983,-0.9218633745707439,0.5260605291666667
NOR,2012.0,0.0,0.0,0.0,0,0,0,0,-0.8606931339701844,2.71795924894734,-0.9479640162437143,-0.0132494616666666
NOR,2013.0,0.0,0.0,0.0,0,0,0,0,-0.5543872414399448,1.01619084044641,-0.8353267986906991,0.2878436908333333
NOR,2014.0,0.0,0.0,0.0,0,0,0,0,-0.5677464111487165,2.04813200438943,-0.8129379389810594,0.61196865
NOR,2015.0,0.0,0.0,0.0,0,0,0,0,-0.5459522909399214,1.85733971623901,-0.5384460096861117,0.5890241975
NZL,1960.0,0.0,0.0,0.0,0,0,0,0,-0.8603901495858185,3.31564965480375,-0.5734683529044462,6.9346889958333335
NZL,1961.0,0.0,0.0,0.0,0,0,0,0,-0.6111170366702068,3.31564965480375,-0.5734683529044462,6.9346889958333335
NZL,1962.0,0.0,0.0,0.0,0,0,0,0,-0.46700888200912477,3.08087345285611,-0.5734683529044462,6.9346889958333335
NZL,1963.0,0.0,0.0,0.0,0,0,0,0,-0.5804314719785143,6.1021173586868,-0.5734683529044462,6.9346889958333335
NZL,1964.0,0.0,0.0,0.0,0,0,0,0,-0.3611680631277444,6.10328462223218,-0.5734683529044462,6.9346889958333335
NZL,1965.0,0.0,0.0,0.0,0,0,0,0,-0.370735257405271,6.11173186378382,-0.5734683529044462,6.9346889958333335
NZL,1966.0,0.0,0.0,0.0,0,0,0,0,-0.45625912779244276,6.24846226221023,-0.5734683529044462,6.9346889958333335
NZL,1967.0,0.0,0.0,0.0,0,0,0,0,-0.10347177462835937,-4.58942404013791,-0.5734683529044462,6.9346889958333335
NZL,1968.0,0.0,0.0,0.0,0,0,0,0,-0.26598204577386836,-0.0488485286226563,-0.5734683529044462,6.9346889958333335
NZL,1969.0,0.0,0.0,0.0,0,0,0,0,-0.20419028164789246,10.194671898837,-0.5734683529044462,6.9346889958333335
NZL,1970.0,0.0,0.0,0.0,0,0,0,0,-0.06648732450626875,-1.39760759972312,-0.5734683529044462,6.9346889958333335
NZL,1971.0,0.0,0.0,0.0,0,0,0,0,0.18447331034670908,3.78545794493455,-0.5734683529044462,6.9346889958333335
NZL,1972.0,0.0,0.0,0.0,0,0,0,0,-0.03474145474450892,5.11910876628924,-0.5734683529044462,6.9346889958333335
NZL,1973.0,0.0,0.0,0.0,0,0,0,0,0.05166592484651966,7.80027772802192,-0.5734683529044462,6.9346889958333335
NZL,1974.0,0.0,0.0,0.0,0,0,0,0,0.22279423100106258,5.99344084900848,-0.5734683529044462,6.9346889958333335
NZL,1975.0,0.0,0.0,0.0,0,0,0,0,0.38756773142107037,-1.73168330378346,-0.5734683529044462,6.9346889958333335
NZL,1976.0,0.0,0.0,0.0,0,0,0,0,0.47414790082088415,0.928812368981127,-0.5734683529044462,6.9346889958333335
NZL,1977.0,0.0,0.0,0.0,0,0,0,0,0.37501268539163274,-3.93633757968402,-0.5734683529044462,6.9346889958333335
NZL,1978.0,0.0,0.0,0.0,0,0,0,0,0.2653201555763053,0.31856336907461,-0.5734683529044462,6.9346889958333335
NZL,1979.0,0.0,0.0,0.0,0,0,0,0,0.34571387774256435,2.19177430217911,-0.5734683529044462,6.9346889958333335
NZL,1980.0,0.0,0.0,0.0,0,0,0,0,0.48306719973945184,1.2842522054453,-0.5734683529044462,6.9346889958333335
NZL,1981.0,0.0,0.0,0.0,0,0,0,0,0.4153449364409103,4.65565399428766,-0.5734683529044462,6.9346889958333335
NZL,1982.0,0.0,0.0,0.0,0,0,0,0,0.4462811785893838,0.929683828408145,-0.5734683529044462,6.9346889958333335
NZL,1983.0,0.0,0.0,0.0,0,0,0,0,-0.004932660635562532,3.49152501258526,-0.5734683529044462,5.888257380833333
NZL,1984.0,0.0,0.0,0.0,0,0,0,0,-0.09409329947961431,4.79269943541195,-0.5734683529044462,6.6373992375
NZL,1985.0,0.0,0.0,0.0,0,0,0,0,0.41723280846406124,1.61533460118027,-0.5734683529044462,5.660392525833333
NZL,1986.0,1.0,1.0,0.0,0,0,0,0,0.324158280004567,2.70564214390055,-0.5734683529044462,4.048303089166667
NZL,1987.0,1.0,1.0,0.0,1,1,0,0,0.4300894276406776,0.970838684961976,-0.564492300163429,4.218014031666667
NZL,1988.0,1.0,1.0,0.0,1,1,0,0,-0.07767769219674188,-0.353677478990647,-0.12186793734000119,4.452901190833333
NZL,1989.0,1.0,1.0,0.0,1,1,0,0,-0.1322419909422265,0.161414613910125,0.23464749297185736,4.4047298725
NZL,1990.0,0.0,0.0,0.0,1,1,0,0,-0.100050514215616,0.153140653942785,0.3715935949202185,4.3208969375
NZL,1991.0,0.0,0.0,0.0,0,0,0,0,-0.4785168764166039,-1.09079322533503,0.839194436661489,3.9339278958333335
NZL,1992.0,0.0,0.0,0.0,0,0,0,0,-0.7768848145869222,1.09383475591748,0.8490069221958396,3.38244437
NZL,1993.0,0.0,0.0,0.0,0,0,0,0,-0.7134452913853471,6.39152850429893,0.7062560975273985,2.7144275875
NZL,1994.0,0.0,0.0,0.0,0,0,0,0,-0.6208436623630801,5.11924841488023,0.4478968602793679,3.5351682466666667
NZL,1995.0,0.0,0.0,0.0,0,0,0,0,-0.32771881634045724,4.72208114777668,0.04678963896605131,3.3100514933333334
NZL,1996.0,0.0,0.0,0.0,0,0,0,0,-0.5272947698116223,3.61187886151062,0.008097576730764047,3.1400511850000004
NZL,1997.0,0.0,0.0,0.0,0,0,0,0,-0.7360660873213616,2.07927288651346,0.13499831977296214,3.199334816666666
NZL,1998.0,0.0,0.0,0.0,0,0,0,0,-0.7185081454107292,0.858406352198429,0.32187666462966974,2.626002385
NZL,1999.0,0.0,0.0,0.0,0,0,0,0,-1.1612656419378105,5.37772890780957,0.17637270731618843,2.8869701641666663
NZL,2000.0,0.0,0.0,0.0,0,0,0,0,-0.4766185881495356,2.87005108790095,-0.03039171238843125,3.1165892308333336
NZL,2001.0,0.0,0.0,0.0,0,0,0,0,-0.4750587377697941,3.41099312247906,-0.20555477062212993,2.237447555
NZL,2002.0,0.0,0.0,0.0,0,0,0,0,-0.4675556895636178,4.71347767117496,-0.24932268701430876,2.0336032691666666
NZL,2003.0,0.0,0.0,0.0,0,0,0,0,-0.6193094893601828,4.72804204913962,-0.4000304250792058,1.4457960183333334
NZL,2004.0,0.0,0.0,0.0,0,0,0,0,-0.5265678219561477,4.08796484025709,-0.630218952175482,1.7008579225
NZL,2005.0,0.0,0.0,0.0,0,0,0,0,-0.4173046949947732,3.35292760405062,-0.6976215526454428,1.8895054916666665
NZL,2006.0,0.0,0.0,0.0,0,0,0,0,-0.37474363305962166,2.77978059105617,-0.6839472598518008,2.2836022075
NZL,2007.0,0.0,0.0,0.0,0,0,0,0,-0.5129637843693788,3.05641638984955,-0.7696616051729678,2.0393217333333333
NZL,2008.0,0.0,0.0,0.0,0,0,0,0,-0.3044116695411446,-1.01703846933975,-0.6213008269515211,1.3017102483333334
NZL,2009.0,0.0,0.0,0.0,0,0,0,0,-0.555198642273265,-0.0374661120713,-0.09734124022407267,1.0468915
NZL,2010.0,0.0,0.0,0.0,0,0,0,0,-0.5246848059637589,1.45863634911349,-0.0132197995117806,0.8691600608333333
NZL,2011.0,0.0,0.0,0.0,0,0,0,0,-0.2967214736795758,2.09349621669912,-0.05557091004129342,0.5260605291666667
NZL,2012.0,0.0,0.0,0.0,0,0,0,0,-0.7658729856051737,2.36630664656174,0.05262226840820084,-0.0132494616666666
NZL,2013.0,0.0,0.0,0.0,0,0,0,0,-0.7482304466174358,2.58954199031598,-0.10363338775024801,0.2878436908333333
NZL,2014.0,0.0,0.0,0.0,0,0,0,0,-0.7269255858188052,3.82638491760299,-0.21034013233335644,0.61196865
NZL,2015.0,0.0,0.0,0.0,0,0,0,0,-0.9897085782646043,3.69036908387233,-0.2159379046042886,0.5890241975
PAN,1960.0,0.0,0.0,0.0,0,0,0,0,-1.0847362500427458,10.926594841623,0.19055680276884043,6.9346889958333335
PAN,1961.0,0.0,0.0,0.0,0,0,0,0,-0.8848426390000487,10.926594841623,0.19055680276884043,6.9346889958333335
PAN,1962.0,0.0,0.0,0.0,0,0,0,0,-0.8353458895381414,8.24473681997463,0.19055680276884043,6.9346889958333335
PAN,1963.0,0.0,0.0,0.0,0,0,0,0,-0.9358547732457689,8.53878879939805,0.19055680276884043,6.9346889958333335
PAN,1964.0,0.0,0.0,0.0,0,0,0,0,-0.5071351336827145,4.43213036829097,0.19055680276884043,6.9346889958333335
PAN,1965.0,0.0,0.0,0.0,0,0,0,0,-0.9320437565073247,9.16003626205379,0.19055680276884043,6.9346889958333335
PAN,1966.0,0.0,0.0,0.0,0,0,0,0,-1.0267142404805085,7.58140188284906,0.19055680276884043,6.9346889958333335
PAN,1967.0,0.0,0.0,0.0,0,0,0,0,-0.6945267243922876,8.55293117898977,0.19055680276884043,6.9346889958333335
PAN,1968.0,0.0,0.0,0.0,0,0,0,0,-0.645006664552055,6.97738862373494,0.19055680276884043,6.9346889958333335
PAN,1969.0,0.0,0.0,0.0,0,0,0,0,-0.6056389796251869,8.44138916877408,0.19055680276884043,6.9346889958333335
PAN,1970.0,0.0,0.0,0.0,0,0,0,0,-0.4111295361613247,6.95922610779934,0.19055680276884043,6.9346889958333335
PAN,1971.0,0.0,0.0,0.0,0,0,0,0,-0.5890492223652362,9.61613757840476,0.2964510699748998,6.9346889958333335
PAN,1972.0,0.0,0.0,0.0,0,0,0,0,-0.15920484284895808,4.58281250525241,0.12199016447700517,6.9346889958333335
PAN,1973.0,0.0,0.0,0.0,0,0,0,0,-0.04046499711507813,5.36431021720534,0.16649396500879152,6.9346889958333335
PAN,1974.0,0.0,0.0,0.0,0,0,0,0,0.4502573436724484,2.44831956246551,-0.11424966638879878,6.9346889958333335
PAN,1975.0,0.0,0.0,0.0,0,0,0,0,-0.11815935830316968,1.74091944012658,0.03460274637266231,6.9346889958333335
PAN,1976.0,0.0,0.0,0.0,0,0,0,0,-0.3054165071272017,1.66446135972971,0.09480521276100883,6.9346889958333335
PAN,1977.0,0.0,0.0,0.0,0,0,0,0,-0.23768929777289427,1.0940258905988,0.5172035397166602,6.9346889958333335
PAN,1978.0,0.0,0.0,0.0,0,0,0,0,-0.277865262214294,9.79264391816659,0.38921427727053465,6.9346889958333335
PAN,1979.0,0.0,0.0,0.0,0,0,0,0,0.03985856090046252,4.51475107985127,0.5264423604160448,6.9346889958333335
PAN,1980.0,0.0,0.0,0.0,0,0,0,0,0.3504312645014702,13.0844817290489,0.5035777759159483,6.9346889958333335
PAN,1981.0,0.0,0.0,0.0,0,0,0,0,-0.007706644605031103,9.20680945357908,0.4804560016208267,6.9346889958333335
PAN,1982.0,1.0,0.0,1.0,0,0,0,0,-0.27249941253543974,5.34845643837734,0.4570707604842865,6.9346889958333335
PAN,1983.0,1.0,0.0,1.0,1,0,0,1,-0.5573536207653088,-4.49136434642946,0.6911574626214926,5.888257380833333
PAN,1984.0,1.0,0.0,1.0,1,0,0,1,-0.652157335549148,2.70947377305887,0.7532222026131401,6.6373992375
PAN,1985.0,1.0,0.0,1.0,1,0,0,1,-0.7739358694528966,4.94223365153981,1.0970960080976502,5.660392525833333
PAN,1986.0,1.0,0.0,1.0,1,0,0,1,-1.1380276677437517,3.56778822819052,0.8263055304971212,4.048303089166667
PAN,1987.0,1.0,1.0,1.0,1,0,0,1,-0.7813488824942298,-1.80905548139501,1.025677176921375,4.218014031666667
PAN,1988.0,1.0,1.0,1.0,1,1,0,1,-0.9662610797169883,-13.3798437826627,1.5955157491494252,4.452901190833333
PAN,1989.0,1.0,0.0,1.0,1,1,0,1,-1.0219484554524827,1.56224700549564,1.5932804852878666,4.4047298725
PAN,1990.0,1.0,0.0,1.0,1,0,0,1,-0.8404034888862987,8.09899300573224,0.9905270650591688,4.3208969375
PAN,1991.0,1.0,0.0,1.0,1,0,0,1,-0.7205008466089975,9.41900577743102,1.571931916532365,3.9339278958333335
PAN,1992.0,1.0,0.0,1.0,1,0,0,1,-0.6061931805946088,8.20168016089661,1.4018043522027872,3.38244437
PAN,1993.0,1.0,0.0,1.0,1,0,0,1,-0.9345378751316027,5.45574435675844,1.2225919657557127,2.7144275875
PAN,1994.0,1.0,0.0,1.0,1,0,0,1,-0.7178026682333346,2.85014710063089,1.3184886213059472,3.5351682466666667
PAN,1995.0,1.0,0.0,1.0,1,0,0,1,-0.781896740690432,1.75167879322248,1.3197558923922645,3.3100514933333334
PAN,1996.0,0.0,0.0,0.0,1,0,0,1,-0.7206217757127646,4.07970276668888,1.3586791767263862,3.1400511850000004
PAN,1997.0,0.0,0.0,0.0,0,0,0,0,-0.7055652717770697,7.70904005690254,1.2371187243514086,3.199334816666666
PAN,1998.0,0.0,0.0,0.0,0,0,0,0,-0.901352900462075,8.38747203278514,1.321022424296864,2.626002385
PAN,1999.0,0.0,0.0,0.0,0,0,0,0,-0.7225216023269654,5.21164589070221,1.0125638504109584,2.8869701641666663
PAN,2000.0,0.0,0.0,0.0,0,0,0,0,-0.6689320927758292,4.2090057360153,1.2580756630529308,3.1165892308333336
PAN,2001.0,0.0,0.0,0.0,0,0,0,0,-0.9845601655456109,0.949907875683692,1.40667908970351,2.237447555
PAN,2002.0,0.0,0.0,0.0,0,0,0,0,-0.779028984251961,2.50884408826073,1.3323880999518154,2.0336032691666666
PAN,2003.0,0.0,0.0,0.0,0,0,0,0,-0.9551830615611687,5.09686013628365,1.26977528583309,1.4457960183333334
PAN,2004.0,0.0,0.0,0.0,0,0,0,0,-0.9278141517613259,8.1756535098435,1.1110977685420016,1.7008579225
PAN,2005.0,0.0,0.0,0.0,0,0,0,0,-0.4420852489210701,8.27618322400723,0.7941381706646823,1.8895054916666665
PAN,2006.0,0.0,0.0,0.0,0,0,0,0,-0.5002921968211206,9.8572387394466,0.5864015384308686,2.2836022075
PAN,2007.0,0.0,0.0,0.0,0,0,0,0,-0.28130737539742967,13.1530653136012,0.11973881141213354,2.0393217333333333
PAN,2008.0,0.0,0.0,0.0,0,0,0,0,0.08958703649590573,10.197432548532,-0.36599203802976393,1.3017102483333334
PAN,2009.0,0.0,0.0,0.0,0,0,0,0,-0.5078309468782138,1.61186417596689,0.0695564599399542,1.0468915
PAN,2010.0,0.0,0.0,0.0,0,0,0,0,-0.35916182066164626,6.07339340909564,-0.10615588577218792,0.8691600608333333
PAN,2011.0,0.0,0.0,0.0,0,0,0,0,-0.11860182995781321,11.9088772241134,-0.6602530503515747,0.5260605291666667
PAN,2012.0,0.0,0.0,0.0,0,0,0,0,-0.13377794453848105,9.62729355007232,-0.7315490522951577,-0.0132494616666666
PAN,2013.0,0.0,0.0,0.0,0,0,0,0,-0.29680426144755523,6.32435373509259,-0.725271450700603,0.2878436908333333
PAN,2014.0,0.0,0.0,0.0,0,0,0,0,-0.47495411706927265,4.62581384604574,-0.4923168549635111,0.61196865
PAN,2015.0,0.0,0.0,0.0,0,0,0,0,-1.048784255251829,5.26691726402875,-0.505294827297451,0.5890241975
PER,1960.0,0.0,0.0,0.0,0,0,0,0,0.08368755751485608,7.34709633145569,-0.08906625239691707,6.9346889958333335
PER,1961.0,0.0,0.0,0.0,0,0,0,0,-0.11515463499367196,7.34709633145569,-0.08906625239691707,6.9346889958333335
PER,1962.0,0.0,0.0,0.0,0,0,0,0,-0.05686659244658502,10.0352933342212,-0.08906625239691707,6.9346889958333335
PER,1963.0,0.0,0.0,0.0,0,0,0,0,-0.10238034339596593,4.32824981844591,-0.08906625239691707,6.9346889958333335
PER,1964.0,0.0,0.0,0.0,0,0,0,0,0.15125039150536015,6.54786765047102,-0.08906625239691707,6.9346889958333335
PER,1965.0,0.0,0.0,0.0,0,0,0,0,0.45487471850106165,5.62173344947736,-0.08906625239691707,6.9346889958333335
PER,1966.0,0.0,0.0,0.0,0,0,0,0,0.09467614637379383,8.2389204457594,-0.08906625239691707,6.9346889958333335
PER,1967.0,0.0,0.0,0.0,0,0,0,0,0.15075417685006226,3.85256440782895,-0.08906625239691707,6.9346889958333335
PER,1968.0,1.0,0.0,1.0,0,0,0,0,0.5504566306274637,0.152237710931757,-0.08906625239691707,6.9346889958333335
PER,1969.0,0.0,0.0,0.0,1,0,0,1,-0.0888269328186735,3.51445891251396,-0.08906625239691707,6.9346889958333335
PER,1970.0,0.0,0.0,0.0,0,0,0,0,-0.19464739006913936,3.36594600332614,-0.3740835094215136,6.9346889958333335
PER,1971.0,0.0,0.0,0.0,0,0,0,0,-0.04543428748651397,4.59053992759885,-0.4539023081662622,6.9346889958333335
PER,1972.0,0.0,0.0,0.0,0,0,0,0,-0.013658239029692027,3.47753512310473,-0.5059150274585937,6.9346889958333335
PER,1973.0,0.0,0.0,0.0,0,0,0,0,0.13371091994731155,6.27693475562022,-0.5593820633896163,6.9346889958333335
PER,1974.0,0.0,0.0,0.0,0,0,0,0,0.47358843491612096,9.38683491938303,-0.6341960752935942,6.9346889958333335
PER,1975.0,1.0,0.0,1.0,0,0,0,0,0.6884885138538034,4.30086316548426,-0.35105431367107964,6.9346889958333335
PER,1976.0,0.0,0.0,0.0,1,0,0,1,0.9254270937846086,1.44711099517411,-0.2725422582485592,6.9346889958333335
PER,1977.0,1.0,0.0,1.0,0,0,0,0,1.015654639786655,0.349063699303812,-0.10918715513175711,6.9346889958333335
PER,1978.0,0.0,0.0,0.0,1,0,0,1,1.3235923336772983,-2.64250297882154,0.05564849814795221,6.9346889958333335
PER,1979.0,1.0,0.0,1.0,0,0,0,0,1.4326423255095062,4.09075057410003,0.19490108606023043,6.9346889958333335
PER,1980.0,0.0,0.0,0.0,1,0,0,1,1.3404276184728194,5.94333539830841,0.16208776455885615,6.9346889958333335
PER,1981.0,0.0,0.0,0.0,0,0,0,0,1.528841031553619,5.55204181484046,0.11748492264845055,6.9346889958333335
PER,1982.0,1.0,1.0,1.0,0,0,0,0,1.4061782613752203,-0.2227234441863,0.1642920736842005,6.9346889958333335
PER,1983.0,1.0,1.0,1.0,1,1,0,1,1.8429735424617664,-10.408085798297,0.6024563836688832,5.888257380833333
PER,1984.0,1.0,1.0,1.0,1,1,0,1,1.8358894680845887,3.60828653816966,0.8215117316400504,6.6373992375
PER,1985.0,1.0,1.0,1.0,1,1,0,1,2.172582385732396,2.06113206625895,1.018401970831522,5.660392525833333
PER,1986.0,1.0,1.0,1.0,1,1,0,1,1.5544771068597156,9.42596236073652,-0.23984154800110727,4.048303089166667
PER,1987.0,1.0,1.0,1.0,1,1,0,1,1.6314931734128943,9.72614643050372,-0.7611250260433848,4.218014031666667
PER,1988.0,1.0,1.0,1.0,1,1,0,1,3.5339271033034803,-9.44127344629392,-0.12059617503649918,4.452901190833333
PER,1989.0,1.0,1.0,1.0,1,1,0,1,5.465005321829121,-12.3120414471296,0.3614272320186492,4.4047298725
PER,1990.0,1.0,0.0,1.0,1,1,0,1,6.5617814142243045,-4.98256353646605,0.49298656917703104,4.3208969375
PER,1991.0,1.0,0.0,1.0,1,0,0,1,3.0323378126713014,2.2192591027909,-0.11424966638879878,3.9339278958333335
PER,1992.0,1.0,0.0,1.0,1,0,0,1,1.5087162308697761,-0.540509124723926,0.6376942918961166,3.38244437
PER,1993.0,1.0,0.0,1.0,1,0,0,1,1.1928457619022443,5.24357700773291,0.7182231301835996,2.7144275875
PER,1994.0,1.0,0.0,1.0,1,0,0,1,0.6917821697950068,12.3083661848445,0.5551252006154087,3.5351682466666667
PER,1995.0,1.0,0.0,1.0,1,0,0,1,0.2237913867383818,7.41139504735119,0.3780127501324363,3.3100514933333334
PER,1996.0,1.0,0.0,1.0,1,0,0,1,0.2446165563876889,2.79897307912609,0.1840227312864405,3.1400511850000004
PER,1997.0,0.0,0.0,0.0,1,0,0,1,0.0772275704929996,6.47682442079709,-0.3775616874821785,3.199334816666666
PER,1998.0,1.0,1.0,0.0,0,0,0,0,-0.01162792408988714,-0.391537555833821,-0.33651505459233994,2.626002385
PER,1999.0,0.0,0.0,0.0,1,1,0,0,-0.36181175985837943,1.49491064308833,-0.5161774830682757,2.8869701641666663
PER,2000.0,0.0,0.0,0.0,0,0,0,0,-0.32744029376377815,2.69437139806912,-0.611440747942814,3.1165892308333336
PER,2001.0,0.0,0.0,0.0,0,0,0,0,-0.5789272076883175,0.617892325624297,-0.37176819966730984,2.237447555
PER,2002.0,0.0,0.0,0.0,0,0,0,0,-1.0268437643816477,5.45352893818767,-0.3740835094215136,2.0336032691666666
PER,2003.0,0.0,0.0,0.0,0,0,0,0,-0.5315326619405322,4.16502313666112,-0.5847482959423461,1.4457960183333334
PER,2004.0,0.0,0.0,0.0,0,0,0,0,-0.33857043813177273,4.95820320611745,-0.4129882640510227,1.7008579225
PER,2005.0,0.0,0.0,0.0,0,0,0,0,-0.6455429644487547,6.28506032509601,-0.36656887767629004,1.8895054916666665
PER,2006.0,0.0,0.0,0.0,0,0,0,0,-0.5745481896808704,7.5288990440594,-0.5779723059935539,2.2836022075
PER,2007.0,0.0,0.0,0.0,0,0,0,0,-0.6143926851485797,8.5183877690955,-0.6084926898461492,2.0393217333333333
PER,2008.0,0.0,0.0,0.0,0,0,0,0,-0.12624294294014904,9.1265683014642,-0.6259198017529964,1.3017102483333334
PER,2009.0,0.0,0.0,0.0,0,0,0,0,-0.4309713218582479,1.0958236592427,-0.646177804665499,1.0468915
PER,2010.0,0.0,0.0,0.0,0,0,0,0,-0.6629919857731976,8.33245910749577,-0.7735872294332369,0.8691600608333333
PER,2011.0,0.0,0.0,0.0,0,0,0,0,-0.3742539606436437,6.32719240161117,-0.8162243825021714,0.5260605291666667
PER,2012.0,0.0,0.0,0.0,0,0,0,0,-0.3446666334293555,6.13972470560435,-0.9056872904895765,-0.0132494616666666
PER,2013.0,0.0,0.0,0.0,0,0,0,0,-0.45448867627116196,5.85251821084928,-0.7807458615372561,0.2878436908333333
PER,2014.0,0.0,0.0,0.0,0,0,0,0,-0.36893771073031206,2.38215737180541,-0.9172272196246466,0.61196865
PER,2015.0,0.0,0.0,0.0,0,0,0,0,-0.37066027521250466,3.25224477218451,-0.8926948716708968,0.5890241975
PHL,1960.0,0.0,0.0,0.0,0,0,0,0,-0.28280392349255373,5.69547095029755,0.10163618436636314,6.9346889958333335
PHL,1961.0,0.0,0.0,0.0,0,0,0,0,-0.649595873954735,5.69547095029755,0.10163618436636314,6.9346889958333335
PHL,1962.0,0.0,0.0,0.0,0,0,0,0,-0.12532266202480738,4.84629418915898,0.10163618436636314,6.9346889958333335
PHL,1963.0,0.0,0.0,0.0,0,0,0,0,-0.14008670739342227,7.01626518416583,0.10163618436636314,6.9346889958333335
PHL,1964.0,0.0,0.0,0.0,0,0,0,0,0.052745313721141,3.40249443571273,0.10163618436636314,6.9346889958333335
PHL,1965.0,0.0,0.0,0.0,0,0,0,0,-0.48421214373275595,5.34508932932236,0.10163618436636314,6.9346889958333335
PHL,1966.0,0.0,0.0,0.0,0,0,0,0,-0.1600628434279993,4.4411585340256,0.10163618436636314,6.9346889958333335
PHL,1967.0,0.0,0.0,0.0,0,0,0,0,-0.08739019470962019,5.22268758922664,0.10163618436636314,6.9346889958333335
PHL,1968.0,0.0,0.0,0.0,0,0,0,0,-0.5156851997946682,5.03815939692956,0.10163618436636314,6.9346889958333335
PHL,1969.0,0.0,0.0,0.0,0,0,0,0,-0.5827104028654201,4.68947344100819,0.10163618436636314,6.9346889958333335
PHL,1970.0,0.0,0.0,0.0,0,0,0,0,0.3749249868854964,3.69248748654796,-0.06667299824825092,6.9346889958333335
PHL,1971.0,0.0,0.0,0.0,0,0,0,0,0.6240512982829887,5.38900841621259,-0.2506809080386729,6.9346889958333335
PHL,1972.0,0.0,0.0,0.0,0,0,0,0,0.0541212482329754,5.43038749392343,-0.22906210311795047,6.9346889958333335
PHL,1973.0,0.0,0.0,0.0,0,0,0,0,0.46201886604027526,8.78200912237088,-0.394461818251957,6.9346889958333335
PHL,1974.0,0.0,0.0,0.0,0,0,0,0,0.9394907820220794,3.39460637850206,-0.9164556530892715,6.9346889958333335
PHL,1975.0,0.0,0.0,0.0,0,0,0,0,-0.04765426703419499,5.45110286965478,-0.6914558497205014,6.9346889958333335
PHL,1976.0,0.0,0.0,0.0,0,0,0,0,0.11653087105556828,8.77840333051334,-0.38570189128515603,6.9346889958333335
PHL,1977.0,0.0,0.0,0.0,0,0,0,0,0.1573072184157211,5.56297025151267,-0.484326746895276,6.9346889958333335
PHL,1978.0,0.0,0.0,0.0,0,0,0,0,-0.005400791615195274,5.19238453027808,-0.6341960752935942,6.9346889958333335
PHL,1979.0,0.0,0.0,0.0,0,0,0,0,0.49687007405089695,5.59557107591131,-0.8078371527527666,6.9346889958333335
PHL,1980.0,1.0,1.0,0.0,0,0,0,0,0.5203469711297151,5.20071107911187,-0.40032395573376806,6.9346889958333335
PHL,1981.0,1.0,1.0,0.0,1,1,0,0,0.31825010873390835,3.42220873753665,-0.22906210311795047,6.9346889958333335
PHL,1982.0,1.0,1.0,1.0,1,1,0,0,0.17537206765202004,3.69840609851109,-0.19179581403552085,6.9346889958333335
PHL,1983.0,1.0,1.0,1.0,1,1,0,1,0.1646675173934777,1.89695178959097,-0.35965813998826823,5.888257380833333
PHL,1984.0,1.0,1.0,1.0,1,1,0,1,1.2192028232017145,-7.0393782012259,0.17527746545505568,6.6373992375
PHL,1985.0,1.0,1.0,1.0,1,1,0,1,0.6739542838302085,-6.85837720864683,-0.046978868418737725,5.660392525833333
PHL,1986.0,1.0,1.0,1.0,1,1,0,1,-0.7450413489042238,3.51068403005506,0.0392988498466857,4.048303089166667
PHL,1987.0,1.0,0.0,1.0,1,1,0,1,-0.2920976450578538,4.36180967277697,0.5846099484997334,4.218014031666667
PHL,1988.0,1.0,0.0,1.0,1,0,0,1,0.3526927722938352,6.69693110468185,0.4436783824667781,4.452901190833333
PHL,1989.0,1.0,0.0,1.0,1,0,0,1,0.27914948151703745,6.18391820283388,0.45897682983812615,4.4047298725
PHL,1990.0,1.0,0.0,1.0,1,0,0,1,0.2760028025066659,3.08267252855887,0.4029670547634715,4.3208969375
PHL,1991.0,1.0,0.0,1.0,1,0,0,1,0.556261061509788,-0.436390080533428,0.8371311623108546,3.9339278958333335
PHL,1992.0,0.0,0.0,0.0,1,0,0,1,0.08284101821734428,0.417629066097945,0.7175507534836523,3.38244437
PHL,1993.0,0.0,0.0,0.0,0,0,0,0,-0.05109240756876359,2.181889985613,0.6182113006433001,2.7144275875
PHL,1994.0,0.0,0.0,0.0,0,0,0,0,0.18441360190163594,4.37366591819077,0.652144010074094,3.5351682466666667
PHL,1995.0,0.0,0.0,0.0,0,0,0,0,-0.04230632820024319,4.62522511739661,0.6595906511685246,3.3100514933333334
PHL,1996.0,1.0,1.0,0.0,0,0,0,0,0.0046475733568811985,5.8603478716379,0.48622956231354747,3.1400511850000004
PHL,1997.0,1.0,1.0,0.0,1,1,0,0,-0.14317289021708607,5.18641167406165,0.5258891990213819,3.199334816666666
PHL,1998.0,1.0,1.0,0.0,1,1,0,0,0.1186702172500875,-0.514090599541888,0.7817840667366832,2.626002385
PHL,1999.0,1.0,1.0,0.0,1,1,0,0,-0.11327950359265225,3.34645118398267,0.7079457565727126,2.8869701641666663
PHL,2000.0,1.0,1.0,0.0,1,1,0,0,-0.30237573686053604,4.38250500083399,0.9289471789876731,3.1165892308333336
PHL,2001.0,0.0,0.0,0.0,1,1,0,0,-0.16498107638222054,3.04923134463486,-0.7371467908642653,2.237447555
PHL,2002.0,0.0,0.0,0.0,0,0,0,0,-0.4609476523478725,3.71625500158383,-0.7673457756817229,2.0336032691666666
PHL,2003.0,0.0,0.0,0.0,0,0,0,0,-0.5267428137863643,5.08691113513073,-0.7980390450591187,1.4457960183333334
PHL,2004.0,0.0,0.0,0.0,0,0,0,0,-0.2134875512957087,6.56922851180626,-0.7882919825140167,1.7008579225
PHL,2005.0,0.0,0.0,0.0,0,0,0,0,-0.0665129040993659,4.94250511877678,-0.7034632910092239,1.8895054916666665
PHL,2006.0,0.0,0.0,0.0,0,0,0,0,-0.152443371874465,5.31641682136939,-0.6170218312272061,2.2836022075
PHL,2007.0,0.0,0.0,0.0,0,0,0,0,-0.43595832787131655,6.51929155018938,-0.8320065915737368,2.0393217333333333
PHL,2008.0,0.0,0.0,0.0,0,0,0,0,0.05781191943008966,4.34448730509183,-0.7294541894402716,1.3017102483333334
PHL,2009.0,0.0,0.0,0.0,0,0,0,0,-0.2758757053268255,1.44832306275669,-0.6819046376953249,1.0468915
PHL,2010.0,0.0,0.0,0.0,0,0,0,0,-0.3236717042850702,7.33449996034538,-0.7700181406331875,0.8691600608333333
PHL,2011.0,0.0,0.0,0.0,0,0,0,0,-0.22438061901887,3.85823282795663,-0.7746592825383757,0.5260605291666667
PHL,2012.0,0.0,0.0,0.0,0,0,0,0,-0.41865529190939366,6.89695171050985,-0.806382337961617,-0.0132494616666666
PHL,2013.0,0.0,0.0,0.0,0,0,0,0,-0.4814412147614061,6.75053130142255,-0.8089290072456615,0.2878436908333333
PHL,2014.0,0.0,0.0,0.0,0,0,0,0,-0.3462686835371818,6.34798748260867,-0.7718018356598221,0.61196865
PHL,2015.0,0.0,0.0,0.0,0,0,0,0,-0.8671817521608067,6.34830971672761,-0.9720518869361056,0.5890241975
POL,1960.0,0.0,0.0,0.0,0,0,0,0,-0.7563135819075184,-7.01557879301123,1.3197558923922645,6.9346889958333335
POL,1961.0,0.0,0.0,0.0,0,0,0,0,-0.7563135819075184,-7.01557879301123,1.3197558923922645,6.9346889958333335
POL,1962.0,0.0,0.0,0.0,0,0,0,0,-0.7563135819075184,-7.01557879301123,1.3197558923922645,6.9346889958333335
POL,1963.0,0.0,0.0,0.0,0,0,0,0,-0.7563135819075184,-7.01557879301123,1.3197558923922645,6.9346889958333335
POL,1964.0,0.0,0.0,0.0,0,0,0,0,-0.7563135819075184,-7.01557879301123,1.3197558923922645,6.9346889958333335
POL,1965.0,0.0,0.0,0.0,0,0,0,0,-0.7563135819075184,-7.01557879301123,1.3197558923922645,6.9346889958333335
POL,1966.0,0.0,0.0,0.0,0,0,0,0,-0.7563135819075184,-7.01557879301123,1.3197558923922645,6.9346889958333335
POL,1967.0,0.0,0.0,0.0,0,0,0,0,-0.7563135819075184,-7.01557879301123,1.3197558923922645,6.9346889958333335
POL,1968.0,0.0,0.0,0.0,0,0,0,0,-0.7563135819075184,-7.01557879301123,1.3197558923922645,6.9346889958333335
POL,1969.0,0.0,0.0,0.0,0,0,0,0,-0.7563135819075184,-7.01557879301123,1.3197558923922645,6.9346889958333335
POL,1970.0,0.0,0.0,0.0,0,0,0,0,-0.7563135819075184,-7.01557879301123,1.3197558923922645,6.9346889958333335
POL,1971.0,0.0,0.0,0.0,0,0,0,0,-0.7563135819075184,-7.01557879301123,1.3197558923922645,6.9346889958333335
POL,1972.0,0.0,0.0,0.0,0,0,0,0,-1.1537172393064998,-7.01557879301123,1.3197558923922645,6.9346889958333335
POL,1973.0,0.0,0.0,0.0,0,0,0,0,-0.4976357556057874,-7.01557879301123,1.3197558923922645,6.9346889958333335
POL,1974.0,0.0,0.0,0.0,0,0,0,0,-0.02581970316084031,-7.01557879301123,1.3197558923922645,6.9346889958333335
POL,1975.0,0.0,0.0,0.0,0,0,0,0,-0.5320269747885841,-7.01557879301123,1.3197558923922645,6.9346889958333335
POL,1976.0,0.0,0.0,0.0,0,0,0,0,-0.2553797306176332,-7.01557879301123,1.3197558923922645,6.9346889958333335
POL,1977.0,0.0,0.0,0.0,0,0,0,0,-0.20635227669047304,-7.01557879301123,1.3197558923922645,6.9346889958333335
POL,1978.0,0.0,0.0,0.0,0,0,0,0,0.04734714298741238,-7.01557879301123,1.3197558923922645,6.9346889958333335
POL,1979.0,0.0,0.0,0.0,0,0,0,0,-0.027839380394642746,-7.01557879301123,1.3197558923922645,6.9346889958333335
POL,1980.0,1.0,0.0,1.0,0,0,0,0,0.1449625487920966,-7.01557879301123,1.3197558923922645,6.9346889958333335
POL,1981.0,1.0,0.0,1.0,1,0,0,1,0.551807174110762,-7.01557879301123,1.3197558923922645,6.9346889958333335
POL,1982.0,1.0,0.0,1.0,1,0,0,1,1.7843511889393078,-7.01557879301123,1.3197558923922645,6.9346889958333335
POL,1983.0,1.0,0.0,1.0,1,0,0,1,0.7402792854917791,-7.01557879301123,1.3197558923922645,5.888257380833333
POL,1984.0,1.0,0.0,1.0,1,0,0,1,0.416571299736986,-7.01557879301123,1.3197558923922645,6.6373992375
POL,1985.0,1.0,0.0,1.0,1,0,0,1,0.24377928211156688,-7.01557879301123,1.3197558923922645,5.660392525833333
POL,1986.0,1.0,0.0,1.0,1,0,0,1,0.46089333101695873,-7.01557879301123,1.3197558923922645,4.048303089166667
POL,1987.0,1.0,0.0,1.0,1,0,0,1,0.762075883792205,-7.01557879301123,1.3197558923922645,4.218014031666667
POL,1988.0,1.0,0.0,1.0,1,0,0,1,1.3349528276046911,-7.01557879301123,1.3197558923922645,4.452901190833333
POL,1989.0,1.0,0.0,1.0,1,0,0,1,2.5367341339913954,-7.01557879301123,1.3197558923922645,4.4047298725
POL,1990.0,1.0,1.0,1.0,1,0,0,1,3.3648384712796555,-7.01557879301123,1.3197558923922645,4.3208969375
POL,1991.0,1.0,1.0,1.0,1,1,0,1,1.5426992588246449,-7.01557879301123,1.3197558923922645,3.9339278958333335
POL,1992.0,1.0,1.0,1.0,1,1,0,1,1.1542486505681802,2.51497861350261,1.3197558923922645,3.38244437
POL,1993.0,1.0,1.0,1.0,1,1,0,1,0.99500649889078,3.73831029461471,1.3197558923922645,2.7144275875
POL,1994.0,1.0,1.0,0.0,1,1,0,1,0.9151055294645728,5.292802066626,1.3729432092032354,3.5351682466666667
POL,1995.0,0.0,0.0,0.0,1,1,0,0,0.801159719301238,7.92965956313934,1.2330347024258457,3.3100514933333334
POL,1996.0,0.0,0.0,0.0,0,0,0,0,0.5737079745120724,6.09387747385628,1.0973769427897853,3.1400511850000004
POL,1997.0,0.0,0.0,0.0,0,0,0,0,0.3969329728671313,6.35890635030509,0.8944611801179816,3.199334816666666
POL,1998.0,0.0,0.0,0.0,0,0,0,0,0.2476157166567049,4.62161133761769,0.729118992552472,2.626002385
POL,1999.0,0.0,0.0,0.0,0,0,0,0,-0.018425254738159126,4.69918479192557,1.0900606248183056,2.8869701641666663
POL,2000.0,0.0,0.0,0.0,0,0,0,0,0.1573878684792104,4.65633252988236,1.4330569088380352,3.1165892308333336
POL,2001.0,0.0,0.0,0.0,0,0,0,0,-0.15931380858172137,1.23374464400356,1.8190256357798023,2.237447555
POL,2002.0,0.0,0.0,0.0,0,0,0,0,-0.5916061343803182,1.90119437968586,1.9916712924572095,2.0336032691666666
POL,2003.0,0.0,0.0,0.0,0,0,0,0,-0.864737629382565,3.52337117234833,1.962282054812859,1.4457960183333334
POL,2004.0,0.0,0.0,0.0,0,0,0,0,-0.37258625649217414,5.09079546409544,1.857790006074656,1.7008579225
POL,2005.0,0.0,0.0,0.0,0,0,0,0,-0.5438619209384791,3.26082274679216,1.732188845322769,1.8895054916666665
POL,2006.0,0.0,0.0,0.0,0,0,0,0,-0.7142171266336204,6.20210710934373,1.2922168193786467,2.2836022075
POL,2007.0,0.0,0.0,0.0,0,0,0,0,-0.5001618676885513,6.7604478527626,0.6639078552561929,2.0393217333333333
POL,2008.0,0.0,0.0,0.0,0,0,0,0,-0.281703740790418,4.38377069274605,0.18380456276856164,1.3017102483333334
POL,2009.0,0.0,0.0,0.0,0,0,0,0,-0.32302962348026365,2.61512859291683,0.4031628530746643,1.0468915
POL,2010.0,0.0,0.0,0.0,0,0,0,0,-0.48173790418251117,3.16892748258036,0.6685603850297175,0.8691600608333333
POL,2011.0,0.0,0.0,0.0,0,0,0,0,-0.2736931018951834,5.25546256612796,0.6682161100647285,0.5260605291666667
POL,2012.0,0.0,0.0,0.0,0,0,0,0,-0.35077139052764383,1.51178167644575,0.7451080447070452,-0.0132494616666666
POL,2013.0,0.0,0.0,0.0,0,0,0,0,-0.782447173152506,0.684240607051805,0.7881327682497723,0.2878436908333333
POL,2014.0,0.0,0.0,0.0,0,0,0,0,-1.0835974539367674,3.92050862390032,0.561358064507888,0.61196865
POL,2015.0,0.0,0.0,0.0,0,0,0,0,-1.6454081790824506,4.43176700264478,0.27049337735289036,0.5890241975
PRK,1960.0,0.0,0.0,0.0,0,0,0,0,-0.11482597086615899,3.892249759991885,0.00022007603480332492,6.9346889958333335
PRK,1961.0,0.0,0.0,0.0,0,0,0,0,-0.11482597086615899,3.892249759991885,0.00022007603480332492,6.9346889958333335
PRK,1962.0,0.0,0.0,0.0,0,0,0,0,-0.11482597086615899,3.892249759991885,0.00022007603480332492,6.9346889958333335
PRK,1963.0,0.0,0.0,0.0,0,0,0,0,-0.11482597086615899,3.892249759991885,0.00022007603480332492,6.9346889958333335
PRK,1964.0,0.0,0.0,0.0,0,0,0,0,-0.11482597086615899,3.892249759991885,0.00022007603480332492,6.9346889958333335
PRK,1965.0,0.0,0.0,0.0,0,0,0,0,-0.11482597086615899,3.892249759991885,0.00022007603480332492,6.9346889958333335
PRK,1966.0,0.0,0.0,0.0,0,0,0,0,-0.11482597086615899,3.892249759991885,0.00022007603480332492,6.9346889958333335
PRK,1967.0,0.0,0.0,0.0,0,0,0,0,-0.11482597086615899,3.892249759991885,0.00022007603480332492,6.9346889958333335
PRK,1968.0,0.0,0.0,0.0,0,0,0,0,-0.11482597086615899,3.892249759991885,0.00022007603480332492,6.9346889958333335
PRK,1969.0,0.0,0.0,0.0,0,0,0,0,-0.11482597086615899,3.892249759991885,0.00022007603480332492,6.9346889958333335
PRK,1970.0,0.0,0.0,0.0,0,0,0,0,-0.11482597086615899,3.892249759991885,0.00022007603480332492,6.9346889958333335
PRK,1971.0,0.0,0.0,0.0,0,0,0,0,-0.11482597086615899,3.892249759991885,0.00022007603480332492,6.9346889958333335
PRK,1972.0,0.0,0.0,0.0,0,0,0,0,-0.11482597086615899,3.892249759991885,0.00022007603480332492,6.9346889958333335
PRK,1973.0,0.0,0.0,0.0,0,0,0,0,-0.11482597086615899,3.892249759991885,0.00022007603480332492,6.9346889958333335
PRK,1974.0,0.0,0.0,0.0,0,0,0,0,-0.11482597086615899,3.892249759991885,0.00022007603480332492,6.9346889958333335
PRK,1975.0,0.0,0.0,0.0,0,0,0,0,-0.11482597086615899,3.892249759991885,0.00022007603480332492,6.9346889958333335
PRK,1976.0,0.0,0.0,0.0,0,0,0,0,-0.11482597086615899,3.892249759991885,0.00022007603480332492,6.9346889958333335
PRK,1977.0,0.0,0.0,0.0,0,0,0,0,-0.11482597086615899,3.892249759991885,0.00022007603480332492,6.9346889958333335
PRK,1978.0,0.0,0.0,0.0,0,0,0,0,-0.11482597086615899,3.892249759991885,0.00022007603480332492,6.9346889958333335
PRK,1979.0,0.0,0.0,0.0,0,0,0,0,-0.11482597086615899,3.892249759991885,0.00022007603480332492,6.9346889958333335
PRK,1980.0,0.0,0.0,0.0,0,0,0,0,-0.11482597086615899,3.892249759991885,0.00022007603480332492,6.9346889958333335
PRK,1981.0,0.0,0.0,0.0,0,0,0,0,-0.11482597086615899,3.892249759991885,0.00022007603480332492,6.9346889958333335
PRK,1982.0,0.0,0.0,0.0,0,0,0,0,-0.11482597086615899,3.892249759991885,0.00022007603480332492,6.9346889958333335
PRK,1983.0,0.0,0.0,0.0,0,0,0,0,-0.11482597086615899,3.892249759991885,0.00022007603480332492,5.888257380833333
PRK,1984.0,1.0,1.0,0.0,0,0,0,0,-0.11482597086615899,3.892249759991885,0.00022007603480332492,6.6373992375
PRK,1985.0,1.0,1.0,0.0,1,1,0,0,-0.11482597086615899,3.892249759991885,0.00022007603480332492,5.660392525833333
PRK,1986.0,1.0,1.0,0.0,1,1,0,0,-0.11482597086615899,3.892249759991885,0.00022007603480332492,4.048303089166667
PRK,1987.0,1.0,1.0,0.0,1,1,0,0,-0.11482597086615899,3.892249759991885,0.00022007603480332492,4.218014031666667
PRK,1988.0,0.0,0.0,0.0,1,1,0,0,-0.11482597086615899,3.892249759991885,0.00022007603480332492,4.452901190833333
PRK,1989.0,0.0,0.0,0.0,0,0,0,0,-0.11482597086615899,3.892249759991885,0.00022007603480332492,4.4047298725
PRK,1990.0,0.0,0.0,0.0,0,0,0,0,-0.11482597086615899,3.892249759991885,0.00022007603480332492,4.3208969375
PRK,1991.0,0.0,0.0,0.0,0,0,0,0,-0.11482597086615899,3.892249759991885,0.00022007603480332492,3.9339278958333335
PRK,1992.0,0.0,0.0,0.0,0,0,0,0,-0.11482597086615899,3.892249759991885,0.00022007603480332492,3.38244437
PRK,1993.0,0.0,0.0,0.0,0,0,0,0,-0.11482597086615899,3.892249759991885,0.00022007603480332492,2.7144275875
PRK,1994.0,0.0,0.0,0.0,0,0,0,0,-0.11482597086615899,3.892249759991885,0.00022007603480332492,3.5351682466666667
PRK,1995.0,0.0,0.0,0.0,0,0,0,0,-0.11482597086615899,3.892249759991885,0.00022007603480332492,3.3100514933333334
PRK,1996.0,1.0,1.0,0.0,0,0,0,0,-0.11482597086615899,3.892249759991885,0.00022007603480332492,3.1400511850000004
PRK,1997.0,1.0,1.0,0.0,1,1,0,0,-0.11482597086615899,3.892249759991885,0.00022007603480332492,3.199334816666666
PRK,1998.0,1.0,1.0,0.0,1,1,0,0,-0.11482597086615899,3.892249759991885,0.00022007603480332492,2.626002385
PRK,1999.0,1.0,1.0,0.0,1,1,0,0,-0.11482597086615899,3.892249759991885,0.00022007603480332492,2.8869701641666663
PRK,2000.0,0.0,0.0,0.0,1,1,0,0,-0.11482597086615899,3.892249759991885,0.00022007603480332492,3.1165892308333336
PRK,2001.0,0.0,0.0,0.0,0,0,0,0,-0.11482597086615899,3.892249759991885,0.00022007603480332492,2.237447555
PRK,2002.0,0.0,0.0,0.0,0,0,0,0,-0.11482597086615899,3.892249759991885,0.00022007603480332492,2.0336032691666666
PRK,2003.0,0.0,0.0,0.0,0,0,0,0,-0.11482597086615899,3.892249759991885,0.00022007603480332492,1.4457960183333334
PRK,2004.0,0.0,0.0,0.0,0,0,0,0,-0.11482597086615899,3.892249759991885,0.00022007603480332492,1.7008579225
PRK,2005.0,0.0,0.0,0.0,0,0,0,0,-0.11482597086615899,3.892249759991885,0.00022007603480332492,1.8895054916666665
PRK,2006.0,0.0,0.0,0.0,0,0,0,0,-0.11482597086615899,3.892249759991885,0.00022007603480332492,2.2836022075
PRK,2007.0,0.0,0.0,0.0,0,0,0,0,-0.11482597086615899,3.892249759991885,0.00022007603480332492,2.0393217333333333
PRK,2008.0,0.0,0.0,0.0,0,0,0,0,-0.11482597086615899,3.892249759991885,0.00022007603480332492,1.3017102483333334
PRK,2009.0,0.0,0.0,0.0,0,0,0,0,-0.11482597086615899,3.892249759991885,0.00022007603480332492,1.0468915
PRK,2010.0,0.0,0.0,0.0,0,0,0,0,-0.11482597086615899,3.892249759991885,0.00022007603480332492,0.8691600608333333
PRK,2011.0,0.0,0.0,0.0,0,0,0,0,-0.11482597086615899,3.892249759991885,0.00022007603480332492,0.5260605291666667
PRK,2012.0,0.0,0.0,0.0,0,0,0,0,-0.11482597086615899,3.892249759991885,0.00022007603480332492,-0.0132494616666666
PRK,2013.0,0.0,0.0,0.0,0,0,0,0,-0.11482597086615899,3.892249759991885,0.00022007603480332492,0.2878436908333333
PRK,2014.0,0.0,0.0,0.0,0,0,0,0,-0.11482597086615899,3.892249759991885,0.00022007603480332492,0.61196865
PRK,2015.0,0.0,0.0,0.0,0,0,0,0,-0.11482597086615899,3.892249759991885,0.00022007603480332492,0.5890241975
PRT,1960.0,0.0,0.0,0.0,0,0,0,0,-0.41602258934917324,5.53490347567545,-1.578834335754032,6.9346889958333335
PRT,1961.0,0.0,0.0,0.0,0,0,0,0,-0.6588444929714226,5.53490347567545,-1.578834335754032,6.9346889958333335
PRT,1962.0,0.0,0.0,0.0,0,0,0,0,-0.46974527873660293,6.61444776877332,-1.578834335754032,6.9346889958333335
PRT,1963.0,0.0,0.0,0.0,0,0,0,0,-0.5712062533725314,5.87370211616305,-1.578834335754032,6.9346889958333335
PRT,1964.0,0.0,0.0,0.0,0,0,0,0,-0.3648592143757783,6.31074738257485,-1.578834335754032,6.9346889958333335
PRT,1965.0,0.0,0.0,0.0,0,0,0,0,-0.3673278081391152,7.46898852994391,-1.578834335754032,6.9346889958333335
PRT,1966.0,0.0,0.0,0.0,0,0,0,0,-0.19331932375611655,4.07790943398116,-1.578834335754032,6.9346889958333335
PRT,1967.0,0.0,0.0,0.0,0,0,0,0,-0.1487874516462948,7.54448252895033,-1.578834335754032,6.9346889958333335
PRT,1968.0,0.0,0.0,0.0,0,0,0,0,-0.10145586532156996,8.87550923376675,-1.578834335754032,6.9346889958333335
PRT,1969.0,0.0,0.0,0.0,0,0,0,0,0.0910872714077868,2.1207411616964,-1.578834335754032,6.9346889958333335
PRT,1970.0,0.0,0.0,0.0,0,0,0,0,-0.0772886511537096,9.11384195989883,-1.578834335754032,6.9346889958333335
PRT,1971.0,0.0,0.0,0.0,0,0,0,0,0.2648461453039552,6.63165162093394,-1.578834335754032,6.9346889958333335
PRT,1972.0,0.0,0.0,0.0,0,0,0,0,0.19935673508132312,8.01569616394021,-1.578834335754032,6.9346889958333335
PRT,1973.0,0.0,0.0,0.0,0,0,0,0,0.3133362387834245,11.2006718999033,-1.578834335754032,6.9346889958333335
PRT,1974.0,0.0,0.0,0.0,0,0,0,0,0.7283619039372013,1.14285965477239,-1.578834335754032,6.9346889958333335
PRT,1975.0,0.0,0.0,0.0,0,0,0,0,0.41141560290345813,-4.34763043220784,-0.47514861648236345,6.9346889958333335
PRT,1976.0,0.0,0.0,0.0,0,0,0,0,0.6160861576145172,6.90023019372026,0.03225053057630141,6.9346889958333335
PRT,1977.0,0.0,0.0,0.0,0,0,0,0,0.872332524883904,5.60259779264088,0.2003182815919198,6.9346889958333335
PRT,1978.0,0.0,0.0,0.0,0,0,0,0,0.6129216025862462,2.81596606697316,0.35542321477793776,6.9346889958333335
PRT,1979.0,0.0,0.0,0.0,0,0,0,0,0.638940027145024,5.63893733004393,0.36542009314221147,6.9346889958333335
PRT,1980.0,0.0,0.0,0.0,0,0,0,0,0.4348812592700431,4.58934022380851,0.3332555874120405,6.9346889958333335
PRT,1981.0,0.0,0.0,0.0,0,0,0,0,0.5489152759836043,1.61810337594387,0.3005735983683697,6.9346889958333335
PRT,1982.0,0.0,0.0,0.0,0,0,0,0,0.6323712235294553,2.1353747657862,0.2673559594502852,6.9346889958333335
PRT,1983.0,0.0,0.0,0.0,0,0,0,0,0.6991425807091183,-0.173112539564684,0.23358350767421485,5.888257380833333
PRT,1984.0,0.0,0.0,0.0,0,0,0,0,0.8116048411416101,-1.87997986277209,0.3251342974806418,6.6373992375
PRT,1985.0,0.0,0.0,0.0,0,0,0,0,0.5628461169408656,2.80743961484895,0.4127340420907439,5.660392525833333
PRT,1986.0,0.0,0.0,0.0,0,0,0,0,0.2833633006208669,4.14095608461172,0.5112688504229161,4.048303089166667
PRT,1987.0,0.0,0.0,0.0,0,0,0,0,0.14219724650178164,6.38139391332237,0.24990700682891417,4.218014031666667
PRT,1988.0,0.0,0.0,0.0,0,0,0,0,0.16870818704419763,7.4891073628233,-0.06222467283004816,4.452901190833333
PRT,1989.0,0.0,0.0,0.0,0,0,0,0,0.3000542107247892,6.44063956353789,-0.29187453856517537,4.4047298725
PRT,1990.0,0.0,0.0,0.0,0,0,0,0,0.3426917056403813,3.95052317228428,-0.4313963386521959,4.3208969375
PRT,1991.0,0.0,0.0,0.0,0,0,0,0,0.2600782702929984,4.36820616663232,-0.6612624450921669,3.9339278958333335
PRT,1992.0,0.0,0.0,0.0,0,0,0,0,0.13781069676747612,1.08947689832507,-0.6391792512433601,3.38244437
PRT,1993.0,0.0,0.0,0.0,0,0,0,0,-0.0459544825304714,-2.04327729359404,-0.24498272964686058,2.7144275875
PRT,1994.0,0.0,0.0,0.0,0,0,0,0,-0.15822756533162433,0.964838285067799,0.10368093081709391,3.5351682466666667
PRT,1995.0,0.0,0.0,0.0,0,0,0,0,-0.27546954473349683,4.28278017236022,0.18271336486635834,3.3100514933333334
PRT,1996.0,0.0,0.0,0.0,0,0,0,0,-0.4130337752340336,3.50424653058748,0.23315775637742278,3.1400511850000004
PRT,1997.0,0.0,0.0,0.0,0,0,0,0,-0.5191473048959658,4.40086766458026,0.07209576105641381,3.199334816666666
PRT,1998.0,0.0,0.0,0.0,0,0,0,0,-0.4829209689719323,4.80796318953165,-0.43288856463538083,2.626002385
PRT,1999.0,0.0,0.0,0.0,0,0,0,0,-0.5186361542618642,3.90657779623113,-0.4511876281712888,2.8869701641666663
PRT,2000.0,0.0,0.0,0.0,0,0,0,0,-0.44248354312130633,3.81617714108242,-0.6996812758617064,3.1165892308333336
PRT,2001.0,0.0,0.0,0.0,0,0,0,0,-0.2598829401803391,1.94367213427915,-0.6917978604107388,2.237447555
PRT,2002.0,0.0,0.0,0.0,0,0,0,0,-0.34596648093073346,0.770924781247714,-0.4760644538855143,2.0336032691666666
PRT,2003.0,0.0,0.0,0.0,0,0,0,0,-0.39336413328965664,-0.930521045062918,-0.03184970548026138,1.4457960183333334
PRT,2004.0,0.0,0.0,0.0,0,0,0,0,-0.5146547088238317,1.78873552917291,0.013094305005107975,1.7008579225
PRT,2005.0,0.0,0.0,0.0,0,0,0,0,-0.5286672438803774,0.781847569123585,0.29273360936761134,1.8895054916666665
PRT,2006.0,0.0,0.0,0.0,0,0,0,0,-0.40790156390379584,1.62503532956156,0.3065364101092612,2.2836022075
PRT,2007.0,1.0,1.0,0.0,0,0,0,0,-0.5008951017105793,2.50657937751231,0.37040018323784424,2.0393217333333333
PRT,2008.0,1.0,1.0,0.0,1,1,0,0,-0.48057621275075535,0.319247344434558,0.2867299796768418,1.3017102483333334
PRT,2009.0,1.0,1.0,0.0,1,1,0,0,-1.6157048318357048,-3.12207827545093,0.6432771894917942,1.0468915
PRT,2010.0,1.0,1.0,0.0,1,1,0,0,-0.688869017414147,1.73762453640036,0.8644242820631513,0.8691600608333333
PRT,2011.0,1.0,1.0,0.0,1,1,0,0,-0.33969135079494917,-1.71352745905065,1.149137453044822,0.5260605291666667
PRT,2012.0,1.0,1.0,0.0,1,1,0,0,-0.45371428313656526,-4.05090267621935,1.5018436940789373,-0.0132494616666666
PRT,2013.0,1.0,1.0,0.0,1,1,0,0,-0.996338607962853,-0.984106574148328,1.585102531549217,0.2878436908333333
PRT,2014.0,0.0,0.0,0.0,1,1,0,0,-1.247455210133693,0.741391420706506,1.3032233737471706,0.61196865
PRT,2015.0,0.0,0.0,0.0,0,0,0,0,-0.9235833477052573,1.58979803702681,1.1062075621173975,0.5890241975
PRY,1960.0,0.0,0.0,0.0,0,0,0,0,0.052662436330416916,6.90028551422945,-0.142328822601336,6.9346889958333335
PRY,1961.0,0.0,0.0,0.0,0,0,0,0,0.5302248942890097,6.90028551422945,-0.142328822601336,6.9346889958333335
PRY,1962.0,0.0,0.0,0.0,0,0,0,0,-0.6855399487961631,3.30025851602093,-0.142328822601336,6.9346889958333335
PRY,1963.0,0.0,0.0,0.0,0,0,0,0,-0.5581865865636696,4.71029133985073,-0.142328822601336,6.9346889958333335
PRY,1964.0,0.0,0.0,0.0,0,0,0,0,-0.6957926331373777,4.21247735945683,-0.142328822601336,6.9346889958333335
PRY,1965.0,0.0,0.0,0.0,0,0,0,0,-0.31569048609413636,6.16797475642743,-0.142328822601336,6.9346889958333335
PRY,1966.0,0.0,0.0,0.0,0,0,0,0,-0.439673889839251,1.99150333527275,-0.142328822601336,6.9346889958333335
PRY,1967.0,1.0,0.0,1.0,0,0,0,0,-0.6967719686524793,9.15036720414034,-0.142328822601336,6.9346889958333335
PRY,1968.0,1.0,0.0,1.0,1,0,0,1,-0.8575127289104552,4.52707384188076,-0.142328822601336,6.9346889958333335
PRY,1969.0,0.0,0.0,0.0,1,0,0,1,-0.5335594212949888,4.70115140770775,-0.142328822601336,6.9346889958333335
PRY,1970.0,0.0,0.0,0.0,0,0,0,0,-1.6341322128429199,5.55342573311894,-0.142328822601336,6.9346889958333335
PRY,1971.0,0.0,0.0,0.0,0,0,0,0,-0.20150270613246446,5.538151942856,-0.142328822601336,6.9346889958333335
PRY,1972.0,0.0,0.0,0.0,0,0,0,0,0.11539874705371389,6.63129747573396,-0.142328822601336,6.9346889958333335
PRY,1973.0,0.0,0.0,0.0,0,0,0,0,0.30517751436287294,7.30281290740682,-0.142328822601336,6.9346889958333335
PRY,1974.0,0.0,0.0,0.0,0,0,0,0,0.7323509544325428,8.38152543650033,-0.142328822601336,6.9346889958333335
PRY,1975.0,0.0,0.0,0.0,0,0,0,0,-0.05287206052367182,6.85244471412953,-0.142328822601336,6.9346889958333335
PRY,1976.0,0.0,0.0,0.0,0,0,0,0,-0.24901104859817358,7.52594953142729,-0.142328822601336,6.9346889958333335
PRY,1977.0,0.0,0.0,0.0,0,0,0,0,0.12610392534296327,11.4940816019955,-0.142328822601336,6.9346889958333335
PRY,1978.0,0.0,0.0,0.0,0,0,0,0,0.1991906947413667,12.0287299461216,-0.142328822601336,6.9346889958333335
PRY,1979.0,0.0,0.0,0.0,0,0,0,0,0.8062309337992429,11.862146971295,-0.142328822601336,6.9346889958333335
PRY,1980.0,0.0,0.0,0.0,0,0,0,0,0.6550746802197002,11.712145943448,-0.5980476313874177,6.9346889958333335
PRY,1981.0,0.0,0.0,0.0,0,0,0,0,0.3133402996287189,9.17045884942912,-0.36830043064655477,6.9346889958333335
PRY,1982.0,0.0,0.0,0.0,0,0,0,0,-0.18572345782735106,-1.39761771803515,-0.1630051190967831,6.9346889958333335
PRY,1983.0,0.0,0.0,0.0,0,0,0,0,0.33400588728820263,-3.0426178847186,0.4263298475898599,5.888257380833333
PRY,1984.0,0.0,0.0,0.0,0,0,0,0,0.5902323217683468,2.81659944601458,0.2399590194691024,6.6373992375
PRY,1985.0,1.0,0.0,1.0,0,0,0,0,0.7317533268834859,4.5231356783092,-0.29187453856517537,5.660392525833333
PRY,1986.0,1.0,0.0,1.0,1,0,0,1,0.888315585132826,4.96483566571362,-0.039643858840117646,4.048303089166667
PRY,1987.0,1.0,0.0,1.0,1,0,0,1,0.6362900278264174,7.58230437604178,-0.18916091829179166,4.218014031666667
PRY,1988.0,1.0,0.0,1.0,1,0,0,1,0.6593441319714033,5.91537206556045,-0.40915073147508507,4.452901190833333
PRY,1989.0,1.0,0.0,1.0,1,0,0,1,0.7631728485105558,6.93520391103523,-0.16040863532757843,4.4047298725
PRY,1990.0,1.0,0.0,1.0,1,0,0,1,1.0006604464330124,4.12328287941739,-0.11424966638879878,4.3208969375
PRY,1991.0,1.0,0.0,1.0,1,0,0,1,0.7052530494550615,3.49365015491472,-0.300219040878156,3.9339278958333335
PRY,1992.0,0.0,0.0,0.0,1,0,0,1,0.4082507044074974,1.69642801124701,-0.3339606000625904,3.38244437
PRY,1993.0,0.0,0.0,0.0,0,0,0,0,0.520629383778292,4.93635941475281,-0.31140112958805316,2.7144275875
PRY,1994.0,1.0,1.0,0.0,0,0,0,0,0.5982544116704118,5.31791766023942,-0.5028160358591941,3.5351682466666667
PRY,1995.0,1.0,1.0,0.0,1,1,0,0,0.33363550912596596,6.82281030358578,-0.8445807248221713,3.3100514933333334
PRY,1996.0,1.0,1.0,0.0,1,1,0,0,0.1516729616002674,1.57378513175006,0.40687945748071674,3.1400511850000004
PRY,1997.0,1.0,1.0,0.0,1,1,0,0,-0.03349173582345003,4.24251610269859,-0.22906210311795047,3.199334816666666
PRY,1998.0,1.0,1.0,0.0,1,1,0,0,0.24538493720540808,0.0680377558080636,-0.5006497252559826,2.626002385
PRY,1999.0,0.0,0.0,0.0,1,1,0,0,-0.048349528419173275,-1.36607971240079,-0.23363609182091266,2.8869701641666663
PRY,2000.0,0.0,0.0,0.0,0,0,0,0,0.10338393921107993,-2.31414056819045,0.2985133824814227,3.1165892308333336
PRY,2001.0,1.0,1.0,0.0,0,0,0,0,-0.010169319013982006,-0.834054716746095,-0.013942370039712158,2.237447555
PRY,2002.0,1.0,0.0,1.0,1,1,0,0,0.19113183640220158,-0.0214043949985694,0.6364710279716173,2.0336032691666666
PRY,2003.0,1.0,0.0,1.0,1,0,0,1,0.36882284842355884,4.32074548551591,0.12738310265080494,1.4457960183333334
PRY,2004.0,0.0,0.0,0.0,1,0,0,1,-0.26478459444164476,4.05741836363771,0.05867013755953899,1.7008579225
PRY,2005.0,0.0,0.0,0.0,0,0,0,0,-0.04416624752650708,2.13349066459601,-0.3784322119270787,1.8895054916666665
PRY,2006.0,0.0,0.0,0.0,0,0,0,0,0.13956047153694176,4.80711719268376,-0.2514962953020817,2.2836022075
PRY,2007.0,0.0,0.0,0.0,0,0,0,0,0.04927917345926881,5.42162287218235,-0.4112161449180772,2.0393217333333333
PRY,2008.0,0.0,0.0,0.0,0,0,0,0,0.17166521433119683,6.49629211973152,-0.5012684208613307,1.3017102483333334
PRY,2009.0,0.0,0.0,0.0,0,0,0,0,-0.4800653936884721,-0.261137328115808,-0.20237102480921174,1.0468915
PRY,2010.0,0.0,0.0,0.0,0,0,0,0,-0.23108261507284356,11.0952312685449,-0.4542041763581254,0.8691600608333333
PRY,2011.0,0.0,0.0,0.0,0,0,0,0,0.05738905480066783,4.28637120706239,-0.4239525265279264,0.5260605291666667
PRY,2012.0,0.0,0.0,0.0,0,0,0,0,-0.33698101246716156,-0.708043112304196,-0.6062029176702816,-0.0132494616666666
PRY,2013.0,0.0,0.0,0.0,0,0,0,0,-0.46657261221413926,8.29307648937821,-0.5105729515842405,0.2878436908333333
PRY,2014.0,0.0,0.0,0.0,0,0,0,0,-0.1943071727666329,5.30123864475758,-0.31870420066142546,0.61196865
PRY,2015.0,0.0,0.0,0.0,0,0,0,0,-0.4050889672706595,2.95715168364671,-0.45813278889117964,0.5890241975
ROU,1960.0,0.0,0.0,0.0,0,0,0,0,2.4825232965358253,-12.9182107298211,0.4282647444939519,6.9346889958333335
ROU,1961.0,0.0,0.0,0.0,0,0,0,0,2.4825232965358253,-12.9182107298211,0.4282647444939519,6.9346889958333335
ROU,1962.0,0.0,0.0,0.0,0,0,0,0,2.4825232965358253,-12.9182107298211,0.4282647444939519,6.9346889958333335
ROU,1963.0,0.0,0.0,0.0,0,0,0,0,2.4825232965358253,-12.9182107298211,0.4282647444939519,6.9346889958333335
ROU,1964.0,0.0,0.0,0.0,0,0,0,0,2.4825232965358253,-12.9182107298211,0.4282647444939519,6.9346889958333335
ROU,1965.0,0.0,0.0,0.0,0,0,0,0,2.4825232965358253,-12.9182107298211,0.4282647444939519,6.9346889958333335
ROU,1966.0,0.0,0.0,0.0,0,0,0,0,2.4825232965358253,-12.9182107298211,0.4282647444939519,6.9346889958333335
ROU,1967.0,0.0,0.0,0.0,0,0,0,0,2.4825232965358253,-12.9182107298211,0.4282647444939519,6.9346889958333335
ROU,1968.0,0.0,0.0,0.0,0,0,0,0,2.4825232965358253,-12.9182107298211,0.4282647444939519,6.9346889958333335
ROU,1969.0,0.0,0.0,0.0,0,0,0,0,2.4825232965358253,-12.9182107298211,0.4282647444939519,6.9346889958333335
ROU,1970.0,0.0,0.0,0.0,0,0,0,0,2.4825232965358253,-12.9182107298211,0.4282647444939519,6.9346889958333335
ROU,1971.0,0.0,0.0,0.0,0,0,0,0,2.4825232965358253,-12.9182107298211,0.4282647444939519,6.9346889958333335
ROU,1972.0,0.0,0.0,0.0,0,0,0,0,2.4825232965358253,-12.9182107298211,0.4282647444939519,6.9346889958333335
ROU,1973.0,0.0,0.0,0.0,0,0,0,0,2.4825232965358253,-12.9182107298211,0.4282647444939519,6.9346889958333335
ROU,1974.0,0.0,0.0,0.0,0,0,0,0,2.4825232965358253,-12.9182107298211,0.4282647444939519,6.9346889958333335
ROU,1975.0,0.0,0.0,0.0,0,0,0,0,2.4825232965358253,-12.9182107298211,0.4282647444939519,6.9346889958333335
ROU,1976.0,0.0,0.0,0.0,0,0,0,0,2.4825232965358253,-12.9182107298211,0.4282647444939519,6.9346889958333335
ROU,1977.0,0.0,0.0,0.0,0,0,0,0,2.4825232965358253,-12.9182107298211,0.4282647444939519,6.9346889958333335
ROU,1978.0,0.0,0.0,0.0,0,0,0,0,2.4825232965358253,-12.9182107298211,0.4282647444939519,6.9346889958333335
ROU,1979.0,0.0,0.0,0.0,0,0,0,0,2.4825232965358253,-12.9182107298211,0.4282647444939519,6.9346889958333335
ROU,1980.0,1.0,0.0,1.0,0,0,0,0,2.4825232965358253,-12.9182107298211,0.4282647444939519,6.9346889958333335
ROU,1981.0,1.0,0.0,1.0,1,0,0,1,2.4825232965358253,-12.9182107298211,0.4282647444939519,6.9346889958333335
ROU,1982.0,1.0,0.0,1.0,1,0,0,1,2.4825232965358253,-12.9182107298211,0.4282647444939519,6.9346889958333335
ROU,1983.0,0.0,0.0,0.0,1,0,0,1,2.4825232965358253,-12.9182107298211,0.4282647444939519,5.888257380833333
ROU,1984.0,0.0,0.0,0.0,0,0,0,0,2.4825232965358253,-12.9182107298211,0.4282647444939519,6.6373992375
ROU,1985.0,1.0,0.0,1.0,0,0,0,0,2.4825232965358253,-12.9182107298211,0.4282647444939519,5.660392525833333
ROU,1986.0,0.0,0.0,0.0,1,0,0,1,2.4825232965358253,-12.9182107298211,0.4282647444939519,4.048303089166667
ROU,1987.0,0.0,0.0,0.0,0,0,0,0,2.4825232965358253,-12.9182107298211,0.4282647444939519,4.218014031666667
ROU,1988.0,0.0,0.0,0.0,0,0,0,0,2.4825232965358253,-12.9182107298211,0.4282647444939519,4.452901190833333
ROU,1989.0,1.0,1.0,0.0,0,0,0,0,2.4825232965358253,-12.9182107298211,0.4282647444939519,4.4047298725
ROU,1990.0,1.0,1.0,0.0,1,1,0,0,2.4825232965358253,-12.9182107298211,0.4282647444939519,4.3208969375
ROU,1991.0,1.0,1.0,0.0,1,1,0,0,2.4825232965358253,-12.9182107298211,0.4282647444939519,3.9339278958333335
ROU,1992.0,1.0,1.0,0.0,1,1,0,0,2.4020241874790527,-8.7672284522824,0.4282647444939519,3.38244437
ROU,1993.0,1.0,1.0,0.0,1,1,0,0,2.5762881430293563,1.52883449664077,0.4195432508091134,2.7144275875
ROU,1994.0,1.0,1.0,0.0,1,1,0,0,2.0181481038147786,3.93194272962506,0.41078437804868173,3.5351682466666667
ROU,1995.0,1.0,1.0,0.0,1,1,0,0,0.8991451634070579,6.23351148371351,0.37933377628195847,3.3100514933333334
ROU,1996.0,1.0,1.0,0.0,1,1,0,0,1.0300384314776392,3.90770208816159,0.11070798080163338,3.1400511850000004
ROU,1997.0,1.0,1.0,0.0,1,1,0,0,2.1250621149052136,-4.8490627379703,-0.18784479940252394,3.199334816666666
ROU,1998.0,1.0,1.0,0.0,1,1,0,0,1.339803579115425,-2.02981290571721,-0.15781558420937175,2.626002385
ROU,1999.0,0.0,0.0,0.0,1,1,0,0,1.1495469165833512,-0.376660705758994,-0.006008541439413364,2.8869701641666663
ROU,2000.0,0.0,0.0,0.0,0,0,0,0,1.147350024692602,2.4612634592269,0.16186720044825795,3.1165892308333336
ROU,2001.0,0.0,0.0,0.0,0,0,0,0,0.9458906040333812,5.21813625673708,0.06978743915693326,2.237447555
ROU,2002.0,0.0,0.0,0.0,0,0,0,0,0.657766901192026,5.70299165043771,0.39943946964972854,2.0336032691666666
ROU,2003.0,0.0,0.0,0.0,0,0,0,0,0.4114877416803131,2.34114732919521,0.1576718701112767,1.4457960183333334
ROU,2004.0,0.0,0.0,0.0,0,0,0,0,0.2612989521672845,10.4281130180976,0.3208575813103436,1.7008579225
ROU,2005.0,0.0,0.0,0.0,0,0,0,0,0.10538346234693456,4.6681480508487,0.20658401553091998,1.8895054916666665
ROU,2006.0,0.0,0.0,0.0,0,0,0,0,-0.0632629644469083,8.02881107599163,0.22718778262928707,2.2836022075
ROU,2007.0,0.0,0.0,0.0,0,0,0,0,-0.21269644315958966,7.23380774362805,0.03530786900766396,2.0393217333333333
ROU,2008.0,0.0,0.0,0.0,0,0,0,0,0.030555251708195477,9.30746717077338,-0.11754729589730135,1.3017102483333334
ROU,2009.0,0.0,0.0,0.0,0,0,0,0,-0.1434218206192201,-5.51670615843011,0.13745588089759114,1.0468915
ROU,2010.0,0.0,0.0,0.0,0,0,0,0,-0.10062829917838588,-3.90581157302972,0.15966022516528594,0.8691600608333333
ROU,2011.0,0.0,0.0,0.0,0,0,0,0,-0.12595438719515759,4.49558909946313,0.2072310832770852,0.5260605291666667
ROU,2012.0,0.0,0.0,0.0,0,0,0,0,-0.37857482404322396,1.90361696799603,0.12288999707496563,-0.0132494616666666
ROU,2013.0,0.0,0.0,0.0,0,0,0,0,-0.30152775700455925,0.278771877470234,0.18968681899938916,0.2878436908333333
ROU,2014.0,0.0,0.0,0.0,0,0,0,0,-0.7638573631748854,4.11600109267832,0.12468844962291734,0.61196865
ROU,2015.0,0.0,0.0,0.0,0,0,0,0,-1.4421886600132936,3.1570360543854,0.12693424559894587,0.5890241975
RUS,1960.0,1.0,0.0,1.0,1,0,0,1,3.8265321484371357,-2.99999564243126,-0.27777061422953253,6.9346889958333335
RUS,1961.0,1.0,0.0,1.0,1,0,0,1,3.8265321484371357,-2.99999564243126,-0.27777061422953253,6.9346889958333335
RUS,1962.0,1.0,0.0,1.0,1,0,0,1,3.8265321484371357,-2.99999564243126,-0.27777061422953253,6.9346889958333335
RUS,1963.0,1.0,0.0,1.0,1,0,0,1,3.8265321484371357,-2.99999564243126,-0.27777061422953253,6.9346889958333335
RUS,1964.0,1.0,0.0,1.0,1,0,0,1,3.8265321484371357,-2.99999564243126,-0.27777061422953253,6.9346889958333335
RUS,1965.0,1.0,0.0,1.0,1,0,0,1,3.8265321484371357,-2.99999564243126,-0.27777061422953253,6.9346889958333335
RUS,1966.0,1.0,0.0,1.0,1,0,0,1,3.8265321484371357,-2.99999564243126,-0.27777061422953253,6.9346889958333335
RUS,1967.0,1.0,0.0,1.0,1,0,0,1,3.8265321484371357,-2.99999564243126,-0.27777061422953253,6.9346889958333335
RUS,1968.0,1.0,0.0,1.0,1,0,0,1,3.8265321484371357,-2.99999564243126,-0.27777061422953253,6.9346889958333335
RUS,1969.0,1.0,0.0,1.0,1,0,0,1,3.8265321484371357,-2.99999564243126,-0.27777061422953253,6.9346889958333335
RUS,1970.0,1.0,0.0,1.0,1,0,0,1,3.8265321484371357,-2.99999564243126,-0.27777061422953253,6.9346889958333335
RUS,1971.0,1.0,0.0,1.0,1,0,0,1,3.8265321484371357,-2.99999564243126,-0.27777061422953253,6.9346889958333335
RUS,1972.0,1.0,0.0,1.0,1,0,0,1,3.8265321484371357,-2.99999564243126,-0.27777061422953253,6.9346889958333335
RUS,1973.0,1.0,0.0,1.0,1,0,0,1,3.8265321484371357,-2.99999564243126,-0.27777061422953253,6.9346889958333335
RUS,1974.0,1.0,0.0,1.0,1,0,0,1,3.8265321484371357,-2.99999564243126,-0.27777061422953253,6.9346889958333335
RUS,1975.0,1.0,0.0,1.0,1,0,0,1,3.8265321484371357,-2.99999564243126,-0.27777061422953253,6.9346889958333335
RUS,1976.0,1.0,0.0,1.0,1,0,0,1,3.8265321484371357,-2.99999564243126,-0.27777061422953253,6.9346889958333335
RUS,1977.0,1.0,0.0,1.0,1,0,0,1,3.8265321484371357,-2.99999564243126,-0.27777061422953253,6.9346889958333335
RUS,1978.0,1.0,0.0,1.0,1,0,0,1,3.8265321484371357,-2.99999564243126,-0.27777061422953253,6.9346889958333335
RUS,1979.0,1.0,0.0,1.0,1,0,0,1,3.8265321484371357,-2.99999564243126,-0.27777061422953253,6.9346889958333335
RUS,1980.0,1.0,0.0,1.0,1,0,0,1,3.8265321484371357,-2.99999564243126,-0.27777061422953253,6.9346889958333335
RUS,1981.0,1.0,0.0,1.0,1,0,0,1,3.8265321484371357,-2.99999564243126,-0.27777061422953253,6.9346889958333335
RUS,1982.0,1.0,0.0,1.0,1,0,0,1,3.8265321484371357,-2.99999564243126,-0.27777061422953253,6.9346889958333335
RUS,1983.0,1.0,0.0,1.0,1,0,0,1,3.8265321484371357,-2.99999564243126,-0.27777061422953253,5.888257380833333
RUS,1984.0,1.0,0.0,1.0,1,0,0,1,3.8265321484371357,-2.99999564243126,-0.27777061422953253,6.6373992375
RUS,1985.0,1.0,0.0,1.0,1,0,0,1,3.8265321484371357,-2.99999564243126,-0.27777061422953253,5.660392525833333
RUS,1986.0,1.0,0.0,1.0,1,0,0,1,3.8265321484371357,-2.99999564243126,-0.27777061422953253,4.048303089166667
RUS,1987.0,1.0,0.0,1.0,1,0,0,1,3.8265321484371357,-2.99999564243126,-0.27777061422953253,4.218014031666667
RUS,1988.0,1.0,0.0,1.0,1,0,0,1,3.8265321484371357,-2.99999564243126,-0.27777061422953253,4.452901190833333
RUS,1989.0,0.0,0.0,0.0,1,0,0,1,3.8265321484371357,-2.99999564243126,-0.27777061422953253,4.4047298725
RUS,1990.0,1.0,0.0,1.0,0,0,0,0,3.8265321484371357,-2.99999564243126,-0.27777061422953253,4.3208969375
RUS,1991.0,1.0,0.0,1.0,1,0,0,1,3.8265321484371357,-5.04693945142463,-0.27777061422953253,3.9339278958333335
RUS,1992.0,1.0,0.0,1.0,1,0,0,1,3.8265321484371357,-14.5310737729264,-0.27777061422953253,3.38244437
RUS,1993.0,1.0,0.0,1.0,1,0,0,1,3.8265321484371357,-8.66854034260423,-0.09332478588841704,2.7144275875
RUS,1994.0,1.0,1.0,1.0,1,0,0,1,2.7533495800902514,-12.5697559802151,0.4029670547634715,3.5351682466666667
RUS,1995.0,1.0,0.0,1.0,1,1,0,1,2.3408688095823886,-4.1435284052602,0.6462370063126843,3.3100514933333334
RUS,1996.0,1.0,0.0,1.0,1,0,0,1,1.1801572585617977,-3.7550694383594,0.6833105514535358,3.1400511850000004
RUS,1997.0,1.0,1.0,1.0,1,0,0,1,0.3907143612280193,1.3999158052963,1.0217516534387234,3.199334816666666
RUS,1998.0,1.0,0.0,1.0,1,1,0,1,0.7946865128612943,-5.2999616266239,1.2227244685618426,2.626002385
RUS,1999.0,1.0,0.0,1.0,1,0,0,1,1.630783646857558,6.39991469144101,1.1927042361009643,2.8869701641666663
RUS,2000.0,0.0,0.0,0.0,1,0,0,1,0.6055069419940128,10.0000668136515,0.8344299761075796,3.1165892308333336
RUS,2001.0,0.0,0.0,0.0,0,0,0,0,0.6262810092889872,5.10005122572568,0.5626265354087447,2.237447555
RUS,2002.0,0.0,0.0,0.0,0,0,0,0,0.4318213235792386,4.69999190914258,0.3526152655423806,2.0336032691666666
RUS,2003.0,0.0,0.0,0.0,0,0,0,0,0.3441259672609148,7.29995234528189,0.42284241205036893,1.4457960183333334
RUS,2004.0,0.0,0.0,0.0,0,0,0,0,0.21128840372172483,7.19994786954857,0.3330529504361655,1.7008579225
RUS,2005.0,0.0,0.0,0.0,0,0,0,0,0.30000773462110636,6.39996544799469,0.2050733815939343,1.8895054916666665
RUS,2006.0,0.0,0.0,0.0,0,0,0,0,0.14415172737117984,8.20006825456321,0.20399366296000976,2.2836022075
RUS,2007.0,1.0,1.0,0.0,0,0,0,0,0.1049191376184704,8.49997776916511,-0.03842399704558841,2.0393217333333333
RUS,2008.0,1.0,1.0,0.0,1,1,0,0,0.3634656546900619,5.19996926404957,0.014519635439362513,1.3017102483333334
RUS,2009.0,1.0,1.0,0.0,1,1,0,0,0.2500830058026114,-7.79999391271275,0.4662037696957097,1.0468915
RUS,2010.0,1.0,1.0,0.0,1,1,0,0,-0.040994872702411325,4.49999999920672,0.2562312586349754,0.8691600608333333
RUS,2011.0,1.0,1.0,0.0,1,1,0,0,0.06946006980861738,4.30002918567749,0.07209576105641381,0.5260605291666667
RUS,2012.0,1.0,1.0,0.0,1,1,0,0,-0.18997344024410204,4.02408615746921,-0.19601904066149484,-0.0132494616666666
RUS,2013.0,1.0,1.0,0.0,1,1,0,0,-0.04816664474304649,1.75542214874298,-0.18837114077233802,0.2878436908333333
RUS,2014.0,0.0,0.0,0.0,1,1,0,0,0.028473309814968005,0.736267221765672,-0.26924736382058934,0.61196865
RUS,2015.0,0.0,0.0,0.0,0,0,0,0,0.42185294669774215,-1.97271922580408,-0.1617064475225774,0.5890241975
SGP,1960.0,0.0,0.0,0.0,0,0,0,0,-0.9523740027457279,8.13752950817668,-0.049429929461200846,6.9346889958333335
SGP,1961.0,0.0,0.0,0.0,0,0,0,0,-0.9523740027457279,8.13752950817668,-0.049429929461200846,6.9346889958333335
SGP,1962.0,0.0,0.0,0.0,0,0,0,0,-0.945830369610917,7.55344418052258,-0.049429929461200846,6.9346889958333335
SGP,1963.0,0.0,0.0,0.0,0,0,0,0,-0.5403452097987168,10.0401733131415,-0.049429929461200846,6.9346889958333335
SGP,1964.0,0.0,0.0,0.0,0,0,0,0,-0.6244684831259238,-3.10316815597076,-0.049429929461200846,6.9346889958333335
SGP,1965.0,0.0,0.0,0.0,0,0,0,0,-1.0324835137161956,7.83426046474929,-0.049429929461200846,6.9346889958333335
SGP,1966.0,0.0,0.0,0.0,0,0,0,0,-0.5739352083123571,10.180095306912,-0.049429929461200846,6.9346889958333335
SGP,1967.0,0.0,0.0,0.0,0,0,0,0,-0.3775823031524808,12.508612746034,-0.049429929461200846,6.9346889958333335
SGP,1968.0,0.0,0.0,0.0,0,0,0,0,-0.8726208263927087,13.5269942226387,-0.049429929461200846,6.9346889958333335
SGP,1969.0,0.0,0.0,0.0,0,0,0,0,-1.2446181616727614,13.8338251160131,-0.049429929461200846,6.9346889958333335
SGP,1970.0,0.0,0.0,0.0,0,0,0,0,-0.931480567159361,13.9420030031916,-0.049429929461200846,6.9346889958333335
SGP,1971.0,0.0,0.0,0.0,0,0,0,0,-0.6179218692930435,12.4134371586342,-0.38570189128515603,6.9346889958333335
SGP,1972.0,0.0,0.0,0.0,0,0,0,0,-0.5610868131324248,13.3155626083739,-0.41505779976553253,6.9346889958333335
SGP,1973.0,0.0,0.0,0.0,0,0,0,0,0.5685742063966045,10.6030030171787,-0.47209898150797397,6.9346889958333335
SGP,1974.0,0.0,0.0,0.0,0,0,0,0,0.6527721239063424,6.11740437109883,-0.6441755762511395,6.9346889958333335
SGP,1975.0,0.0,0.0,0.0,0,0,0,0,-0.48834600512624016,3.98873862550901,-0.4599487104931451,6.9346889958333335
SGP,1976.0,0.0,0.0,0.0,0,0,0,0,-2.5619390154333437,7.43716681814959,-0.4812624825145571,6.9346889958333335
SGP,1977.0,0.0,0.0,0.0,0,0,0,0,-0.40050947035282625,6.85244239382494,-0.6575639628161267,6.9346889958333335
SGP,1978.0,0.0,0.0,0.0,0,0,0,0,-0.20927595155452272,7.77718195422017,-1.3251940515274923,6.9346889958333335
SGP,1979.0,0.0,0.0,0.0,0,0,0,0,-0.29136088623511336,9.55444873972347,-1.3940530723029187,6.9346889958333335
SGP,1980.0,0.0,0.0,0.0,0,0,0,0,0.07498729907297895,10.1133721068475,-1.5622178062906473,6.9346889958333335
SGP,1981.0,1.0,1.0,0.0,0,0,0,0,0.05267583188681831,10.8159232986752,-1.6469172577062285,6.9346889958333335
SGP,1982.0,0.0,0.0,0.0,1,1,0,0,-0.30921604604646047,7.10214484891354,-1.735924613761426,6.9346889958333335
SGP,1983.0,0.0,0.0,0.0,0,0,0,0,-0.7339554778734932,8.55448210614414,-1.6239282068853824,5.888257380833333
SGP,1984.0,0.0,0.0,0.0,0,0,0,0,-0.47872531516159544,8.79228623912256,-1.1287889584468358,6.6373992375
SGP,1985.0,0.0,0.0,0.0,0,0,0,0,-0.9260814980161299,-0.622701650113157,-0.5466661206601793,5.660392525833333
SGP,1986.0,0.0,0.0,0.0,0,0,0,0,-2.0891971686684006,1.34281041445436,0.1332091071159923,4.048303089166667
SGP,1987.0,0.0,0.0,0.0,0,0,0,0,-0.9124190692632597,10.7979324702819,-0.3282960669716018,4.218014031666667
SGP,1988.0,0.0,0.0,0.0,0,0,0,0,-0.6640266633589418,11.26359213382,-0.7897327929866887,4.452901190833333
SGP,1989.0,0.0,0.0,0.0,0,0,0,0,-0.5177891622854076,10.1588286387889,-1.2822829067759787,4.4047298725
SGP,1990.0,0.0,0.0,0.0,0,0,0,0,-0.3629062224454875,9.82089955731777,-1.322783045690883,4.3208969375
SGP,1991.0,0.0,0.0,0.0,0,0,0,0,-0.3672319592722384,6.68839753958379,-1.364217326591665,3.9339278958333335
SGP,1992.0,0.0,0.0,0.0,0,0,0,0,-0.530936494414519,6.63980556949564,-0.9633282123504869,3.38244437
SGP,1993.0,0.0,0.0,0.0,0,0,0,0,-0.5267199009685689,11.459650875246,-0.9712571205396854,2.7144275875
SGP,1994.0,0.0,0.0,0.0,0,0,0,0,-0.4088975407404681,11.0956893100227,-0.987217842376736,3.5351682466666667
SGP,1995.0,0.0,0.0,0.0,0,0,0,0,-0.6255182129701912,7.17540112091071,-0.88206305329456,3.3100514933333334
SGP,1996.0,0.0,0.0,0.0,0,0,0,0,-0.6929638023371592,7.47139086002002,-0.7825398012971078,3.1400511850000004
SGP,1997.0,0.0,0.0,0.0,0,0,0,0,-0.57431790442577,8.31620911124497,-1.2129580524262054,3.199334816666666
SGP,1998.0,0.0,0.0,0.0,0,0,0,0,-1.2415431001032051,-2.19101500611274,-0.8408736424091856,2.626002385
SGP,1999.0,0.0,0.0,0.0,0,0,0,0,-1.0998123042861174,5.71837175710837,-0.3711898056590811,2.8869701641666663
SGP,2000.0,0.0,0.0,0.0,0,0,0,0,-0.697549649187207,9.03831632555163,-0.7364461613130664,3.1165892308333336
SGP,2001.0,0.0,0.0,0.0,0,0,0,0,-0.7811574495566174,-1.07086275100448,-0.7155477363074956,2.237447555
SGP,2002.0,0.0,0.0,0.0,0,0,0,0,-1.3131256240369893,3.92336076702013,-0.15263974114678155,2.0336032691666666
SGP,2003.0,0.0,0.0,0.0,0,0,0,0,-0.9172526909888492,4.54825542643229,-0.08157355794208664,1.4457960183333334
SGP,2004.0,0.0,0.0,0.0,0,0,0,0,-0.6365399146634271,9.93998268434957,-0.10413762893519657,1.7008579225
SGP,2005.0,0.0,0.0,0.0,0,0,0,0,-0.9439978427708284,7.36632239250758,-0.16820842362088306,1.8895054916666665
SGP,2006.0,0.0,0.0,0.0,0,0,0,0,-0.7890022787918403,9.00676607871758,-0.4812624825145571,2.2836022075
SGP,2007.0,0.0,0.0,0.0,0,0,0,0,-0.5561817263356812,9.02151951268893,-0.6676678271600133,2.0393217333333333
SGP,2008.0,0.0,0.0,0.0,0,0,0,0,-0.05730251731359844,1.86348345462035,-0.6475138014046549,1.3017102483333334
SGP,2009.0,0.0,0.0,0.0,0,0,0,0,-0.8922233413901017,0.127953382778088,-0.09910101667084284,1.0468915
SGP,2010.0,0.0,0.0,0.0,0,0,0,0,-0.44587040788530613,14.5197497108994,-0.5947952976446564,0.8691600608333333
SGP,2011.0,0.0,0.0,0.0,0,0,0,0,-0.1735827307777947,6.21493416858989,-0.6710478224970591,0.5260605291666667
SGP,2012.0,0.0,0.0,0.0,0,0,0,0,-0.23816434742659043,4.43549759378537,-0.7294541894402716,-0.0132494616666666
SGP,2013.0,0.0,0.0,0.0,0,0,0,0,-0.5148061497423052,4.81763099120676,-0.6812242546042401,0.2878436908333333
SGP,2014.0,0.0,0.0,0.0,0,0,0,0,-0.7723406519926636,3.93554027709007,-0.7224881159715212,0.61196865
SGP,2015.0,0.0,0.0,0.0,0,0,0,0,-1.3944385479508,2.97679931634806,-0.705184901197239,0.5890241975
SLV,1960.0,0.0,0.0,0.0,0,0,0,0,-1.1251248677843126,7.16113774212035,-0.7259679282511572,6.9346889958333335
SLV,1961.0,0.0,0.0,0.0,0,0,0,0,-3.617531214604757,7.16113774212035,-0.7259679282511572,6.9346889958333335
SLV,1962.0,0.0,0.0,0.0,0,0,0,0,-1.0656956588265616,7.16113774212035,-0.7259679282511572,6.9346889958333335
SLV,1963.0,0.0,0.0,0.0,0,0,0,0,-0.6548589323347592,7.16113774212035,-0.7259679282511572,6.9346889958333335
SLV,1964.0,0.0,0.0,0.0,0,0,0,0,-0.6185637738322347,7.16113774212035,-0.7259679282511572,6.9346889958333335
SLV,1965.0,0.0,0.0,0.0,0,0,0,0,-0.9335481666758367,7.16113774212035,-0.7259679282511572,6.9346889958333335
SLV,1966.0,0.0,0.0,0.0,0,0,0,0,-1.9061604010704156,7.16113774212035,-0.7259679282511572,6.9346889958333335
SLV,1967.0,0.0,0.0,0.0,0,0,0,0,-0.675485022514267,5.43684884780356,-0.7259679282511572,6.9346889958333335
SLV,1968.0,0.0,0.0,0.0,0,0,0,0,-0.4881731503271945,3.23669238728887,-0.7259679282511572,6.9346889958333335
SLV,1969.0,0.0,0.0,0.0,0,0,0,0,-1.2024379247644599,3.48541881377602,-0.7259679282511572,6.9346889958333335
SLV,1970.0,0.0,0.0,0.0,0,0,0,0,-0.44741576808141625,2.97729509281315,-0.7259679282511572,6.9346889958333335
SLV,1971.0,0.0,0.0,0.0,0,0,0,0,-0.9371867329894472,3.85825751349313,-0.7259679282511572,6.9346889958333335
SLV,1972.0,0.0,0.0,0.0,0,0,0,0,-0.6616056970167116,6.11753368716674,-0.7259679282511572,6.9346889958333335
SLV,1973.0,0.0,0.0,0.0,0,0,0,0,-0.07634939082137286,4.86167350408661,-0.7259679282511572,6.9346889958333335
SLV,1974.0,0.0,0.0,0.0,0,0,0,0,0.4738599327133282,5.33600110676542,-0.7259679282511572,6.9346889958333335
SLV,1975.0,0.0,0.0,0.0,0,0,0,0,0.5505193136160016,2.92353188852029,-0.7259679282511572,6.9346889958333335
SLV,1976.0,0.0,0.0,0.0,0,0,0,0,-0.027180090917936005,5.04926017375946,-0.7259679282511572,6.9346889958333335
SLV,1977.0,0.0,0.0,0.0,0,0,0,0,0.2586426579550863,6.78006172824861,-0.7259679282511572,6.9346889958333335
SLV,1978.0,0.0,0.0,0.0,0,0,0,0,0.3269300167652031,5.32276583472789,-0.7259679282511572,6.9346889958333335
SLV,1979.0,0.0,0.0,0.0,0,0,0,0,0.3611265750999053,-4.18026543326904,0.12199016447700517,6.9346889958333335
SLV,1980.0,1.0,0.0,1.0,0,0,0,0,0.4909018360959576,-15.8368642948659,1.2331665657090947,6.9346889958333335
SLV,1981.0,1.0,0.0,1.0,1,0,0,1,0.3921862406820407,-5.72099045152937,1.3263338072270225,6.9346889958333335
SLV,1982.0,1.0,0.0,1.0,1,0,0,1,0.25413206508645464,-6.30847137584757,1.4156687688872807,6.9346889958333335
SLV,1983.0,1.0,0.0,1.0,1,0,0,1,0.3286846269564722,1.53902528398682,1.5014939951519348,5.888257380833333
SLV,1984.0,1.0,0.0,1.0,1,0,0,1,0.2430712709130218,1.3352580295922,1.5840921913835466,6.6373992375
SLV,1985.0,1.0,0.0,1.0,1,0,0,1,0.6516010050330284,0.614316239316253,1.6637125835746147,5.660392525833333
SLV,1986.0,1.0,0.0,1.0,1,0,0,1,0.8925010290144443,0.19467303778427,0.4986004780074327,4.048303089166667
SLV,1987.0,1.0,0.0,1.0,1,0,0,1,0.7225422878324511,2.50816921310606,0.5666080909289782,4.218014031666667
SLV,1988.0,1.0,1.0,1.0,1,0,0,1,0.572614066420273,1.878176962178,0.6324466455215244,4.452901190833333
SLV,1989.0,1.0,1.0,1.0,1,1,0,1,0.50046172828424,0.964059196617328,0.44559694994901533,4.4047298725
SLV,1990.0,1.0,0.0,1.0,1,1,0,1,0.6990434425580915,4.83290057793786,0.7332946102959382,4.3208969375
SLV,1991.0,1.0,0.0,1.0,1,0,0,1,0.3758155959826791,1.49408756791307,0.28195579081429906,3.9339278958333335
SLV,1992.0,1.0,0.0,1.0,1,0,0,1,0.22820641116023913,7.02196331575217,0.35341793231251484,3.38244437
SLV,1993.0,1.0,0.0,1.0,1,0,0,1,0.5308846594665508,5.81831555719015,0.7299547844619876,2.7144275875
SLV,1994.0,1.0,0.0,1.0,1,0,0,1,0.19520276645465698,4.6920617266787,0.3128911189832213,3.5351682466666667
SLV,1995.0,1.0,0.0,1.0,1,0,0,1,0.16468433048435857,4.73408140229732,0.30674171183651977,3.3100514933333334
SLV,1996.0,0.0,0.0,0.0,1,0,0,1,0.15105814537984555,0.811461899328009,0.3128911189832213,3.1400511850000004
SLV,1997.0,1.0,1.0,0.0,0,0,0,0,-0.24741487791620104,3.13797006665828,0.3733824024383756,3.199334816666666
SLV,1998.0,1.0,1.0,0.0,1,1,0,0,-0.48676416700447317,2.65227730016461,0.19055680276884043,2.626002385
SLV,1999.0,0.0,0.0,0.0,1,1,0,0,-0.9150750225327079,2.16203373722973,0.23358350767421485,2.8869701641666663
SLV,2000.0,0.0,0.0,0.0,0,0,0,0,-0.5296124415056661,1.12790697674419,0.15988103193924638,3.1165892308333336
SLV,2001.0,0.0,0.0,0.0,0,0,0,0,-0.32819880553335634,0.879613659882722,0.15988103193924638,2.237447555
SLV,2002.0,0.0,0.0,0.0,0,0,0,0,-0.5987425081725316,1.57291844759789,-0.015388301792074307,2.0336032691666666
SLV,2003.0,0.0,0.0,0.0,0,0,0,0,-0.554403221328717,1.56539303147618,0.14658942139951783,1.4457960183333334
SLV,2004.0,0.0,0.0,0.0,0,0,0,0,-0.251349494641308,0.889404485692197,0.12423898794539538,1.7008579225
SLV,2005.0,0.0,0.0,0.0,0,0,0,0,-0.22710957674619767,2.68083009363194,0.21648294773819024,1.8895054916666665
SLV,2006.0,0.0,0.0,0.0,0,0,0,0,-0.2957005369543994,4.3369986028604,0.07186504906192939,2.2836022075
SLV,2007.0,0.0,0.0,0.0,0,0,0,0,-0.23844378918254744,1.84760220587859,0.03460274637266231,2.0393217333333333
SLV,2008.0,0.0,0.0,0.0,0,0,0,0,-0.05173390483565486,2.15440298282768,-0.09407724780601466,1.3017102483333334
SLV,2009.0,0.0,0.0,0.0,0,0,0,0,-0.766826752677535,-2.10876837627522,0.2399590194691024,1.0468915
SLV,2010.0,0.0,0.0,0.0,0,0,0,0,-0.7378523564698852,2.15419536693635,-0.35879603252255216,0.8691600608333333
SLV,2011.0,0.0,0.0,0.0,0,0,0,0,-0.18489598552229067,3.77358499834686,-0.5381305579350694,0.5260605291666667
SLV,2012.0,0.0,0.0,0.0,0,0,0,0,-0.6237826958823623,2.88770010188691,-0.6870153446552106,-0.0132494616666666
SLV,2013.0,0.0,0.0,0.0,0,0,0,0,-0.8436549869589788,2.18295232499635,-0.7388995082181073,0.2878436908333333
SLV,2014.0,0.0,0.0,0.0,0,0,0,0,-0.7466186948737059,1.7293998423459,-0.5837788178425677,0.61196865
SLV,2015.0,0.0,0.0,0.0,0,0,0,0,-1.5382388666143851,2.40000008852115,-0.6348597416933446,0.5890241975
SWE,1960.0,0.0,0.0,0.0,0,0,0,0,-0.2842203867076473,5.68129282767997,-1.513287173435987,6.9346889958333335
SWE,1961.0,0.0,0.0,0.0,0,0,0,0,-0.5481331422641063,5.68129282767997,-1.513287173435987,6.9346889958333335
SWE,1962.0,0.0,0.0,0.0,0,0,0,0,-0.21966068462974658,4.25904719368346,-1.513287173435987,6.9346889958333335
SWE,1963.0,0.0,0.0,0.0,0,0,0,0,-0.43987604971294453,5.32793383778119,-1.513287173435987,6.9346889958333335
SWE,1964.0,0.0,0.0,0.0,0,0,0,0,-0.3719601882451288,6.82116446107321,-1.513287173435987,6.9346889958333335
SWE,1965.0,0.0,0.0,0.0,0,0,0,0,-0.19582941974861862,3.821507586275,-1.513287173435987,6.9346889958333335
SWE,1966.0,0.0,0.0,0.0,0,0,0,0,-0.07533186182805916,2.09084426689796,-1.513287173435987,6.9346889958333335
SWE,1967.0,0.0,0.0,0.0,0,0,0,0,-0.2683757479176294,3.36538864517098,-1.513287173435987,6.9346889958333335
SWE,1968.0,0.0,0.0,0.0,0,0,0,0,-0.5848915192667313,3.638505638623,-1.513287173435987,6.9346889958333335
SWE,1969.0,0.0,0.0,0.0,0,0,0,0,-0.46539216979164105,5.00907518225404,-1.513287173435987,6.9346889958333335
SWE,1970.0,0.0,0.0,0.0,0,0,0,0,-0.02853434155298351,6.47367396370416,-1.729847229255107,6.9346889958333335
SWE,1971.0,0.0,0.0,0.0,0,0,0,0,-0.0010522672593561034,0.944646218021433,-1.1904275519576886,6.9346889958333335
SWE,1972.0,0.0,0.0,0.0,0,0,0,0,-0.10757561224679907,2.28873878707626,-1.1244650055210321,6.9346889958333335
SWE,1973.0,0.0,0.0,0.0,0,0,0,0,-0.05096351308576869,3.96798115589563,-1.2311863222988264,6.9346889958333335
SWE,1974.0,0.0,0.0,0.0,0,0,0,0,0.15804177090248359,3.19819561873223,-1.4656732966284045,6.9346889958333335
SWE,1975.0,0.0,0.0,0.0,0,0,0,0,0.15054097355194013,2.55286265850103,-1.6643593346217558,6.9346889958333335
SWE,1976.0,0.0,0.0,0.0,0,0,0,0,0.1768891488621514,1.05810489091265,-1.6702122382807405,6.9346889958333335
SWE,1977.0,0.0,0.0,0.0,0,0,0,0,0.2397779687311344,-1.59625857600648,-1.5267436267045842,6.9346889958333335
SWE,1978.0,0.0,0.0,0.0,0,0,0,0,0.16275362153687767,1.75154803918647,-1.3940530723029187,6.9346889958333335
SWE,1979.0,0.0,0.0,0.0,0,0,0,0,-0.014377598865301067,3.84000348607525,-1.2705423965866958,6.9346889958333335
SWE,1980.0,0.0,0.0,0.0,0,0,0,0,0.34600776953265955,1.69997145285421,-1.1549502897446136,6.9346889958333335
SWE,1981.0,0.0,0.0,0.0,0,0,0,0,0.27246722700428383,0.454830427902976,-1.046263109786236,6.9346889958333335
SWE,1982.0,0.0,0.0,0.0,0,0,0,0,0.0789385827705366,1.24866467425022,-0.9436535061108242,6.9346889958333335
SWE,1983.0,0.0,0.0,0.0,0,0,0,0,0.09667987097717719,1.90063868064665,-0.8151282589621281,5.888257380833333
SWE,1984.0,0.0,0.0,0.0,0,0,0,0,0.043559684276166404,4.22953525809793,-0.9712571205396854,6.6373992375
SWE,1985.0,0.0,0.0,0.0,0,0,0,0,-0.002685854242845137,2.16037374917175,-1.0691654606266354,5.660392525833333
SWE,1986.0,0.0,0.0,0.0,0,0,0,0,-0.27406665518772316,2.69132318957357,-1.3397284686060005,4.048303089166667
SWE,1987.0,0.0,0.0,0.0,0,0,0,0,-0.27915299965838564,3.35384296895474,-1.3790729861019473,4.218014031666667
SWE,1988.0,0.0,0.0,0.0,0,0,0,0,-0.12291642954053589,2.55903868133913,-1.5594635569206186,4.452901190833333
SWE,1989.0,0.0,0.0,0.0,0,0,0,0,-0.07229115431762893,2.65480690949124,-1.7604490398829518,4.4047298725
SWE,1990.0,1.0,1.0,0.0,0,0,0,0,0.1833264155357593,0.754674765275468,-1.5589132230576794,4.3208969375
SWE,1991.0,1.0,1.0,0.0,1,1,0,0,0.13110453384256257,-1.14597485051154,-0.8987976270994985,3.9339278958333335
SWE,1992.0,1.0,1.0,0.0,1,1,0,0,-0.5132419900458044,-1.15859275987265,-0.10615588577218792,3.38244437
SWE,1993.0,1.0,1.0,0.0,1,1,0,0,-0.22341410546117177,-2.06561636908388,0.6519705143129845,2.7144275875
SWE,1994.0,0.0,0.0,0.0,1,1,0,0,-0.5481057743665112,4.01576585901515,0.7037190379251286,3.5351682466666667
SWE,1995.0,0.0,0.0,0.0,0,0,0,0,-0.5007134245031287,4.09438992772475,0.5479005986422381,3.3100514933333334
SWE,1996.0,0.0,0.0,0.0,0,0,0,0,-0.9093574946534629,1.70471985374236,0.6632177050275282,3.1400511850000004
SWE,1997.0,0.0,0.0,0.0,0,0,0,0,-0.8717438172850748,3.06499186399252,0.7988331131688634,3.199334816666666
SWE,1998.0,0.0,0.0,0.0,0,0,0,0,-1.2413387029503276,4.24583179417877,0.5559129118018046,2.626002385
SWE,1999.0,0.0,0.0,0.0,0,0,0,0,-0.9318615908988099,4.20111929805536,0.297894909082402,2.8869701641666663
SWE,2000.0,0.0,0.0,0.0,0,0,0,0,-0.8059104825077603,4.63112136551369,-0.20078109371181935,3.1165892308333336
SWE,2001.0,0.0,0.0,0.0,0,0,0,0,-0.5083117792693121,1.36080642694121,-0.40620397743822995,2.237447555
SWE,2002.0,0.0,0.0,0.0,0,0,0,0,-0.5480486635970313,2.27772867861897,-0.3382198982395975,2.0336032691666666
SWE,2003.0,0.0,0.0,0.0,0,0,0,0,-0.5879819433046897,1.88102769675844,-0.17734757620302583,1.4457960183333334
SWE,2004.0,0.0,0.0,0.0,0,0,0,0,-0.9613031312146109,4.17958419343711,0.10004437846058443,1.7008579225
SWE,2005.0,0.0,0.0,0.0,0,0,0,0,-0.9347849575262922,2.79313782840156,0.3393253178537861,1.8895054916666665
SWE,2006.0,0.0,0.0,0.0,0,0,0,0,-0.6978507070030083,4.67607488877992,0.183149915111836,2.2836022075
SWE,2007.0,1.0,1.0,0.0,0,0,0,0,-0.5392043905669871,3.22486814096095,-0.02481266333384434,2.0393217333333333
SWE,2008.0,1.0,1.0,0.0,1,1,0,0,-0.36582833131523296,-0.923113250067971,-0.006968528635499544,1.3017102483333334
SWE,2009.0,1.0,1.0,0.0,1,1,0,0,-1.3767426774802387,-4.25561384207619,0.44578870784757196,1.0468915
SWE,2010.0,0.0,0.0,0.0,1,1,0,0,-0.742761810147437,5.75076477579255,0.49485957712395,0.8691600608333333
SWE,2011.0,0.0,0.0,0.0,0,0,0,0,-0.42756444606560096,3.16388567406926,0.3381128213925096,0.5260605291666667
SWE,2012.0,0.0,0.0,0.0,0,0,0,0,-0.8086955007650157,-0.414397702454409,0.37258757080089866,-0.0132494616666666
SWE,2013.0,0.0,0.0,0.0,0,0,0,0,-1.1276057922509601,1.13766671801426,0.38763661128466503,0.2878436908333333
SWE,2014.0,0.0,0.0,0.0,0,0,0,0,-1.1944156846630614,2.29577238758284,0.36821044392740143,0.61196865
SWE,2015.0,0.0,0.0,0.0,0,0,0,0,-1.1287718537181421,4.38824673608589,0.26148638877724956,0.5890241975
THA,1960.0,0.0,0.0,0.0,0,0,0,0,-1.5634509107027648,5.36214630168787,-2.8152332123001282,6.9346889958333335
THA,1961.0,0.0,0.0,0.0,0,0,0,0,-0.001660041551203775,5.36214630168787,-2.8152332123001282,6.9346889958333335
THA,1962.0,0.0,0.0,0.0,0,0,0,0,-0.3346030110644385,7.55425444784086,-2.8152332123001282,6.9346889958333335
THA,1963.0,0.0,0.0,0.0,0,0,0,0,-0.6785585411054529,7.99983078698784,-2.8152332123001282,6.9346889958333335
THA,1964.0,0.0,0.0,0.0,0,0,0,0,-1.5829078996030728,6.83099614370542,-2.8152332123001282,6.9346889958333335
THA,1965.0,0.0,0.0,0.0,0,0,0,0,-1.0372981896724054,8.18166153767717,-2.8152332123001282,6.9346889958333335
THA,1966.0,0.0,0.0,0.0,0,0,0,0,-0.29591300443676904,11.1225184946389,-2.8152332123001282,6.9346889958333335
THA,1967.0,0.0,0.0,0.0,0,0,0,0,-0.2662218179777532,8.61598233328198,-2.8152332123001282,6.9346889958333335
THA,1968.0,0.0,0.0,0.0,0,0,0,0,-0.6124727208624622,8.12227025554289,-2.8152332123001282,6.9346889958333335
THA,1969.0,0.0,0.0,0.0,0,0,0,0,-0.5014442279210766,6.55065988587748,-2.8152332123001282,6.9346889958333335
THA,1970.0,0.0,0.0,0.0,0,0,0,0,-1.1484282477654202,11.4079490662098,-2.8152332123001282,6.9346889958333335
THA,1971.0,0.0,0.0,0.0,0,0,0,0,-0.9246322539027835,4.89537376024299,-2.8152332123001282,6.9346889958333335
THA,1972.0,0.0,0.0,0.0,0,0,0,0,-0.2126538424543497,4.27850803861051,-2.479752725268441,6.9346889958333335
THA,1973.0,0.0,0.0,0.0,0,0,0,0,0.4208720023964066,10.2364330148798,-2.5573106455908197,6.9346889958333335
THA,1974.0,0.0,0.0,0.0,0,0,0,0,0.7076615634814921,4.46625338575453,-2.5180695658477283,6.9346889958333335
THA,1975.0,0.0,0.0,0.0,0,0,0,0,-0.1663779493606147,4.97040522766497,-2.5375715980389324,6.9346889958333335
THA,1976.0,0.0,0.0,0.0,0,0,0,0,-0.28340261980428033,9.32681108178437,-2.396689259230662,6.9346889958333335
THA,1977.0,0.0,0.0,0.0,0,0,0,0,0.013410338594402748,9.84346323531113,-2.1465787829930654,6.9346889958333335
THA,1978.0,1.0,1.0,0.0,0,0,0,0,0.03551091203342316,10.2957465349385,-2.266934253070822,6.9346889958333335
THA,1979.0,0.0,0.0,0.0,1,1,0,0,0.15722872109070984,5.37176651254237,-2.1311655940276077,6.9346889958333335
THA,1980.0,0.0,0.0,0.0,0,0,0,0,0.570744620408734,5.17354100571934,-2.1235116594566064,6.9346889958333335
THA,1981.0,0.0,0.0,0.0,0,0,0,0,0.2989697280055162,5.90686776303639,-1.8885754134438073,6.9346889958333335
THA,1982.0,1.0,1.0,0.0,0,0,0,0,-0.17285599997709097,5.35234875066743,-1.1418226742497353,6.9346889958333335
THA,1983.0,1.0,1.0,0.0,1,1,0,0,-0.3310328525716392,5.58420246919084,-1.040066307095482,5.888257380833333
THA,1984.0,1.0,1.0,0.0,1,1,0,0,-0.8148172045984521,5.75243025148993,-1.040066307095482,6.6373992375
THA,1985.0,1.0,1.0,0.0,1,1,0,0,-0.5043188833541523,4.64724035659331,-0.3481948559885504,5.660392525833333
THA,1986.0,1.0,1.0,0.0,1,1,0,0,-0.6030647368465751,5.53382776724771,-0.8078371527527666,4.048303089166667
THA,1987.0,0.0,0.0,0.0,1,1,0,0,-0.49897927490039246,9.5189460221079,-0.12186793734000119,4.218014031666667
THA,1988.0,0.0,0.0,0.0,0,0,0,0,-0.3152986518225659,13.2881140717644,-0.9832146993563425,4.452901190833333
THA,1989.0,0.0,0.0,0.0,0,0,0,0,-0.16407921278586826,12.1905059866109,-1.8042197775005908,4.4047298725
THA,1990.0,0.0,0.0,0.0,0,0,0,0,-0.11960017411338547,11.1671634446293,-1.3494839009325978,4.3208969375
THA,1991.0,0.0,0.0,0.0,0,0,0,0,-0.13277155821189918,8.5582603212423,-1.1549502897446136,3.9339278958333335
THA,1992.0,0.0,0.0,0.0,0,0,0,0,-0.2845067590419662,8.08338802345332,-1.829738277135712,3.38244437
THA,1993.0,0.0,0.0,0.0,0,0,0,0,-0.38144731632231843,8.25191591524627,-1.7420233251957982,2.7144275875
THA,1994.0,0.0,0.0,0.0,0,0,0,0,-0.1925178220503898,7.99702466720433,-1.8316674630323835,3.5351682466666667
THA,1995.0,1.0,1.0,0.0,0,0,0,0,-0.12348783475984025,8.12031534625378,-1.9984380755778712,3.3100514933333334
THA,1996.0,1.0,1.0,0.0,1,1,0,0,-0.12460163848481143,5.65194446499471,-2.0191313374638264,3.1400511850000004
THA,1997.0,1.0,1.0,0.0,1,1,0,0,-0.14006506096527907,-2.75357515314082,-2.1676135505825123,3.199334816666666
THA,1998.0,1.0,1.0,0.0,1,1,0,0,0.04025417455080506,-7.63403528600102,-0.8430970073152018,2.626002385
THA,1999.0,1.0,1.0,0.0,1,1,0,0,-0.9925908704133433,4.57230775115542,-1.0122332950229975,2.8869701641666663
THA,2000.0,0.0,0.0,0.0,1,1,0,0,-0.6503172239177646,4.45524704335014,-1.2640009388770947,3.1165892308333336
THA,2001.0,0.0,0.0,0.0,0,0,0,0,-0.6434738596450236,3.44424900968372,-1.1681732658984325,2.237447555
THA,2002.0,0.0,0.0,0.0,0,0,0,0,-0.8605665676980089,6.14903605210036,-1.4193025361811467,2.0336032691666666
THA,2003.0,0.0,0.0,0.0,0,0,0,0,-0.6098930388896984,7.18924330340971,-1.7117414553086248,1.4457960183333334
THA,2004.0,0.0,0.0,0.0,0,0,0,0,-0.4557354894000407,6.28934214285795,-1.729847229255107,1.7008579225
THA,2005.0,0.0,0.0,0.0,0,0,0,0,-0.24227583836102604,4.18763842884337,-1.829738277135712,1.8895054916666665
THA,2006.0,0.0,0.0,0.0,0,0,0,0,-0.23245516087686746,4.96781089246107,-1.9153863971349219,2.2836022075
THA,2007.0,0.0,0.0,0.0,0,0,0,0,-0.5344198213295621,5.43515169050809,-1.9426238364577577,2.0393217333333333
THA,2008.0,0.0,0.0,0.0,0,0,0,0,-0.1539332168084609,1.72569884866334,-1.9426238364577577,1.3017102483333334
THA,2009.0,0.0,0.0,0.0,0,0,0,0,-1.6234919158160641,-0.690618232300579,-1.7420233251957982,1.0468915
THA,2010.0,0.0,0.0,0.0,0,0,0,0,-0.3896835108671839,7.51339053261624,-2.377008590641267,0.8691600608333333
THA,2011.0,0.0,0.0,0.0,0,0,0,0,-0.3214839343719118,0.840132083053334,-2.343558785098805,0.5260605291666667
THA,2012.0,0.0,0.0,0.0,0,0,0,0,-0.4202789498590416,7.24279620249642,-2.4147875187967105,-0.0132494616666666
THA,2013.0,0.0,0.0,0.0,0,0,0,0,-0.5436827294833133,2.68749556320556,-2.747869563803114,0.2878436908333333
THA,2014.0,0.0,0.0,0.0,0,0,0,0,-0.5934182269663467,0.984468863619426,-2.4184312277696924,0.61196865
THA,2015.0,0.0,0.0,0.0,0,0,0,0,-1.6659548753015387,3.13404724911635,-2.3993913231481927,0.5890241975
TUN,1960.0,0.0,0.0,0.0,0,0,0,0,0.09834304741882123,-4.59008450551823,1.5730606858391945,6.9346889958333335
TUN,1961.0,0.0,0.0,0.0,0,0,0,0,0.09834304741882123,-4.59008450551823,1.5730606858391945,6.9346889958333335
TUN,1962.0,1.0,0.0,1.0,0,0,0,0,0.09834304741882123,-4.59008450551823,1.5730606858391945,6.9346889958333335
TUN,1963.0,0.0,0.0,0.0,1,0,0,1,0.09834304741882123,-10.7339947141916,1.5730606858391945,6.9346889958333335
TUN,1964.0,0.0,0.0,0.0,0,0,0,0,0.09834304741882123,-4.6759498576432,1.5730606858391945,6.9346889958333335
TUN,1965.0,0.0,0.0,0.0,0,0,0,0,0.09834304741882123,-2.5366922286227,1.5730606858391945,6.9346889958333335
TUN,1966.0,0.0,0.0,0.0,0,0,0,0,0.09834304741882123,3.45486789269532,1.5730606858391945,6.9346889958333335
TUN,1967.0,0.0,0.0,0.0,0,0,0,0,0.09834304741882123,0.161952470326938,1.5730606858391945,6.9346889958333335
TUN,1968.0,0.0,0.0,0.0,0,0,0,0,0.09834304741882123,10.4097285884098,1.5730606858391945,6.9346889958333335
TUN,1969.0,0.0,0.0,0.0,0,0,0,0,0.09834304741882123,4.74781540363225,1.5730606858391945,6.9346889958333335
TUN,1970.0,0.0,0.0,0.0,0,0,0,0,0.09834304741882123,4.6696317726705,1.5730606858391945,6.9346889958333335
TUN,1971.0,0.0,0.0,0.0,0,0,0,0,0.09834304741882123,10.5601974806863,1.5730606858391945,6.9346889958333335
TUN,1972.0,0.0,0.0,0.0,0,0,0,0,0.09834304741882123,17.7427182610332,1.5730606858391945,6.9346889958333335
TUN,1973.0,0.0,0.0,0.0,0,0,0,0,0.09834304741882123,-0.65464350226631,1.5730606858391945,6.9346889958333335
TUN,1974.0,0.0,0.0,0.0,0,0,0,0,0.09834304741882123,8.0747823343126,1.5730606858391945,6.9346889958333335
TUN,1975.0,0.0,0.0,0.0,0,0,0,0,0.09834304741882123,7.15609990912363,1.5730606858391945,6.9346889958333335
TUN,1976.0,0.0,0.0,0.0,0,0,0,0,0.09834304741882123,7.87685265272428,1.5730606858391945,6.9346889958333335
TUN,1977.0,0.0,0.0,0.0,0,0,0,0,0.09834304741882123,3.41109584954947,1.5730606858391945,6.9346889958333335
TUN,1978.0,1.0,0.0,1.0,0,0,0,0,0.09834304741882123,6.44047353293125,1.5730606858391945,6.9346889958333335
TUN,1979.0,1.0,0.0,1.0,1,0,0,1,0.09834304741882123,6.56752117644017,1.5730606858391945,6.9346889958333335
TUN,1980.0,1.0,0.0,1.0,1,0,0,1,0.09834304741882123,7.41873959497985,1.5730606858391945,6.9346889958333335
TUN,1981.0,1.0,0.0,1.0,1,0,0,1,0.09834304741882123,5.51407282903942,1.5730606858391945,6.9346889958333335
TUN,1982.0,0.0,0.0,0.0,1,0,0,1,0.09834304741882123,-0.493737604022272,1.5730606858391945,6.9346889958333335
TUN,1983.0,0.0,0.0,0.0,0,0,0,0,0.09834304741882123,4.68191738527311,1.5730606858391945,5.888257380833333
TUN,1984.0,0.0,0.0,0.0,0,0,0,0,0.09834304741882123,5.74884326252969,1.5730606858391945,6.6373992375
TUN,1985.0,0.0,0.0,0.0,0,0,0,0,-0.011156238991616422,5.6485732365982,1.5730606858391945,5.660392525833333
TUN,1986.0,0.0,0.0,0.0,0,0,0,0,-0.09465314365244931,-1.44698841417973,1.5730606858391945,4.048303089166667
TUN,1987.0,0.0,0.0,0.0,0,0,0,0,0.05554796694604253,6.70137109577689,1.5730606858391945,4.218014031666667
TUN,1988.0,0.0,0.0,0.0,0,0,0,0,-0.015306619990902848,0.0721590773964209,1.5730606858391945,4.452901190833333
TUN,1989.0,0.0,0.0,0.0,0,0,0,0,0.023055566248919444,1.74669912824352,1.5730606858391945,4.4047298725
TUN,1990.0,1.0,1.0,0.0,0,0,0,0,-0.06429266009634459,7.94981943665461,1.5703789155493497,4.3208969375
TUN,1991.0,1.0,1.0,0.0,1,1,0,0,0.053444028354453874,3.90454530313198,1.5676938825105704,3.9339278958333335
TUN,1992.0,1.0,1.0,0.0,1,1,0,0,-0.12296350067958672,7.80572887722397,1.5650055782087342,3.38244437
TUN,1993.0,1.0,1.0,0.0,1,1,0,0,-0.30261832431091557,2.18982886145824,1.5623139940956203,2.7144275875
TUN,1994.0,1.0,1.0,0.0,1,1,0,0,-0.22291361864087386,3.17841132209441,1.559619121588703,3.5351682466666667
TUN,1995.0,0.0,0.0,0.0,1,1,0,0,-0.08818127995893434,2.35166985086541,1.5569209520709852,3.3100514933333334
TUN,1996.0,0.0,0.0,0.0,0,0,0,0,-0.3311956755128654,7.14608096782061,1.5542194768907969,3.1400511850000004
TUN,1997.0,0.0,0.0,0.0,0,0,0,0,-0.3398081256506378,5.44094350107467,1.5515146873616161,3.199334816666666
TUN,1998.0,0.0,0.0,0.0,0,0,0,0,-0.4055674822937115,4.78376247825665,1.509523025035369,2.626002385
TUN,1999.0,0.0,0.0,0.0,0,0,0,0,-0.4656632064024094,6.05463447898158,1.466713581951416,2.8869701641666663
TUN,2000.0,0.0,0.0,0.0,0,0,0,0,-0.4274066883986068,4.7099729138049,1.4344996985297762,3.1165892308333336
TUN,2001.0,0.0,0.0,0.0,0,0,0,0,-0.577839086644733,3.79627166202512,1.3686118624473644,2.237447555
TUN,2002.0,0.0,0.0,0.0,0,0,0,0,-0.4611979864924522,1.32255714828946,1.3871144706891538,2.0336032691666666
TUN,2003.0,0.0,0.0,0.0,0,0,0,0,-0.4624141474001107,4.70239953285241,1.3821957777837477,1.4457960183333334
TUN,2004.0,0.0,0.0,0.0,0,0,0,0,-0.3421541165770839,6.23579072222647,1.3474504622150418,1.7008579225
TUN,2005.0,0.0,0.0,0.0,0,0,0,0,-0.5718613053222044,3.4865455430439,1.1705561192614375,1.8895054916666665
TUN,2006.0,0.0,0.0,0.0,0,0,0,0,-0.3925562796371871,5.24409983246916,1.1208448151928958,2.2836022075
TUN,2007.0,0.0,0.0,0.0,0,0,0,0,-0.42677503047004783,6.70952097453554,1.1006050437021266,2.0393217333333333
TUN,2008.0,0.0,0.0,0.0,0,0,0,0,-0.2624926876098844,4.23778147502819,1.1116559389222647,1.3017102483333334
TUN,2009.0,0.0,0.0,0.0,0,0,0,0,-0.33828288109937427,3.04345012371552,1.2265635147937077,1.0468915
TUN,2010.0,0.0,0.0,0.0,0,0,0,0,-0.3780635254943215,2.97113275066512,1.1944501692925977,0.8691600608333333
TUN,2011.0,0.0,0.0,0.0,0,0,0,0,-0.39065441962629915,-2.04663389535644,1.8087976524797618,0.5260605291666667
TUN,2012.0,0.0,0.0,0.0,0,0,0,0,-0.23503289347242362,4.21667711535632,1.7361767008187263,-0.0132494616666666
TUN,2013.0,0.0,0.0,0.0,0,0,0,0,-0.16763742251132868,2.42993096446429,1.5508308466567327,0.2878436908333333
TUN,2014.0,0.0,0.0,0.0,0,0,0,0,-0.23365308147141758,3.09032803070775,1.3510749346461965,0.61196865
TUN,2015.0,0.0,0.0,0.0,0,0,0,0,-0.25285709125045214,0.967834205635981,1.4606649191804038,0.5890241975
TUR,1960.0,0.0,0.0,0.0,0,0,0,0,-0.1366760868005894,1.15606938539699,0.889200648078609,6.9346889958333335
TUR,1961.0,0.0,0.0,0.0,0,0,0,0,-0.3993476539822172,1.15606938539699,0.889200648078609,6.9346889958333335
TUR,1962.0,1.0,0.0,1.0,0,0,0,0,-0.31238511969622973,5.57142858180481,0.889200648078609,6.9346889958333335
TUR,1963.0,0.0,0.0,0.0,1,0,0,1,-0.07867555087177185,9.06630555240935,0.889200648078609,6.9346889958333335
TUR,1964.0,0.0,0.0,0.0,0,0,0,0,-0.7516882642493954,5.45905679838043,0.889200648078609,6.9346889958333335
TUR,1965.0,0.0,0.0,0.0,0,0,0,0,-0.24073239317072623,2.82352954343872,0.889200648078609,6.9346889958333335
TUR,1966.0,0.0,0.0,0.0,0,0,0,0,0.07148045457338148,11.2128150353513,0.889200648078609,6.9346889958333335
TUR,1967.0,0.0,0.0,0.0,0,0,0,0,0.3576463373592547,4.73251024393737,0.889200648078609,6.9346889958333335
TUR,1968.0,0.0,0.0,0.0,0,0,0,0,-0.10435458041071466,6.77799601038105,0.889200648078609,6.9346889958333335
TUR,1969.0,0.0,0.0,0.0,0,0,0,0,-0.20429108180718217,4.08114562089492,0.889200648078609,6.9346889958333335
TUR,1970.0,0.0,0.0,0.0,0,0,0,0,0.03550162926042851,3.23350897293227,0.889200648078609,6.9346889958333335
TUR,1971.0,0.0,0.0,0.0,0,0,0,0,0.5479462773870116,5.56669450058796,0.889200648078609,6.9346889958333335
TUR,1972.0,0.0,0.0,0.0,0,0,0,0,0.41718517519402987,7.42578832564243,0.889200648078609,6.9346889958333335
TUR,1973.0,0.0,0.0,0.0,0,0,0,0,0.3560654788819991,3.26233451840494,0.889200648078609,6.9346889958333335
TUR,1974.0,0.0,0.0,0.0,0,0,0,0,0.6962547899149186,5.59447440269354,0.889200648078609,6.9346889958333335
TUR,1975.0,0.0,0.0,0.0,0,0,0,0,0.6186984761423198,7.17411268977115,0.889200648078609,6.9346889958333335
TUR,1976.0,0.0,0.0,0.0,0,0,0,0,0.49409045929053164,10.4611795563238,0.889200648078609,6.9346889958333335
TUR,1977.0,1.0,0.0,1.0,0,0,0,0,0.7519856041965576,3.40666980449136,0.889200648078609,6.9346889958333335
TUR,1978.0,1.0,0.0,1.0,1,0,0,1,1.3751491681254608,1.50293301122338,0.889200648078609,6.9346889958333335
TUR,1979.0,0.0,0.0,0.0,1,0,0,1,1.395292261810969,-0.62411357022269,0.889200648078609,6.9346889958333335
TUR,1980.0,0.0,0.0,0.0,0,0,0,0,1.7072987696767186,-2.44735042580159,0.889200648078609,6.9346889958333335
TUR,1981.0,1.0,1.0,1.0,0,0,0,0,1.0073930385377654,4.85664876652028,0.889200648078609,6.9346889958333335
TUR,1982.0,1.0,1.0,0.0,1,1,0,1,0.8294419282845963,3.56322781218334,0.889200648078609,6.9346889958333335
TUR,1983.0,1.0,1.0,0.0,1,1,0,0,0.8805962433116651,4.97108077727097,1.057396239649788,5.888257380833333
TUR,1984.0,1.0,1.0,0.0,1,1,0,0,1.189986072708802,6.71201571206028,1.0372660630116866,6.6373992375
TUR,1985.0,0.0,0.0,0.0,1,1,0,0,1.135973282956011,4.24133571639942,0.9321373586961097,5.660392525833333
TUR,1986.0,0.0,0.0,0.0,0,0,0,0,0.9485928385887766,7.01203111054394,0.7653073235402439,4.048303089166667
TUR,1987.0,0.0,0.0,0.0,0,0,0,0,1.0305265973406388,9.48553884246728,0.5840124066305451,4.218014031666667
TUR,1988.0,0.0,0.0,0.0,0,0,0,0,1.4568747885704958,2.32073679394847,0.385267821232188,4.452901190833333
TUR,1989.0,0.0,0.0,0.0,0,0,0,0,1.392012282035408,0.2902440687796,0.4282647444939519,4.4047298725
TUR,1990.0,1.0,1.0,0.0,0,0,0,0,1.3552127921986998,9.26614667149315,0.37933377628195847,4.3208969375
TUR,1991.0,0.0,0.0,0.0,1,1,0,0,1.4242923880805682,0.720279035610119,0.41857189486968766,3.9339278958333335
TUR,1992.0,0.0,0.0,0.0,0,0,0,0,1.4710803556326704,5.03563493896803,0.4760521690036336,3.38244437
TUR,1993.0,1.0,1.0,0.0,0,0,0,0,1.4256422039612544,7.65126520301509,0.5593631765321102,2.7144275875
TUR,1994.0,0.0,0.0,0.0,1,1,0,0,1.797448205530115,-4.66814736394839,0.48923542159711453,3.5351682466666667
TUR,1995.0,0.0,0.0,0.0,0,0,0,0,1.6617873473987572,7.87826687618991,0.3046877585086002,3.3100514933333334
TUR,1996.0,0.0,0.0,0.0,0,0,0,0,1.579454572111151,7.15779847930847,0.08566075978766295,3.1400511850000004
TUR,1997.0,0.0,0.0,0.0,0,0,0,0,1.6300612110897625,7.3578623747848,0.1332091071159923,3.199334816666666
TUR,1998.0,0.0,0.0,0.0,0,0,0,0,1.6203789544538263,1.90857064345151,0.14436556316023702,2.626002385
TUR,1999.0,1.0,1.0,0.0,0,0,0,0,1.4111777518960826,-3.05277055759434,0.31493678536918035,2.8869701641666663
TUR,2000.0,1.0,1.0,0.0,1,1,0,0,1.284274004402789,6.98528697817062,0.05285521862153928,3.1165892308333336
TUR,2001.0,0.0,0.0,0.0,1,1,0,0,1.277184642135876,-5.45940838563062,0.45000284454879225,2.237447555
TUR,2002.0,0.0,0.0,0.0,0,0,0,0,1.1360121263624199,6.43550883793114,0.7965679014417231,2.0336032691666666
TUR,2003.0,0.0,0.0,0.0,0,0,0,0,0.6300631116751935,5.79909321038525,0.8288577584277285,1.4457960183333334
TUR,2004.0,0.0,0.0,0.0,0,0,0,0,0.07951292858911474,9.92540551918624,0.8738080914712257,1.7008579225
TUR,2005.0,0.0,0.0,0.0,0,0,0,0,0.05248770573633017,9.11157745861635,0.8428398941955956,1.8895054916666665
TUR,2006.0,0.0,0.0,0.0,0,0,0,0,0.14001874319763022,7.06762607623939,0.7783575502746483,2.2836022075
TUR,2007.0,0.0,0.0,0.0,0,0,0,0,0.08943100672590618,5.10818513903604,0.786181369419321,2.0393217333333333
TUR,2008.0,0.0,0.0,0.0,0,0,0,0,0.18755098967287034,0.920118221365883,0.89538814992429,1.3017102483333334
TUR,2009.0,0.0,0.0,0.0,0,0,0,0,-0.08763030239124463,-4.88269401706633,1.321528830294603,1.0468915
TUR,2010.0,0.0,0.0,0.0,0,0,0,0,0.0774975173434603,8.54219848467686,1.0316243555427398,0.8691600608333333
TUR,2011.0,0.0,0.0,0.0,0,0,0,0,-0.07003896949646521,10.9799625273598,0.7037190379251286,0.5260605291666667
TUR,2012.0,0.0,0.0,0.0,0,0,0,0,0.09782377327063783,4.80762696633448,0.6042325892221886,-0.0132494616666666
TUR,2013.0,0.0,0.0,0.0,0,0,0,0,0.005843372566526834,8.48825689298511,0.6923489692466639,0.2878436908333333
TUR,2014.0,0.0,0.0,0.0,0,0,0,0,0.0955402615997157,4.60079447270559,0.7252700336966783,0.61196865
TUR,2015.0,0.0,0.0,0.0,0,0,0,0,0.01823440731646208,5.80557386628684,0.7895951260031961,0.5890241975
TWN,1960.0,0.0,0.0,0.0,0,0,0,0,-0.11482597086615899,3.892249759991885,0.00022007603480332492,6.9346889958333335
TWN,1961.0,0.0,0.0,0.0,0,0,0,0,-0.11482597086615899,3.892249759991885,0.00022007603480332492,6.9346889958333335
TWN,1962.0,0.0,0.0,0.0,0,0,0,0,-0.11482597086615899,3.892249759991885,0.00022007603480332492,6.9346889958333335
TWN,1963.0,0.0,0.0,0.0,0,0,0,0,-0.11482597086615899,3.892249759991885,0.00022007603480332492,6.9346889958333335
TWN,1964.0,0.0,0.0,0.0,0,0,0,0,-0.11482597086615899,3.892249759991885,0.00022007603480332492,6.9346889958333335
TWN,1965.0,0.0,0.0,0.0,0,0,0,0,-0.11482597086615899,3.892249759991885,0.00022007603480332492,6.9346889958333335
TWN,1966.0,0.0,0.0,0.0,0,0,0,0,-0.11482597086615899,3.892249759991885,0.00022007603480332492,6.9346889958333335
TWN,1967.0,0.0,0.0,0.0,0,0,0,0,-0.11482597086615899,3.892249759991885,0.00022007603480332492,6.9346889958333335
TWN,1968.0,0.0,0.0,0.0,0,0,0,0,-0.11482597086615899,3.892249759991885,0.00022007603480332492,6.9346889958333335
TWN,1969.0,0.0,0.0,0.0,0,0,0,0,-0.11482597086615899,3.892249759991885,0.00022007603480332492,6.9346889958333335
TWN,1970.0,0.0,0.0,0.0,0,0,0,0,-0.11482597086615899,3.892249759991885,0.00022007603480332492,6.9346889958333335
TWN,1971.0,0.0,0.0,0.0,0,0,0,0,-0.11482597086615899,3.892249759991885,0.00022007603480332492,6.9346889958333335
TWN,1972.0,0.0,0.0,0.0,0,0,0,0,-0.11482597086615899,3.892249759991885,0.00022007603480332492,6.9346889958333335
TWN,1973.0,0.0,0.0,0.0,0,0,0,0,-0.11482597086615899,3.892249759991885,0.00022007603480332492,6.9346889958333335
TWN,1974.0,0.0,0.0,0.0,0,0,0,0,-0.11482597086615899,3.892249759991885,0.00022007603480332492,6.9346889958333335
TWN,1975.0,0.0,0.0,0.0,0,0,0,0,-0.11482597086615899,3.892249759991885,0.00022007603480332492,6.9346889958333335
TWN,1976.0,0.0,0.0,0.0,0,0,0,0,-0.11482597086615899,3.892249759991885,0.00022007603480332492,6.9346889958333335
TWN,1977.0,0.0,0.0,0.0,0,0,0,0,-0.11482597086615899,3.892249759991885,0.00022007603480332492,6.9346889958333335
TWN,1978.0,0.0,0.0,0.0,0,0,0,0,-0.11482597086615899,3.892249759991885,0.00022007603480332492,6.9346889958333335
TWN,1979.0,0.0,0.0,0.0,0,0,0,0,-0.11482597086615899,3.892249759991885,0.00022007603480332492,6.9346889958333335
TWN,1980.0,0.0,0.0,0.0,0,0,0,0,-0.11482597086615899,3.892249759991885,0.00022007603480332492,6.9346889958333335
TWN,1981.0,0.0,0.0,0.0,0,0,0,0,-0.11482597086615899,3.892249759991885,0.00022007603480332492,6.9346889958333335
TWN,1982.0,1.0,1.0,0.0,0,0,0,0,-0.11482597086615899,3.892249759991885,0.00022007603480332492,6.9346889958333335
TWN,1983.0,1.0,1.0,0.0,1,1,0,0,-0.11482597086615899,3.892249759991885,0.00022007603480332492,5.888257380833333
TWN,1984.0,0.0,0.0,0.0,1,1,0,0,-0.11482597086615899,3.892249759991885,0.00022007603480332492,6.6373992375
TWN,1985.0,0.0,0.0,0.0,0,0,0,0,-0.11482597086615899,3.892249759991885,0.00022007603480332492,5.660392525833333
TWN,1986.0,0.0,0.0,0.0,0,0,0,0,-0.11482597086615899,3.892249759991885,0.00022007603480332492,4.048303089166667
TWN,1987.0,0.0,0.0,0.0,0,0,0,0,-0.11482597086615899,3.892249759991885,0.00022007603480332492,4.218014031666667
TWN,1988.0,0.0,0.0,0.0,0,0,0,0,-0.11482597086615899,3.892249759991885,0.00022007603480332492,4.452901190833333
TWN,1989.0,0.0,0.0,0.0,0,0,0,0,-0.11482597086615899,3.892249759991885,0.00022007603480332492,4.4047298725
TWN,1990.0,0.0,0.0,0.0,0,0,0,0,-0.11482597086615899,3.892249759991885,0.00022007603480332492,4.3208969375
TWN,1991.0,0.0,0.0,0.0,0,0,0,0,-0.11482597086615899,3.892249759991885,0.00022007603480332492,3.9339278958333335
TWN,1992.0,0.0,0.0,0.0,0,0,0,0,-0.11482597086615899,3.892249759991885,0.00022007603480332492,3.38244437
TWN,1993.0,0.0,0.0,0.0,0,0,0,0,-0.11482597086615899,3.892249759991885,0.00022007603480332492,2.7144275875
TWN,1994.0,1.0,1.0,0.0,0,0,0,0,-0.11482597086615899,3.892249759991885,0.00022007603480332492,3.5351682466666667
TWN,1995.0,0.0,0.0,0.0,1,1,0,0,-0.11482597086615899,3.892249759991885,0.00022007603480332492,3.3100514933333334
TWN,1996.0,1.0,1.0,0.0,0,0,0,0,-0.11482597086615899,3.892249759991885,0.00022007603480332492,3.1400511850000004
TWN,1997.0,1.0,1.0,0.0,1,1,0,0,-0.11482597086615899,3.892249759991885,0.00022007603480332492,3.199334816666666
TWN,1998.0,0.0,0.0,0.0,1,1,0,0,-0.11482597086615899,3.892249759991885,0.00022007603480332492,2.626002385
TWN,1999.0,0.0,0.0,0.0,0,0,0,0,-0.11482597086615899,3.892249759991885,0.00022007603480332492,2.8869701641666663
TWN,2000.0,0.0,0.0,0.0,0,0,0,0,-0.11482597086615899,3.892249759991885,0.00022007603480332492,3.1165892308333336
TWN,2001.0,0.0,0.0,0.0,0,0,0,0,-0.11482597086615899,3.892249759991885,0.00022007603480332492,2.237447555
TWN,2002.0,0.0,0.0,0.0,0,0,0,0,-0.11482597086615899,3.892249759991885,0.00022007603480332492,2.0336032691666666
TWN,2003.0,0.0,0.0,0.0,0,0,0,0,-0.11482597086615899,3.892249759991885,0.00022007603480332492,1.4457960183333334
TWN,2004.0,0.0,0.0,0.0,0,0,0,0,-0.11482597086615899,3.892249759991885,0.00022007603480332492,1.7008579225
TWN,2005.0,0.0,0.0,0.0,0,0,0,0,-0.11482597086615899,3.892249759991885,0.00022007603480332492,1.8895054916666665
TWN,2006.0,0.0,0.0,0.0,0,0,0,0,-0.11482597086615899,3.892249759991885,0.00022007603480332492,2.2836022075
TWN,2007.0,0.0,0.0,0.0,0,0,0,0,-0.11482597086615899,3.892249759991885,0.00022007603480332492,2.0393217333333333
TWN,2008.0,0.0,0.0,0.0,0,0,0,0,-0.11482597086615899,3.892249759991885,0.00022007603480332492,1.3017102483333334
TWN,2009.0,0.0,0.0,0.0,0,0,0,0,-0.11482597086615899,3.892249759991885,0.00022007603480332492,1.0468915
TWN,2010.0,0.0,0.0,0.0,0,0,0,0,-0.11482597086615899,3.892249759991885,0.00022007603480332492,0.8691600608333333
TWN,2011.0,0.0,0.0,0.0,0,0,0,0,-0.11482597086615899,3.892249759991885,0.00022007603480332492,0.5260605291666667
TWN,2012.0,0.0,0.0,0.0,0,0,0,0,-0.11482597086615899,3.892249759991885,0.00022007603480332492,-0.0132494616666666
TWN,2013.0,0.0,0.0,0.0,0,0,0,0,-0.11482597086615899,3.892249759991885,0.00022007603480332492,0.2878436908333333
TWN,2014.0,0.0,0.0,0.0,0,0,0,0,-0.11482597086615899,3.892249759991885,0.00022007603480332492,0.61196865
TWN,2015.0,0.0,0.0,0.0,0,0,0,0,-0.11482597086615899,3.892249759991885,0.00022007603480332492,0.5890241975
URY,1960.0,0.0,0.0,0.0,0,0,0,0,1.0240330997920333,2.49303791805684,0.2757116166209417,6.9346889958333335
URY,1961.0,0.0,0.0,0.0,0,0,0,0,0.6637657970732781,2.49303791805684,0.2757116166209417,6.9346889958333335
URY,1962.0,0.0,0.0,0.0,0,0,0,0,0.21227577150850188,-1.57454885002421,0.2757116166209417,6.9346889958333335
URY,1963.0,0.0,0.0,0.0,0,0,0,0,0.619532465898279,0.170458855734793,0.2757116166209417,6.9346889958333335
URY,1964.0,1.0,0.0,1.0,0,0,0,0,1.0927863390813684,2.44052077893583,0.2757116166209417,6.9346889958333335
URY,1965.0,0.0,0.0,0.0,1,0,0,1,1.306486399645849,1.04560405431261,0.2757116166209417,6.9346889958333335
URY,1966.0,0.0,0.0,0.0,0,0,0,0,1.5080152816963455,3.06285593493642,0.2757116166209417,6.9346889958333335
URY,1967.0,0.0,0.0,0.0,0,0,0,0,1.663253457470206,-3.65683411281653,0.2757116166209417,6.9346889958333335
URY,1968.0,0.0,0.0,0.0,0,0,0,0,1.943843939834994,1.88891174472745,0.2757116166209417,6.9346889958333335
URY,1969.0,0.0,0.0,0.0,0,0,0,0,0.610701441783887,5.8647406331108,0.2757116166209417,6.9346889958333335
URY,1970.0,1.0,1.0,0.0,0,0,0,0,0.4517027803438978,2.33321338074524,0.2757116166209417,6.9346889958333335
URY,1971.0,0.0,0.0,0.0,1,1,0,0,0.697772518704275,-0.251711531030196,0.2964510699748998,6.9346889958333335
URY,1972.0,0.0,0.0,0.0,0,0,0,0,1.5397653022537734,-1.31956986163931,0.3169803911946125,6.9346889958333335
URY,1973.0,0.0,0.0,0.0,0,0,0,0,1.730629939830541,0.275199617416817,0.5484478826921795,6.9346889958333335
URY,1974.0,0.0,0.0,0.0,0,0,0,0,1.5472574438041145,2.89534459834873,0.3970843542867446,6.9346889958333335
URY,1975.0,0.0,0.0,0.0,0,0,0,0,1.5892286788304748,6.09691431298931,0.37073175663069124,6.9346889958333335
URY,1976.0,0.0,0.0,0.0,0,0,0,0,1.2233857161567583,3.93547017536275,0.3440337177078373,6.9346889958333335
URY,1977.0,0.0,0.0,0.0,0,0,0,0,1.3281353428462803,1.45546117847255,0.3169803911946125,6.9346889958333335
URY,1978.0,0.0,0.0,0.0,0,0,0,0,1.1292304543033989,5.37398534767648,0.2895614938408548,6.9346889958333335
URY,1979.0,0.0,0.0,0.0,0,0,0,0,1.4343806669418817,6.1991167323612,0.26176627892923926,6.9346889958333335
URY,1980.0,1.0,1.0,0.0,0,0,0,0,1.394477760984825,5.84340090113461,0.23358350767421485,6.9346889958333335
URY,1981.0,1.0,1.0,0.0,1,1,0,0,0.9370632176808725,1.55955982937495,0.07877482732654643,6.9346889958333335
URY,1982.0,1.0,1.0,1.0,1,1,0,0,0.5473138992217851,-9.75787146088504,1.0052436010675403,6.9346889958333335
URY,1983.0,1.0,1.0,1.0,1,1,0,1,1.2021880257622086,-10.274399195032,0.8720908512006211,5.888257380833333
URY,1984.0,1.0,1.0,1.0,1,1,0,1,1.289590251146524,-1.142617449752,0.7299547844619876,6.6373992375
URY,1985.0,0.0,0.0,0.0,1,1,0,1,1.4946626041244757,1.46653602887281,0.7925167845925771,5.660392525833333
URY,1986.0,1.0,0.0,1.0,0,0,0,0,1.538687763680375,8.80980829469384,0.8532658412664462,4.048303089166667
URY,1987.0,0.0,0.0,0.0,1,0,0,1,1.3955772470601508,7.99313720510438,0.5846099484997334,4.218014031666667
URY,1988.0,0.0,0.0,0.0,0,0,0,0,1.3787914219649775,1.48093746177193,0.5502711145016423,4.452901190833333
URY,1989.0,1.0,0.0,1.0,0,0,0,0,1.5798035753211703,1.1039010238153,0.5153507878145259,4.4047298725
URY,1990.0,1.0,0.0,1.0,1,0,0,1,1.853222487246921,0.297348378681562,0.47982746099970464,4.3208969375
URY,1991.0,0.0,0.0,0.0,1,0,0,1,1.7716316135505388,3.53880850451309,0.5575479669589617,3.9339278958333335
URY,1992.0,0.0,0.0,0.0,0,0,0,0,1.4529043898744325,7.93158841395443,0.5593631765321102,3.38244437
URY,1993.0,0.0,0.0,0.0,0,0,0,0,1.2730383534805945,2.65754610698545,0.44559694994901533,2.7144275875
URY,1994.0,0.0,0.0,0.0,0,0,0,0,1.1322985956563534,7.28134264410127,0.5738276701759919,3.5351682466666667
URY,1995.0,0.0,0.0,0.0,0,0,0,0,1.0907146675978812,-1.44759896894408,0.7432821614954314,3.3100514933333334
URY,1996.0,0.0,0.0,0.0,0,0,0,0,0.8105839879026103,5.57795776385868,1.0387102521099474,3.1400511850000004
URY,1997.0,0.0,0.0,0.0,0,0,0,0,0.5744785685105852,8.54768320111596,0.9667664628084933,3.199334816666666
URY,1998.0,0.0,0.0,0.0,0,0,0,0,0.20720325468950043,4.51889009679091,0.6310450278697318,2.626002385
URY,1999.0,0.0,0.0,0.0,0,0,0,0,-0.1372016206344383,-1.52094591992036,0.8160655018413427,2.8869701641666663
URY,2000.0,0.0,0.0,0.0,0,0,0,0,-0.2198942474714053,-1.92993063549235,1.1370380005257927,3.1165892308333336
URY,2001.0,1.0,1.0,0.0,0,0,0,0,-0.26098982084767125,-3.84412995940374,1.4479200593645378,2.237447555
URY,2002.0,1.0,1.0,1.0,1,1,0,0,0.35754226235475706,-7.73200721540044,1.630756286150948,2.0336032691666666
URY,2003.0,1.0,1.0,0.0,1,1,0,1,0.5601629092467469,0.805283915893824,1.632185070412594,1.4457960183333334
URY,2004.0,1.0,1.0,0.0,1,1,0,0,0.11402892406895569,5.00416035564457,1.1851670658024402,1.7008579225
URY,2005.0,0.0,0.0,0.0,1,1,0,0,-0.22628092352812632,7.4601321302473,1.0500850842386362,1.8895054916666665
URY,2006.0,0.0,0.0,0.0,0,0,0,0,-0.07589922491102702,4.09857735445401,0.8758357554398282,2.2836022075
URY,2007.0,0.0,0.0,0.0,0,0,0,0,0.048232836087476125,6.54151084504817,0.6382183271418037,2.0393217333333333
URY,2008.0,0.0,0.0,0.0,0,0,0,0,0.032335780736948,7.17614466455107,0.38230295811246506,1.3017102483333334
URY,2009.0,0.0,0.0,0.0,0,0,0,0,-0.02515130978601554,4.24349419462426,0.3251342974806418,1.0468915
URY,2010.0,0.0,0.0,0.0,0,0,0,0,-0.05243926762953853,7.8034096507169,0.203129470906192,0.8691600608333333
URY,2011.0,0.0,0.0,0.0,0,0,0,0,0.046788278164784786,5.16213302463606,0.010240571549983401,0.5260605291666667
URY,2012.0,0.0,0.0,0.0,0,0,0,0,0.047115268215128125,3.53817872056869,0.04421785886299491,-0.0132494616666666
URY,2013.0,0.0,0.0,0.0,0,0,0,0,0.07804859678892953,4.63753862902416,0.042579539750478686,0.2878436908333333
URY,2014.0,0.0,0.0,0.0,0,0,0,0,0.09694718507573998,3.23879122952364,0.06655129265622396,0.61196865
URY,2015.0,0.0,0.0,0.0,0,0,0,0,0.08380139759481695,0.370741257681345,0.2732085416280271,0.5890241975
USA,1960.0,0.0,0.0,0.0,0,0,0,0,-0.6773264425352162,2.29999999999977,-0.19179581403552085,6.9346889958333335
USA,1961.0,0.0,0.0,0.0,0,0,0,0,-0.763279132958868,2.29999999999977,0.10163618436636314,6.9346889958333335
USA,1962.0,0.0,0.0,0.0,0,0,0,0,-0.7334183587775002,6.10000000000011,-0.19179581403552085,6.9346889958333335
USA,1963.0,0.0,0.0,0.0,0,0,0,0,-0.7241993497666623,4.39999999999982,-0.1397595306271536,6.9346889958333335
USA,1964.0,0.0,0.0,0.0,0,0,0,0,-0.7154895114022038,5.8000000000003,-0.2725422582485592,6.9346889958333335
USA,1965.0,0.0,0.0,0.0,0,0,0,0,-0.6516583667640374,6.39999999999981,-0.47514861648236345,6.9346889958333335
USA,1966.0,0.0,0.0,0.0,0,0,0,0,-0.42025524996895774,6.50000000000021,-0.7017432522947374,6.9346889958333335
USA,1967.0,0.0,0.0,0.0,0,0,0,0,-0.45379292049392117,2.49999999999999,-0.7017432522947374,6.9346889958333335
USA,1968.0,0.0,0.0,0.0,0,0,0,0,-0.27023736756198286,4.7999999999997,-0.7718018356598221,6.9346889958333335
USA,1969.0,0.0,0.0,0.0,0,0,0,0,-0.15447715365415124,3.09999999999999,-0.8078371527527666,6.9346889958333335
USA,1970.0,0.0,0.0,0.0,0,0,0,0,-0.1217816247742535,0.216606498194878,-0.35678594219235404,6.9346889958333335
USA,1971.0,0.0,0.0,0.0,0,0,0,0,-0.2680101264682006,3.29272245005524,-0.08906625239691707,6.9346889958333335
USA,1972.0,0.0,0.0,0.0,0,0,0,0,-0.38652308275640046,5.25550195781351,-0.1656050452645353,6.9346889958333335
USA,1973.0,0.0,0.0,0.0,0,0,0,0,-0.09356349307757099,5.64567976314829,-0.35678594219235404,6.9346889958333335
USA,1974.0,0.0,0.0,0.0,0,0,0,0,0.21996605854329257,-0.540550192633191,-0.1656050452645353,6.9346889958333335
USA,1975.0,0.0,0.0,0.0,0,0,0,0,0.1131577431890669,-0.205619191121627,0.47416191484137943,6.9346889958333335
USA,1976.0,0.0,0.0,0.0,0,0,0,0,-0.12976138611919588,5.38803391770217,0.3169803911946125,6.9346889958333335
USA,1977.0,0.0,0.0,0.0,0,0,0,0,-0.0677002042290978,4.62418650601657,0.19055680276884043,6.9346889958333335
USA,1978.0,0.0,0.0,0.0,0,0,0,0,0.01547319347737735,5.53520648243719,-0.039643858840117646,6.9346889958333335
USA,1979.0,0.0,0.0,0.0,0,0,0,0,0.23025549867151202,3.16598821816159,-0.11424966638879878,6.9346889958333335
USA,1980.0,0.0,0.0,0.0,0,0,0,0,0.33911312490121426,-0.256775731395592,0.19055680276884043,6.9346889958333335
USA,1981.0,0.0,0.0,0.0,0,0,0,0,0.18158533594863122,2.53770126828974,0.2964510699748998,6.9346889958333335
USA,1982.0,0.0,0.0,0.0,0,0,0,0,-0.09734533932117242,-1.80301378934359,0.6894541266660309,6.9346889958333335
USA,1983.0,1.0,1.0,0.0,0,0,0,0,-0.3942109259270752,4.58379098362749,0.672343651997976,5.888257380833333
USA,1984.0,1.0,1.0,0.0,1,1,0,0,-0.26718696190000885,7.23645316474058,0.2757116166209417,6.6373992375
USA,1985.0,1.0,1.0,0.0,1,1,0,0,-0.352550802208014,4.16957534699196,0.2121850405633851,5.660392525833333
USA,1986.0,1.0,1.0,0.0,1,1,0,0,-0.5928983753222405,3.46265505694664,0.16869344420565524,4.048303089166667
USA,1987.0,1.0,1.0,0.0,1,1,0,0,-0.3383231163664358,3.45462966856461,-0.015388301792074307,4.218014031666667
USA,1988.0,1.0,1.0,0.0,1,1,0,0,-0.29122065399458485,4.1769823865164,-0.19179581403552085,4.452901190833333
USA,1989.0,1.0,1.0,0.0,1,1,0,0,-0.21370285798723518,3.67223784383981,-0.24525369406715075,4.4047298725
USA,1990.0,1.0,1.0,0.0,1,1,0,0,-0.160246609564775,1.88596558187626,-0.1656050452645353,4.3208969375
USA,1991.0,0.0,0.0,0.0,1,1,0,0,-0.2741679233156946,-0.108312882368935,0.12423898794539538,3.9339278958333335
USA,1992.0,0.0,0.0,0.0,0,0,0,0,-0.4184059129047281,3.52249717301392,0.2757116166209417,3.38244437
USA,1993.0,0.0,0.0,0.0,0,0,0,0,-0.42886020594764424,2.75179586709815,0.14658942139951783,2.7144275875
USA,1994.0,0.0,0.0,0.0,0,0,0,0,-0.4777698566355594,4.02902272983438,-0.03501237923282277,3.5351682466666667
USA,1995.0,0.0,0.0,0.0,0,0,0,0,-0.44916865528562405,2.6844307317787,-0.15263974114678155,3.3100514933333334
USA,1996.0,0.0,0.0,0.0,0,0,0,0,-0.4316609116263394,3.77277269119453,-0.20475834801107018,3.1400511850000004
USA,1997.0,0.0,0.0,0.0,0,0,0,0,-0.5190164754529384,4.44712793566428,-0.3282960669716018,3.199334816666666
USA,1998.0,0.0,0.0,0.0,0,0,0,0,-0.6581888147125688,4.48313335374613,-0.471794284663542,2.626002385
USA,1999.0,0.0,0.0,0.0,0,0,0,0,-0.5431654528391233,4.78842504725272,-0.5628938776310055,2.8869701641666663
USA,2000.0,0.0,0.0,0.0,0,0,0,0,-0.3733097212247318,4.07758575682804,-0.6368521373169884,3.1165892308333336
USA,2001.0,0.0,0.0,0.0,0,0,0,0,-0.4462460337880815,0.955538348341605,-0.4059095497971171,2.237447555
USA,2002.0,0.0,0.0,0.0,0,0,0,0,-0.6514881140429332,1.70044732643726,-0.11856306402238873,2.0336032691666666
USA,2003.0,0.0,0.0,0.0,0,0,0,0,-0.5298044465487093,2.79560596320081,-0.06692042146636781,1.4457960183333334
USA,2004.0,0.0,0.0,0.0,0,0,0,0,-0.4675347299512972,3.84777169556921,-0.1841643668688987,1.7008579225
USA,2005.0,0.0,0.0,0.0,0,0,0,0,-0.3713261352411338,3.48354993555606,-0.3046841482779688,1.8895054916666665
USA,2006.0,1.0,1.0,0.0,0,0,0,0,-0.39246724009196826,2.78453963650701,-0.43797081385176123,2.2836022075
USA,2007.0,1.0,1.0,0.0,1,1,0,0,-0.442533530090884,2.00385829784946,-0.43827018855203265,2.0393217333333333
USA,2008.0,1.0,1.0,0.0,1,1,0,0,-0.3180009734549488,0.113587249881704,-0.11830907282056734,1.3017102483333334
USA,2009.0,1.0,1.0,0.0,1,1,0,0,-1.2916995542705298,-2.57650022958367,0.6120298392013269,1.0468915
USA,2010.0,0.0,0.0,0.0,1,1,0,0,-0.6409217108909429,2.69519257744442,0.6780056788903587,0.8691600608333333
USA,2011.0,0.0,0.0,0.0,0,0,0,0,-0.40143826652960746,1.56440685763506,0.5573663581396743,0.5260605291666667
USA,2012.0,0.0,0.0,0.0,0,0,0,0,-0.5630266534795972,2.28911338669843,0.390987693867053,-0.0132494616666666
USA,2013.0,0.0,0.0,0.0,0,0,0,0,-0.675913677351461,2.11783009790057,0.24948468516668798,0.2878436908333333
USA,2014.0,0.0,0.0,0.0,0,0,0,0,-0.6443870461140444,2.52381981363968,-0.02311780670481465,0.61196865
USA,2015.0,0.0,0.0,0.0,0,0,0,0,-1.056434547434188,2.94555045484053,-0.2506809080386729,0.5890241975
VEN,1960.0,0.0,0.0,0.0,0,0,0,0,0.7797576355786762,3.19251943889351,0.1708905169274417,6.9346889958333335
VEN,1961.0,0.0,0.0,0.0,0,0,0,0,0.7797576355786762,3.19251943889351,0.1708905169274417,6.9346889958333335
VEN,1962.0,0.0,0.0,0.0,0,0,0,0,0.7797576355786762,8.53293376290748,0.1708905169274417,6.9346889958333335
VEN,1963.0,0.0,0.0,0.0,0,0,0,0,0.7797576355786762,3.90095116381761,0.1708905169274417,6.9346889958333335
VEN,1964.0,0.0,0.0,0.0,0,0,0,0,0.7797576355786762,11.1293452932631,0.1708905169274417,6.9346889958333335
VEN,1965.0,0.0,0.0,0.0,0,0,0,0,0.7797576355786762,4.16286666476383,0.1708905169274417,6.9346889958333335
VEN,1966.0,0.0,0.0,0.0,0,0,0,0,0.7797576355786762,1.51025011101866,0.1708905169274417,6.9346889958333335
VEN,1967.0,0.0,0.0,0.0,0,0,0,0,0.7797576355786762,2.83386903098939,0.1708905169274417,6.9346889958333335
VEN,1968.0,0.0,0.0,0.0,0,0,0,0,0.7797576355786762,7.33723265821627,0.1708905169274417,6.9346889958333335
VEN,1969.0,0.0,0.0,0.0,0,0,0,0,0.7797576355786762,0.706036796156368,0.1708905169274417,6.9346889958333335
VEN,1970.0,0.0,0.0,0.0,0,0,0,0,0.7797576355786762,7.71191438124387,0.1708905169274417,6.9346889958333335
VEN,1971.0,0.0,0.0,0.0,0,0,0,0,0.7797576355786762,1.47929120998987,0.1708905169274417,6.9346889958333335
VEN,1972.0,0.0,0.0,0.0,0,0,0,0,0.7797576355786762,1.28280503619366,0.1708905169274417,6.9346889958333335
VEN,1973.0,0.0,0.0,0.0,0,0,0,0,0.7797576355786762,7.10995789495608,0.1708905169274417,6.9346889958333335
VEN,1974.0,0.0,0.0,0.0,0,0,0,0,0.7797576355786762,2.06933320169247,0.1708905169274417,6.9346889958333335
VEN,1975.0,0.0,0.0,0.0,0,0,0,0,0.7797576355786762,2.89625778007183,0.1708905169274417,6.9346889958333335
VEN,1976.0,0.0,0.0,0.0,0,0,0,0,0.7797576355786762,7.72773984679837,0.018078493276747345,6.9346889958333335
VEN,1977.0,1.0,1.0,0.0,0,0,0,0,0.7797576355786762,6.27078351298829,-0.2974335545016193,6.9346889958333335
VEN,1978.0,1.0,1.0,0.0,1,1,0,0,0.7797576355786762,2.34689637191248,-0.3339606000625904,6.9346889958333335
VEN,1979.0,1.0,1.0,0.0,1,1,0,0,0.7797576355786762,0.764355145425426,-0.11171678315874915,6.9346889958333335
VEN,1980.0,1.0,1.0,0.0,1,1,0,0,0.7797576355786762,-4.42132236441782,-0.09157015776816385,6.9346889958333335
VEN,1981.0,1.0,1.0,0.0,1,1,0,0,0.7797576355786762,-1.28832143395154,0.16869344420565524,6.9346889958333335
VEN,1982.0,1.0,1.0,1.0,1,1,0,0,0.7797576355786762,2.64479628533559,0.3872420039972959,6.9346889958333335
VEN,1983.0,1.0,1.0,1.0,1,1,0,1,0.7797576355786762,-9.8555302269491,0.9742202604463003,5.888257380833333
VEN,1984.0,1.0,1.0,1.0,1,1,0,1,0.7797576355786762,5.22290283259414,1.1689265369110908,6.6373992375
VEN,1985.0,1.0,1.0,1.0,1,1,0,1,0.7797576355786762,0.867445543503692,1.2093004098722249,5.660392525833333
VEN,1986.0,1.0,0.0,1.0,1,1,0,1,0.7797576355786762,6.07980818844057,0.889200648078609,4.048303089166667
VEN,1987.0,1.0,0.0,1.0,1,0,0,1,0.7797576355786762,4.80107391677578,0.5846099484997334,4.218014031666667
VEN,1988.0,0.0,0.0,0.0,1,0,0,1,0.7797576355786762,6.51035577626698,0.22932194536843606,4.452901190833333
VEN,1989.0,1.0,0.0,1.0,0,0,0,0,0.7797576355786762,-13.9197067893711,0.6962591266223781,4.4047298725
VEN,1990.0,0.0,0.0,0.0,1,0,0,1,0.7797576355786762,6.4678522746499,1.313412126624362,4.3208969375
VEN,1991.0,0.0,0.0,0.0,0,0,0,0,0.7797576355786762,9.72990963006499,1.1346927232325825,3.9339278958333335
VEN,1992.0,1.0,1.0,0.0,0,0,0,0,0.7797576355786762,6.06034937385407,0.9397137273345282,3.38244437
VEN,1993.0,1.0,1.0,0.0,1,1,0,0,0.7797576355786762,0.275410410462172,0.724935005947645,2.7144275875
VEN,1994.0,1.0,1.0,1.0,1,1,0,0,0.7797576355786762,-2.34933212064234,0.48547740941787404,3.5351682466666667
VEN,1995.0,1.0,1.0,1.0,1,1,0,1,0.7797576355786762,3.95160929610903,0.7795003453048315,3.3100514933333334
VEN,1996.0,1.0,0.0,1.0,1,1,0,1,0.7797576355786762,-0.197928583722387,1.01548491251658,3.1400511850000004
VEN,1997.0,1.0,0.0,1.0,1,0,0,1,0.7797576355786762,6.37100504679063,0.9278827160595587,3.199334816666666
VEN,1998.0,0.0,0.0,0.0,1,0,0,1,0.7797576355786762,0.294055160519548,0.8364959011895219,2.626002385
VEN,1999.0,0.0,0.0,0.0,0,0,0,0,0.7797576355786762,-5.97045814641012,0.7409560002536036,2.8869701641666663
VEN,2000.0,0.0,0.0,0.0,0,0,0,0,0.7797576355786762,3.6869441668769,0.6408365198547915,3.1165892308333336
VEN,2001.0,0.0,0.0,0.0,0,0,0,0,0.7797576355786762,3.39423610779077,0.5356399079718225,2.237447555
VEN,2002.0,0.0,0.0,0.0,0,0,0,0,0.7797576355786762,-8.85564735286771,1.5775700000368453,2.0336032691666666
VEN,2003.0,1.0,0.0,1.0,0,0,0,0,0.7797576355786762,-7.75530004959877,1.6452213109738454,1.4457960183333334
VEN,2004.0,1.0,0.0,1.0,1,0,0,1,0.7797576355786762,18.2866066891244,1.2828944212226447,1.7008579225
VEN,2005.0,0.0,0.0,0.0,1,0,0,1,0.7797576355786762,10.3179138043147,0.8474273551939459,1.8895054916666665
VEN,2006.0,0.0,0.0,0.0,0,0,0,0,0.7797576355786762,9.87214910851037,0.4941105788651474,2.2836022075
VEN,2007.0,0.0,0.0,0.0,0,0,0,0,0.7797576355786762,8.75357880785845,0.2291086307029794,2.0393217333333333
VEN,2008.0,1.0,1.0,0.0,0,0,0,0,0.7797576355786762,5.27785412398785,-0.004569431322384617,1.3017102483333334
VEN,2009.0,1.0,1.0,0.0,1,1,0,0,0.7797576355786762,-3.20230265749002,-0.04037613708545188,1.0468915
VEN,2010.0,0.0,0.0,0.0,1,1,0,0,0.8068679064074127,-1.48879125078356,0.19316449846451894,0.8691600608333333
VEN,2011.0,0.0,0.0,0.0,0,0,0,0,0.7546859562716378,4.17642535923936,0.14703389718850532,0.5260605291666667
VEN,2012.0,0.0,0.0,0.0,0,0,0,0,0.6138503138810376,5.62595697508632,0.0790047416112506,-0.0132494616666666
VEN,2013.0,0.0,0.0,0.0,0,0,0,0,1.0627013902207052,1.34309403607486,0.0790047416112506,0.2878436908333333
VEN,2014.0,0.0,0.0,0.0,0,0,0,0,1.3785041172070729,-3.89438647450667,0.0790047416112506,0.61196865
VEN,2015.0,0.0,0.0,0.0,0,0,0,0,1.919223185095893,-6.22137102671199,0.0790047416112506,0.5890241975
ZAF,1960.0,0.0,0.0,0.0,0,0,0,0,-0.7132984221302929,3.84473414174089,2.400943276669871,6.9346889958333335
ZAF,1961.0,0.0,0.0,0.0,0,0,0,0,-0.5574363143018378,3.84473414174089,2.400943276669871,6.9346889958333335
ZAF,1962.0,0.0,0.0,0.0,0,0,0,0,-0.7227239667646074,6.17793085042746,2.400943276669871,6.9346889958333335
ZAF,1963.0,0.0,0.0,0.0,0,0,0,0,-0.7026235208914267,7.37370924877223,2.400943276669871,6.9346889958333335
ZAF,1964.0,0.0,0.0,0.0,0,0,0,0,-0.48857818445398676,7.93960864480677,2.400943276669871,6.9346889958333335
ZAF,1965.0,0.0,0.0,0.0,0,0,0,0,-0.2921800759841655,6.12279809601442,2.400943276669871,6.9346889958333335
ZAF,1966.0,0.0,0.0,0.0,0,0,0,0,-0.3594127017283544,4.43838608946889,2.400943276669871,6.9346889958333335
ZAF,1967.0,0.0,0.0,0.0,0,0,0,0,-0.35335935298485915,7.19652306514106,2.400943276669871,6.9346889958333335
ZAF,1968.0,0.0,0.0,0.0,0,0,0,0,-0.5773509921446789,4.15337298293346,2.400943276669871,6.9346889958333335
ZAF,1969.0,0.0,0.0,0.0,0,0,0,0,-0.39088725022904564,4.71590286722241,2.400943276669871,6.9346889958333335
ZAF,1970.0,0.0,0.0,0.0,0,0,0,0,-0.19781109580569028,5.24866143118292,2.400943276669871,6.9346889958333335
ZAF,1971.0,0.0,0.0,0.0,0,0,0,0,-0.11174136800005087,4.27893440296982,2.400943276669871,6.9346889958333335
ZAF,1972.0,0.0,0.0,0.0,0,0,0,0,-0.07368062488028534,1.65482970884699,2.400943276669871,6.9346889958333335
ZAF,1973.0,0.0,0.0,0.0,0,0,0,0,0.13047863736215992,4.57194474637271,2.400943276669871,6.9346889958333335
ZAF,1974.0,0.0,0.0,0.0,0,0,0,0,0.2538965962852891,6.11112210372188,2.400943276669871,6.9346889958333335
ZAF,1975.0,0.0,0.0,0.0,0,0,0,0,0.33365818192084823,1.69543377931099,2.400943276669871,6.9346889958333335
ZAF,1976.0,1.0,1.0,0.0,0,0,0,0,0.21817870257508393,2.24986032919334,2.400943276669871,6.9346889958333335
ZAF,1977.0,1.0,1.0,0.0,1,1,0,0,0.22499098759959343,-0.0939791161255812,2.400943276669871,6.9346889958333335
ZAF,1978.0,0.0,0.0,0.0,1,1,0,0,0.22414783608955519,3.01447977912923,2.400943276669871,6.9346889958333335
ZAF,1979.0,0.0,0.0,0.0,0,0,0,0,0.3277604767764692,3.79051926405782,2.400943276669871,6.9346889958333335
ZAF,1980.0,0.0,0.0,0.0,0,0,0,0,0.34399228791710645,6.62058342724157,2.400943276669871,6.9346889958333335
ZAF,1981.0,0.0,0.0,0.0,0,0,0,0,0.41071707668304547,5.36079105964045,2.400943276669871,6.9346889958333335
ZAF,1982.0,0.0,0.0,0.0,0,0,0,0,0.38566776092237154,-0.383419108375435,2.400943276669871,6.9346889958333335
ZAF,1983.0,0.0,0.0,0.0,0,0,0,0,0.282024264956041,-1.84655774595063,2.400943276669871,5.888257380833333
ZAF,1984.0,1.0,0.0,1.0,0,0,0,0,0.2440414195229851,5.09915163001477,2.400943276669871,6.6373992375
ZAF,1985.0,1.0,0.0,1.0,1,0,0,1,0.4512506105707363,-1.21154088240387,2.400943276669871,5.660392525833333
ZAF,1986.0,1.0,0.0,1.0,1,0,0,1,0.5359349583309964,0.0178492401652193,2.400943276669871,4.048303089166667
ZAF,1987.0,0.0,0.0,0.0,1,0,0,1,0.44616278869677817,2.10072902053675,2.400943276669871,4.218014031666667
ZAF,1988.0,1.0,1.0,1.0,0,0,0,0,0.30437650479066675,4.20010964838187,2.400943276669871,4.452901190833333
ZAF,1989.0,0.0,0.0,0.0,1,1,0,1,0.38946077901054665,2.39479511538406,2.400943276669871,4.4047298725
ZAF,1990.0,0.0,0.0,0.0,0,0,0,0,0.37238037811840785,-0.317760426540374,2.400943276669871,4.3208969375
ZAF,1991.0,0.0,0.0,0.0,0,0,0,0,0.4139355191927713,-1.0182449675445,2.400943276669871,3.9339278958333335
ZAF,1992.0,1.0,0.0,1.0,0,0,0,0,0.3533259598535634,-2.13703284500521,2.400943276669871,3.38244437
ZAF,1993.0,0.0,0.0,0.0,1,0,0,1,0.14696066765262605,1.23355793864741,2.400943276669871,2.7144275875
ZAF,1994.0,0.0,0.0,0.0,0,0,0,0,0.10071361797644958,3.20000000297172,2.400943276669871,3.5351682466666667
ZAF,1995.0,0.0,0.0,0.0,0,0,0,0,0.08469065071620899,3.10000000054411,2.400943276669871,3.3100514933333334
ZAF,1996.0,0.0,0.0,0.0,0,0,0,0,-0.004001349261312306,4.29999999726792,2.400943276669871,3.1400511850000004
ZAF,1997.0,0.0,0.0,0.0,0,0,0,0,0.079482214856538,2.60000000146347,2.400943276669871,3.199334816666666
ZAF,1998.0,0.0,0.0,0.0,0,0,0,0,-0.038652622781358226,0.50000000034143,2.400943276669871,2.626002385
ZAF,1999.0,0.0,0.0,0.0,0,0,0,0,-0.18000701382776924,2.39999999746338,2.429737274922913,2.8869701641666663
ZAF,2000.0,0.0,0.0,0.0,0,0,0,0,-0.1655740021635969,4.20000000067826,2.7549179165004416,3.1165892308333336
ZAF,2001.0,0.0,0.0,0.0,0,0,0,0,-0.13345864896714058,2.70000000019104,2.429737274922913,2.237447555
ZAF,2002.0,0.0,0.0,0.0,0,0,0,0,0.1340424666190209,3.70037440406668,2.5656913091483955,2.0336032691666666
ZAF,2003.0,0.0,0.0,0.0,0,0,0,0,-0.13540264577817684,2.94907546754213,2.56130878846383,1.4457960183333334
ZAF,2004.0,0.0,0.0,0.0,0,0,0,0,-1.509997119596374,4.55455990721774,2.374957769913495,1.7008579225
ZAF,2005.0,0.0,0.0,0.0,0,0,0,0,-0.564130784331403,5.27705197295467,2.308283444156334,1.8895054916666665
ZAF,2006.0,0.0,0.0,0.0,0,0,0,0,-0.3901560336989988,5.60380645895889,2.206648705693504,2.2836022075
ZAF,2007.0,0.0,0.0,0.0,0,0,0,0,-0.09355925373119947,5.36047405394162,2.1818145506025504,2.0393217333333333
ZAF,2008.0,0.0,0.0,0.0,0,0,0,0,0.15794325667923034,3.1910438863288,2.1884346931024283,1.3017102483333334
ZAF,2009.0,0.0,0.0,0.0,0,0,0,0,-0.012330026023090928,-1.53808913525583,2.2823028486931407,1.0468915
ZAF,2010.0,0.0,0.0,0.0,0,0,0,0,-0.29234773927025637,3.03973288127956,2.3759869618485796,0.8691600608333333
ZAF,2011.0,0.0,0.0,0.0,0,0,0,0,-0.19696159605538519,3.16855627858818,2.372501699727865,0.5260605291666667
ZAF,2012.0,0.0,0.0,0.0,0,0,0,0,-0.13034937206095354,2.39623238465745,2.379466998732898,-0.0132494616666666
ZAF,2013.0,0.0,0.0,0.0,0,0,0,0,-0.12673082005710645,2.48546800826588,2.3663103866644537,0.2878436908333333
ZAF,2014.0,0.0,0.0,0.0,0,0,0,0,-0.09723054797387742,1.41382645223793,2.3923136969499157,0.61196865
ZAF,2015.0,0.0,0.0,0.0,0,0,0,0,-0.2444886342701358,1.32186223678229,2.4125815882345734,0.5890241975
ZMB,1960.0,0.0,0.0,0.0,0,0,0,0,1.2966975964390324,1.36138199147489,1.1878619426759316,6.9346889958333335
ZMB,1961.0,0.0,0.0,0.0,0,0,0,0,1.2966975964390324,1.36138199147489,1.1878619426759316,6.9346889958333335
ZMB,1962.0,0.0,0.0,0.0,0,0,0,0,1.2966975964390324,-2.49083947454871,1.1878619426759316,6.9346889958333335
ZMB,1963.0,0.0,0.0,0.0,0,0,0,0,1.2966975964390324,3.27239289272524,1.1878619426759316,6.9346889958333335
ZMB,1964.0,0.0,0.0,0.0,0,0,0,0,1.2966975964390324,12.2140480179323,1.1878619426759316,6.9346889958333335
ZMB,1965.0,0.0,0.0,0.0,0,0,0,0,1.2966975964390324,16.6474559632126,1.1878619426759316,6.9346889958333335
ZMB,1966.0,0.0,0.0,0.0,0,0,0,0,1.2966975964390324,-5.57030980860466,1.1878619426759316,6.9346889958333335
ZMB,1967.0,0.0,0.0,0.0,0,0,0,0,1.2966975964390324,7.91969651199875,1.1878619426759316,6.9346889958333335
ZMB,1968.0,0.0,0.0,0.0,0,0,0,0,1.2966975964390324,1.24832998222797,1.1878619426759316,6.9346889958333335
ZMB,1969.0,0.0,0.0,0.0,0,0,0,0,1.2966975964390324,-0.436915823088214,1.1878619426759316,6.9346889958333335
ZMB,1970.0,0.0,0.0,0.0,0,0,0,0,1.2966975964390324,4.79711290318896,1.1878619426759316,6.9346889958333335
ZMB,1971.0,0.0,0.0,0.0,0,0,0,0,1.2966975964390324,-0.0860395508674401,1.1878619426759316,6.9346889958333335
ZMB,1972.0,0.0,0.0,0.0,0,0,0,0,1.2966975964390324,9.20886514231279,1.1878619426759316,6.9346889958333335
ZMB,1973.0,0.0,0.0,0.0,0,0,0,0,1.2966975964390324,-0.962048756426327,1.1878619426759316,6.9346889958333335
ZMB,1974.0,0.0,0.0,0.0,0,0,0,0,1.2966975964390324,6.42815854892096,1.1878619426759316,6.9346889958333335
ZMB,1975.0,0.0,0.0,0.0,0,0,0,0,1.2966975964390324,-2.26932892418952,1.1878619426759316,6.9346889958333335
ZMB,1976.0,0.0,0.0,0.0,0,0,0,0,1.2966975964390324,6.22097526707175,1.1878619426759316,6.9346889958333335
ZMB,1977.0,0.0,0.0,0.0,0,0,0,0,1.2966975964390324,-4.5642361743654,1.1878619426759316,6.9346889958333335
ZMB,1978.0,0.0,0.0,0.0,0,0,0,0,1.2966975964390324,0.553763844248408,1.1878619426759316,6.9346889958333335
ZMB,1979.0,0.0,0.0,0.0,0,0,0,0,1.2966975964390324,-3.02393103121803,1.1878619426759316,6.9346889958333335
ZMB,1980.0,0.0,0.0,0.0,0,0,0,0,1.2966975964390324,3.03562235066106,1.1878619426759316,6.9346889958333335
ZMB,1981.0,0.0,0.0,0.0,0,0,0,0,1.2966975964390324,6.16795740650589,1.1878619426759316,6.9346889958333335
ZMB,1982.0,1.0,0.0,1.0,0,0,0,0,1.2966975964390324,-2.81278262868891,1.1878619426759316,6.9346889958333335
ZMB,1983.0,1.0,0.0,1.0,1,0,0,1,1.2966975964390324,-1.96668929762134,1.1878619426759316,5.888257380833333
ZMB,1984.0,1.0,0.0,1.0,1,0,0,1,1.2966975964390324,-0.336834899256019,1.1878619426759316,6.6373992375
ZMB,1985.0,1.0,0.0,1.0,1,0,0,1,1.2966975964390324,1.61531036759311,1.1878619426759316,5.660392525833333
ZMB,1986.0,1.0,0.0,1.0,1,0,0,1,1.2966975964390324,0.723893955923913,1.1878619426759316,4.048303089166667
ZMB,1987.0,1.0,0.0,1.0,1,0,0,1,1.1692086570946012,2.67566171341133,1.25416168346151,4.218014031666667
ZMB,1988.0,1.0,0.0,1.0,1,0,0,1,1.2289640738941456,6.28074900897693,1.3184886213059472,4.452901190833333
ZMB,1989.0,1.0,0.0,1.0,1,0,0,1,1.930698561348867,-1.02350178869868,1.380964368866479,4.4047298725
ZMB,1990.0,1.0,0.0,1.0,1,0,0,1,1.8115506212266705,-0.481072027781664,1.44169941004096,4.3208969375
ZMB,1991.0,1.0,0.0,1.0,1,0,0,1,1.736047392191877,-0.0361333838823299,1.8655226248103882,3.9339278958333335
ZMB,1992.0,1.0,0.0,1.0,1,0,0,1,2.1849097574666767,-1.73092217352566,1.9047648597523503,3.38244437
ZMB,1993.0,1.0,0.0,1.0,1,0,0,1,2.274394091749,6.79727404907118,1.9433356581643215,2.7144275875
ZMB,1994.0,1.0,1.0,0.0,1,0,0,1,1.2799591937278154,-8.62544195231277,1.7985567570570202,3.5351682466666667
ZMB,1995.0,1.0,1.0,0.0,1,1,0,0,0.9550458169843115,2.89766889341698,1.6437644754442615,3.3100514933333334
ZMB,1996.0,1.0,1.0,0.0,1,1,0,0,1.1047263216216958,6.21854648894293,1.4773471532156814,3.1400511850000004
ZMB,1997.0,1.0,1.0,0.0,1,1,0,0,0.7105235079526491,3.81400749718355,1.2736611452371562,3.199334816666666
ZMB,1998.0,0.0,0.0,0.0,1,1,0,0,0.7116022037356983,-0.38574614579035,1.0487922754245826,2.626002385
ZMB,1999.0,0.0,0.0,0.0,0,0,0,0,0.7724177486650466,4.6501897463741,1.114583949469785,2.8869701641666663
ZMB,2000.0,0.0,0.0,0.0,0,0,0,0,0.7531473007845817,3.89732294341896,1.1784150728264777,3.1165892308333336
ZMB,2001.0,0.0,0.0,0.0,0,0,0,0,0.6237614211411551,5.31686827418419,1.2572934336785058,2.237447555
ZMB,2002.0,0.0,0.0,0.0,0,0,0,0,0.6488149053464092,4.50601428032604,1.3333955107546829,2.0336032691666666
ZMB,2003.0,0.0,0.0,0.0,0,0,0,0,0.6239977914107517,6.94497398221223,1.406922541131072,1.4457960183333334
ZMB,2004.0,0.0,0.0,0.0,0,0,0,0,0.5122394339493336,7.03239511515218,1.4780542282624856,1.7008579225
ZMB,2005.0,0.0,0.0,0.0,0,0,0,0,0.5246296731464856,7.23559900655543,1.5469517364239906,1.8895054916666665
ZMB,2006.0,0.0,0.0,0.0,0,0,0,0,0.1056674647154726,7.90369444480079,1.2203823867623707,2.2836022075
ZMB,2007.0,0.0,0.0,0.0,0,0,0,0,0.1990358581966383,8.35243624447406,0.8353307571216969,2.0393217333333333
ZMB,2008.0,0.0,0.0,0.0,0,0,0,0,0.2887768683269527,7.77389581542363,0.3634246415335087,1.3017102483333334
ZMB,2009.0,0.0,0.0,0.0,0,0,0,0,0.3322947596086237,9.2203484058663,0.831088418298515,1.0468915
ZMB,2010.0,0.0,0.0,0.0,0,0,0,0,0.07338231866167269,10.2982233241213,1.21329648545319,0.8691600608333333
ZMB,2011.0,0.0,0.0,0.0,0,0,0,0,-0.0733866614027411,5.56925219263019,0.8247088125156683,0.5260605291666667
ZMB,2012.0,0.0,0.0,0.0,0,0,0,0,-0.06191129858126,7.59738104901994,0.34739019634082036,-0.0132494616666666
ZMB,2013.0,0.0,0.0,0.0,0,0,0,0,-0.03140101059555471,5.05753695047252,0.6017454744092317,0.2878436908333333
ZMB,2014.0,0.0,0.0,0.0,0,0,0,0,0.02756782764948858,4.69328316376705,0.8282199919644626,0.61196865
ZMB,2015.0,0.0,0.0,0.0,0,0,0,0,0.16920756043379512,2.92037511217961,1.0326380702540288,0.5890241975
ZWE,1960.0,0.0,0.0,0.0,0,0,0,0,-0.41923268930880514,6.3161572666004,0.8689650073102005,6.9346889958333335
ZWE,1961.0,0.0,0.0,0.0,0,0,0,0,-0.41923268930880514,6.3161572666004,0.8689650073102005,6.9346889958333335
ZWE,1962.0,0.0,0.0,0.0,0,0,0,0,-0.41923268930880514,1.4344708894259,0.8689650073102005,6.9346889958333335
ZWE,1963.0,0.0,0.0,0.0,0,0,0,0,-0.41923268930880514,6.24434450629604,0.8689650073102005,6.9346889958333335
ZWE,1964.0,1.0,0.0,1.0,0,0,0,0,-0.41923268930880514,-1.10617185953048,0.8689650073102005,6.9346889958333335
ZWE,1965.0,1.0,0.0,1.0,1,0,0,1,-0.41923268930880514,4.91057058739648,0.8689650073102005,6.9346889958333335
ZWE,1966.0,1.0,0.0,1.0,1,0,0,1,-0.41923268930880514,1.52313002769391,0.8689650073102005,6.9346889958333335
ZWE,1967.0,1.0,0.0,1.0,1,0,0,1,-0.41923268930880514,8.36700892929179,0.8689650073102005,6.9346889958333335
ZWE,1968.0,1.0,0.0,1.0,1,0,0,1,-0.41923268930880514,1.97013496821758,0.8689650073102005,6.9346889958333335
ZWE,1969.0,1.0,0.0,1.0,1,0,0,1,-0.41923268930880514,12.4282358363658,0.8689650073102005,6.9346889958333335
ZWE,1970.0,1.0,0.0,1.0,1,0,0,1,-0.41923268930880514,22.5651508392827,0.8689650073102005,6.9346889958333335
ZWE,1971.0,1.0,0.0,1.0,1,0,0,1,-0.41923268930880514,8.91758664245974,0.8689650073102005,6.9346889958333335
ZWE,1972.0,1.0,0.0,1.0,1,0,0,1,-0.41923268930880514,8.32977472632579,0.8689650073102005,6.9346889958333335
ZWE,1973.0,1.0,0.0,1.0,1,0,0,1,-0.41923268930880514,2.60471469721666,0.8689650073102005,6.9346889958333335
ZWE,1974.0,1.0,0.0,1.0,1,0,0,1,-0.41923268930880514,6.62515361824849,0.8689650073102005,6.9346889958333335
ZWE,1975.0,1.0,0.0,1.0,1,0,0,1,-0.41923268930880514,-1.93122323911253,0.8689650073102005,6.9346889958333335
ZWE,1976.0,1.0,0.0,1.0,1,0,0,1,-0.41923268930880514,0.464838905905296,0.8689650073102005,6.9346889958333335
ZWE,1977.0,1.0,0.0,1.0,1,0,0,1,-0.41923268930880514,-6.86070319418188,0.8689650073102005,6.9346889958333335
ZWE,1978.0,1.0,0.0,1.0,1,0,0,1,-0.41923268930880514,-2.70692248428711,0.8689650073102005,6.9346889958333335
ZWE,1979.0,1.0,0.0,1.0,1,0,0,1,-0.41923268930880514,3.29703539947116,0.8689650073102005,6.9346889958333335
ZWE,1980.0,0.0,0.0,0.0,1,0,0,1,-0.41923268930880514,14.420683908318,0.8689650073102005,6.9346889958333335
ZWE,1981.0,0.0,0.0,0.0,0,0,0,0,-0.41923268930880514,12.5254248524607,0.8689650073102005,6.9346889958333335
ZWE,1982.0,0.0,0.0,0.0,0,0,0,0,-0.41923268930880514,2.6342971465491,0.8689650073102005,6.9346889958333335
ZWE,1983.0,0.0,0.0,0.0,0,0,0,0,-0.41923268930880514,1.5853054617689,0.7525610016038294,5.888257380833333
ZWE,1984.0,0.0,0.0,0.0,0,0,0,0,-0.41923268930880514,-1.9073601101602,0.6292916725081329,6.6373992375
ZWE,1985.0,0.0,0.0,0.0,0,0,0,0,-0.41923268930880514,6.94438776760782,0.4982266942614122,5.660392525833333
ZWE,1986.0,0.0,0.0,0.0,0,0,0,0,-0.41923268930880514,2.09902912557894,0.3582272940634092,4.048303089166667
ZWE,1987.0,0.0,0.0,0.0,0,0,0,0,-0.41923268930880514,1.1507372027161,0.20787794315111474,4.218014031666667
ZWE,1988.0,0.0,0.0,0.0,0,0,0,0,-0.41923268930880514,7.55237451045024,0.13831690978896533,4.452901190833333
ZWE,1989.0,0.0,0.0,0.0,0,0,0,0,-0.41923268930880514,5.199766444125,0.06625383201051332,4.4047298725
ZWE,1990.0,0.0,0.0,0.0,0,0,0,0,-0.41923268930880514,6.98855293279334,-0.008512339430889374,4.3208969375
ZWE,1991.0,0.0,0.0,0.0,0,0,0,0,-0.41923268930880514,5.53179037448064,-0.08620853475292978,3.9339278958333335
ZWE,1992.0,0.0,0.0,0.0,0,0,0,0,-0.41923268930880514,-9.01556538665926,-0.1670922666929269,3.38244437
ZWE,1993.0,0.0,0.0,0.0,0,0,0,0,-0.41923268930880514,1.05137020092701,-0.2514574595989858,2.7144275875
ZWE,1994.0,1.0,1.0,0.0,0,0,0,0,-0.41923268930880514,9.23523568054674,-0.3396417488786895,3.5351682466666667
ZWE,1995.0,1.0,1.0,0.0,1,1,0,0,-0.41923268930880514,0.158034828064515,-0.16127374803115926,3.3100514933333334
ZWE,1996.0,1.0,1.0,0.0,1,1,0,0,-0.41923268930880514,10.3607384594087,0.0022122967754325154,3.1400511850000004
ZWE,1997.0,1.0,1.0,0.0,1,1,0,0,-0.41923268930880514,2.68054632259202,0.15324623587039335,3.199334816666666
ZWE,1998.0,1.0,1.0,0.0,1,1,0,0,-0.41923268930880514,2.88529516415583,0.04749045729738019,2.626002385
ZWE,1999.0,1.0,1.0,1.0,1,1,0,0,-0.41923268930880514,-0.817895267295725,-0.06420046955231609,2.8869701641666663
ZWE,2000.0,1.0,1.0,1.0,1,1,0,1,-0.41923268930880514,-3.05911780575599,-0.14541641637741476,3.1165892308333336
ZWE,2001.0,1.0,1.0,1.0,1,1,0,1,-0.41923268930880514,1.43951727721958,-0.2301373716140732,2.237447555
ZWE,2002.0,1.0,1.0,1.0,1,1,0,1,-0.41923268930880514,-8.89401285792752,-0.31870420066142546,2.0336032691666666
ZWE,2003.0,1.0,1.0,1.0,1,1,0,1,-0.41923268930880514,-16.9950733355763,-0.4115113848826375,1.4457960183333334
ZWE,2004.0,1.0,1.0,1.0,1,1,0,1,-0.41923268930880514,-5.80753964196205,-0.5090190490609171,1.7008579225
ZWE,2005.0,1.0,1.0,1.0,1,1,0,1,-0.41923268930880514,-5.71112541241364,-0.46610101428904677,1.8895054916666665
ZWE,2006.0,1.0,1.0,1.0,1,1,0,1,-0.41923268930880514,-3.46140290336963,-0.42412234952910993,2.2836022075
ZWE,2007.0,1.0,1.0,1.0,1,1,0,1,-0.41923268930880514,-3.653250914872,-0.3830400885582303,2.0393217333333333
ZWE,2008.0,1.0,1.0,1.0,1,1,0,1,-0.41923268930880514,-17.6689987958491,-0.34281420654278194,1.3017102483333334
ZWE,2009.0,1.0,0.0,1.0,1,1,0,1,-0.41923268930880514,13.2720546167979,-0.30340735495263443,1.0468915
ZWE,2010.0,1.0,0.0,1.0,1,0,0,1,-0.41923268930880514,19.6754077019323,-0.26478462584804896,0.8691600608333333
ZWE,2011.0,1.0,0.0,1.0,1,0,0,1,-0.36224533740550535,14.1939156801139,-0.22691334170412022,0.5260605291666667
ZWE,2012.0,1.0,0.0,1.0,1,0,0,1,-0.3311743905978659,16.6654290410337,-0.28080399380873067,-0.0132494616666666
ZWE,2013.0,1.0,0.0,1.0,1,0,0,1,-0.6419100148089981,1.98948554025198,-0.33623105985904667,0.2878436908333333
ZWE,2014.0,1.0,0.0,1.0,1,0,0,1,-1.2039079354775712,2.37698561663417,-0.3932915266248202,0.61196865
ZWE,2015.0,1.0,0.0,1.0,1,0,0,1,-3.2769925576623,1.77985356392176,-0.3932915266248202,0.5890241975
